Date,REFCPINSA,REFCPISA,SAFactor,MMDD,maxREFCPI
2026-11-01,334.98,334.131,1.00254,M1101,2026-11-01
2026-10-31,334.94574,334.08848,1.00257,M1031,2026-11-01
2026-10-30,334.91148,334.04597,1.00259,M1030,2026-11-01
2026-10-29,334.87723,334.00345,1.00262,M1029,2026-11-01
2026-10-28,334.84297,333.96094,1.00264,M1028,2026-11-01
2026-10-27,334.80871,333.91842,1.00267,M1027,2026-11-01
2026-10-26,334.77445,333.8759,1.00269,M1026,2026-11-01
2026-10-25,334.74019,333.83339,1.00272,M1025,2026-11-01
2026-10-24,334.70594,333.79087,1.00274,M1024,2026-11-01
2026-10-23,334.67168,333.74835,1.00277,M1023,2026-11-01
2026-10-22,334.63742,333.70584,1.00279,M1022,2026-11-01
2026-10-21,334.60316,333.66332,1.00282,M1021,2026-11-01
2026-10-20,334.5689,333.62081,1.00284,M1020,2026-11-01
2026-10-19,334.53465,333.57829,1.00287,M1019,2026-11-01
2026-10-18,334.50039,333.53577,1.00289,M1018,2026-11-01
2026-10-17,334.46613,333.49326,1.00292,M1017,2026-11-01
2026-10-16,334.43187,333.45074,1.00294,M1016,2026-11-01
2026-10-15,334.39761,333.40823,1.00297,M1015,2026-11-01
2026-10-14,334.36335,333.36571,1.00299,M1014,2026-11-01
2026-10-13,334.3291,333.32319,1.00302,M1013,2026-11-01
2026-10-12,334.29484,333.28068,1.00304,M1012,2026-11-01
2026-10-11,334.26058,333.23816,1.00307,M1011,2026-11-01
2026-10-10,334.22632,333.19565,1.00309,M1010,2026-11-01
2026-10-09,334.19206,333.15313,1.00312,M1009,2026-11-01
2026-10-08,334.15781,333.11061,1.00314,M1008,2026-11-01
2026-10-07,334.12355,333.0681,1.00317,M1007,2026-11-01
2026-10-06,334.08929,333.02558,1.00319,M1006,2026-11-01
2026-10-05,334.05503,332.98306,1.00322,M1005,2026-11-01
2026-10-04,334.02077,332.94055,1.00324,M1004,2026-11-01
2026-10-03,333.98652,332.89803,1.00327,M1003,2026-11-01
2026-10-02,333.95226,332.85552,1.00329,M1002,2026-11-01
2026-10-01,333.918,332.813,1.00332,M1001,2026-11-01
2026-09-30,333.91913,332.80483,1.00335,M0930,2026-11-01
2026-09-29,333.92027,332.79667,1.00338,M0929,2026-11-01
2026-09-28,333.9214,332.7885,1.0034,M0928,2026-11-01
2026-09-27,333.92253,332.78033,1.00343,M0927,2026-11-01
2026-09-26,333.92367,332.77217,1.00346,M0926,2026-11-01
2026-09-25,333.9248,332.764,1.00349,M0925,2026-11-01
2026-09-24,333.92593,332.75583,1.00352,M0924,2026-11-01
2026-09-23,333.92707,332.74767,1.00354,M0923,2026-11-01
2026-09-22,333.9282,332.7395,1.00357,M0922,2026-11-01
2026-09-21,333.92933,332.73133,1.0036,M0921,2026-11-01
2026-09-20,333.93047,332.72317,1.00363,M0920,2026-11-01
2026-09-19,333.9316,332.715,1.00366,M0919,2026-11-01
2026-09-18,333.93273,332.70683,1.00368,M0918,2026-11-01
2026-09-17,333.93387,332.69867,1.00371,M0917,2026-11-01
2026-09-16,333.935,332.6905,1.00374,M0916,2026-11-01
2026-09-15,333.93613,332.68233,1.00377,M0915,2026-11-01
2026-09-14,333.93727,332.67417,1.0038,M0914,2026-11-01
2026-09-13,333.9384,332.666,1.00382,M0913,2026-11-01
2026-09-12,333.93953,332.65783,1.00385,M0912,2026-11-01
2026-09-11,333.94067,332.64967,1.00388,M0911,2026-11-01
2026-09-10,333.9418,332.6415,1.00391,M0910,2026-10-01
2026-09-09,333.94293,332.63333,1.00394,M0909,2026-10-01
2026-09-08,333.94407,332.62517,1.00397,M0908,2026-10-01
2026-09-07,333.9452,332.617,1.00399,M0907,2026-10-01
2026-09-06,333.94633,332.60883,1.00402,M0906,2026-10-01
2026-09-05,333.94747,332.60067,1.00405,M0905,2026-10-01
2026-09-04,333.9486,332.5925,1.00408,M0904,2026-10-01
2026-09-03,333.94973,332.58433,1.00411,M0903,2026-10-01
2026-09-02,333.95087,332.57617,1.00413,M0902,2026-10-01
2026-09-01,333.952,332.568,1.00416,M0901,2026-10-01
2026-08-31,333.98977,332.61352,1.00414,M0831,2026-10-01
2026-08-30,334.02755,332.65903,1.00411,M0830,2026-10-01
2026-08-29,334.06532,332.70455,1.00409,M0829,2026-10-01
2026-08-28,334.1031,332.75006,1.00407,M0828,2026-10-01
2026-08-27,334.14087,332.79558,1.00404,M0827,2026-10-01
2026-08-26,334.17865,332.8411,1.00402,M0826,2026-10-01
2026-08-25,334.21642,332.88661,1.00399,M0825,2026-10-01
2026-08-24,334.25419,332.93213,1.00397,M0824,2026-10-01
2026-08-23,334.29197,332.97765,1.00395,M0823,2026-10-01
2026-08-22,334.32974,333.02316,1.00392,M0822,2026-10-01
2026-08-21,334.36752,333.06868,1.0039,M0821,2026-10-01
2026-08-20,334.40529,333.11419,1.00388,M0820,2026-10-01
2026-08-19,334.44306,333.15971,1.00385,M0819,2026-10-01
2026-08-18,334.48084,333.20523,1.00383,M0818,2026-10-01
2026-08-17,334.51861,333.25074,1.0038,M0817,2026-10-01
2026-08-16,334.55639,333.29626,1.00378,M0816,2026-10-01
2026-08-15,334.59416,333.34177,1.00376,M0815,2026-10-01
2026-08-14,334.63194,333.38729,1.00373,M0814,2026-10-01
2026-08-13,334.66971,333.43281,1.00371,M0813,2026-10-01
2026-08-12,334.70748,333.47832,1.00369,M0812,2026-10-01
2026-08-11,334.74526,333.52384,1.00366,M0811,2026-09-01
2026-08-10,334.78303,333.56935,1.00364,M0810,2026-09-01
2026-08-09,334.82081,333.61487,1.00361,M0809,2026-09-01
2026-08-08,334.85858,333.66039,1.00359,M0808,2026-09-01
2026-08-07,334.89635,333.7059,1.00357,M0807,2026-09-01
2026-08-06,334.93413,333.75142,1.00354,M0806,2026-09-01
2026-08-05,334.9719,333.79694,1.00352,M0805,2026-09-01
2026-08-04,335.00968,333.84245,1.0035,M0804,2026-09-01
2026-08-03,335.04745,333.88797,1.00347,M0803,2026-09-01
2026-08-02,335.08523,333.93348,1.00345,M0802,2026-09-01
2026-08-01,335.123,333.979,1.00343,M0801,2026-09-01
2026-07-31,335.05516,333.92829,1.00337,M0731,2026-09-01
2026-07-30,334.98732,333.87758,1.00332,M0730,2026-09-01
2026-07-29,334.91948,333.82687,1.00327,M0729,2026-09-01
2026-07-28,334.85165,333.77616,1.00322,M0728,2026-09-01
2026-07-27,334.78381,333.72545,1.00317,M0727,2026-09-01
2026-07-26,334.71597,333.67474,1.00312,M0726,2026-09-01
2026-07-25,334.64813,333.62403,1.00307,M0725,2026-09-01
2026-07-24,334.58029,333.57332,1.00302,M0724,2026-09-01
2026-07-23,334.51245,333.52261,1.00297,M0723,2026-09-01
2026-07-22,334.44461,333.4719,1.00292,M0722,2026-09-01
2026-07-21,334.37677,333.42119,1.00287,M0721,2026-09-01
2026-07-20,334.30894,333.37048,1.00282,M0720,2026-09-01
2026-07-19,334.2411,333.31977,1.00276,M0719,2026-09-01
2026-07-18,334.17326,333.26906,1.00271,M0718,2026-09-01
2026-07-17,334.10542,333.21835,1.00266,M0717,2026-09-01
2026-07-16,334.03758,333.16765,1.00261,M0716,2026-09-01
2026-07-15,333.96974,333.11694,1.00256,M0715,2026-09-01
2026-07-14,333.9019,333.06623,1.00251,M0714,2026-09-01
2026-07-13,333.83406,333.01552,1.00246,M0713,2026-08-01
2026-07-12,333.76623,332.96481,1.00241,M0712,2026-08-01
2026-07-11,333.69839,332.9141,1.00236,M0711,2026-08-01
2026-07-10,333.63055,332.86339,1.0023,M0710,2026-08-01
2026-07-09,333.56271,332.81268,1.00225,M0709,2026-08-01
2026-07-08,333.49487,332.76197,1.0022,M0708,2026-08-01
2026-07-07,333.42703,332.71126,1.00215,M0707,2026-08-01
2026-07-06,333.35919,332.66055,1.0021,M0706,2026-08-01
2026-07-05,333.29135,332.60984,1.00205,M0705,2026-08-01
2026-07-04,333.22352,332.55913,1.002,M0704,2026-08-01
2026-07-03,333.15568,332.50842,1.00195,M0703,2026-08-01
2026-07-02,333.08784,332.45771,1.0019,M0702,2026-08-01
2026-07-01,333.02,332.407,1.00184,M0701,2026-08-01
2026-06-30,332.92643,332.33653,1.00178,M0630,2026-08-01
2026-06-29,332.83287,332.26607,1.00171,M0629,2026-08-01
2026-06-28,332.7393,332.1956,1.00164,M0628,2026-08-01
2026-06-27,332.64573,332.12513,1.00157,M0627,2026-08-01
2026-06-26,332.55217,332.05467,1.0015,M0626,2026-08-01
2026-06-25,332.4586,331.9842,1.00143,M0625,2026-08-01
2026-06-24,332.36503,331.91373,1.00136,M0624,2026-08-01
2026-06-23,332.27147,331.84327,1.00129,M0623,2026-08-01
2026-06-22,332.1779,331.7728,1.00122,M0622,2026-08-01
2026-06-21,332.08433,331.70233,1.00115,M0621,2026-08-01
2026-06-20,331.99077,331.63187,1.00108,M0620,2026-08-01
2026-06-19,331.8972,331.5614,1.00101,M0619,2026-08-01
2026-06-18,331.80363,331.49093,1.00094,M0618,2026-08-01
2026-06-17,331.71007,331.42047,1.00087,M0617,2026-08-01
2026-06-16,331.6165,331.35,1.0008,M0616,2026-08-01
2026-06-15,331.52293,331.27953,1.00073,M0615,2026-08-01
2026-06-14,331.42937,331.20907,1.00067,M0614,2026-08-01
2026-06-13,331.3358,331.1386,1.0006,M0613,2026-08-01
2026-06-12,331.24223,331.06813,1.00053,M0612,2026-08-01
2026-06-11,331.14867,330.99767,1.00046,M0611,2026-08-01
2026-06-10,331.0551,330.9272,1.00039,M0610,2026-08-01
2026-06-09,330.96153,330.85673,1.00032,M0609,2026-07-01
2026-06-08,330.86797,330.78627,1.00025,M0608,2026-07-01
2026-06-07,330.7744,330.7158,1.00018,M0607,2026-07-01
2026-06-06,330.68083,330.64533,1.00011,M0606,2026-07-01
2026-06-05,330.58727,330.57487,1.00004,M0605,2026-07-01
2026-06-04,330.4937,330.5044,0.99997,M0604,2026-07-01
2026-06-03,330.40013,330.43393,0.9999,M0603,2026-07-01
2026-06-02,330.30657,330.36347,0.99983,M0602,2026-07-01
2026-06-01,330.213,330.293,0.99976,M0601,2026-07-01
2026-05-31,330.10242,330.20161,0.9997,M0531,2026-07-01
2026-05-30,329.99184,330.11023,0.99964,M0530,2026-07-01
2026-05-29,329.88126,330.01884,0.99958,M0529,2026-07-01
2026-05-28,329.77068,329.92745,0.99952,M0528,2026-07-01
2026-05-27,329.6601,329.83606,0.99947,M0527,2026-07-01
2026-05-26,329.54952,329.74468,0.99941,M0526,2026-07-01
2026-05-25,329.43894,329.65329,0.99935,M0525,2026-07-01
2026-05-24,329.32835,329.5619,0.99929,M0524,2026-07-01
2026-05-23,329.21777,329.47052,0.99923,M0523,2026-07-01
2026-05-22,329.10719,329.37913,0.99917,M0522,2026-07-01
2026-05-21,328.99661,329.28774,0.99912,M0521,2026-07-01
2026-05-20,328.88603,329.19635,0.99906,M0520,2026-07-01
2026-05-19,328.77545,329.10497,0.999,M0519,2026-07-01
2026-05-18,328.66487,329.01358,0.99894,M0518,2026-07-01
2026-05-17,328.55429,328.92219,0.99888,M0517,2026-07-01
2026-05-16,328.44371,328.83081,0.99882,M0516,2026-07-01
2026-05-15,328.33313,328.73942,0.99876,M0515,2026-07-01
2026-05-14,328.22255,328.64803,0.99871,M0514,2026-07-01
2026-05-13,328.11197,328.55665,0.99865,M0513,2026-07-01
2026-05-12,328.00139,328.46526,0.99859,M0512,2026-07-01
2026-05-11,327.89081,328.37387,0.99853,M0511,2026-06-01
2026-05-10,327.78023,328.28248,0.99847,M0510,2026-06-01
2026-05-09,327.66965,328.1911,0.99841,M0509,2026-06-01
2026-05-08,327.55906,328.09971,0.99835,M0508,2026-06-01
2026-05-07,327.44848,328.00832,0.99829,M0507,2026-06-01
2026-05-06,327.3379,327.91694,0.99823,M0506,2026-06-01
2026-05-05,327.22732,327.82555,0.99818,M0505,2026-06-01
2026-05-04,327.11674,327.73416,0.99812,M0504,2026-06-01
2026-05-03,327.00616,327.64277,0.99806,M0503,2026-06-01
2026-05-02,326.89558,327.55139,0.998,M0502,2026-06-01
2026-05-01,326.785,327.46,0.99794,M0501,2026-06-01
2026-04-30,326.7339,327.43093,0.99787,M0430,2026-06-01
2026-04-29,326.6828,327.40187,0.9978,M0429,2026-06-01
2026-04-28,326.6317,327.3728,0.99774,M0428,2026-06-01
2026-04-27,326.5806,327.34373,0.99767,M0427,2026-06-01
2026-04-26,326.5295,327.31467,0.9976,M0426,2026-06-01
2026-04-25,326.4784,327.2856,0.99753,M0425,2026-06-01
2026-04-24,326.4273,327.25653,0.99747,M0424,2026-06-01
2026-04-23,326.3762,327.22747,0.9974,M0423,2026-06-01
2026-04-22,326.3251,327.1984,0.99733,M0422,2026-06-01
2026-04-21,326.274,327.16933,0.99726,M0421,2026-06-01
2026-04-20,326.2229,327.14027,0.9972,M0420,2026-06-01
2026-04-19,326.1718,327.1112,0.99713,M0419,2026-06-01
2026-04-18,326.1207,327.08213,0.99706,M0418,2026-06-01
2026-04-17,326.0696,327.05307,0.99699,M0417,2026-06-01
2026-04-16,326.0185,327.024,0.99693,M0416,2026-06-01
2026-04-15,325.9674,326.99493,0.99686,M0415,2026-06-01
2026-04-14,325.9163,326.96587,0.99679,M0414,2026-06-01
2026-04-13,325.8652,326.9368,0.99672,M0413,2026-06-01
2026-04-12,325.8141,326.90773,0.99665,M0412,2026-06-01
2026-04-11,325.763,326.87867,0.99659,M0411,2026-06-01
2026-04-10,325.7119,326.8496,0.99652,M0410,2026-06-01
2026-04-09,325.6608,326.82053,0.99645,M0409,2026-05-01
2026-04-08,325.6097,326.79147,0.99638,M0408,2026-05-01
2026-04-07,325.5586,326.7624,0.99632,M0407,2026-05-01
2026-04-06,325.5075,326.73333,0.99625,M0406,2026-05-01
2026-04-05,325.4564,326.70427,0.99618,M0405,2026-05-01
2026-04-04,325.4053,326.6752,0.99611,M0404,2026-05-01
2026-04-03,325.3542,326.64613,0.99604,M0403,2026-05-01
2026-04-02,325.3031,326.61707,0.99598,M0402,2026-05-01
2026-04-01,325.252,326.588,0.99591,M0401,2026-05-01
2026-03-31,325.21335,326.57003,0.99585,M0331,2026-05-01
2026-03-30,325.17471,326.55206,0.99578,M0330,2026-05-01
2026-03-29,325.13606,326.5341,0.99572,M0329,2026-05-01
2026-03-28,325.09742,326.51613,0.99566,M0328,2026-05-01
2026-03-27,325.05877,326.49816,0.99559,M0327,2026-05-01
2026-03-26,325.02013,326.48019,0.99553,M0326,2026-05-01
2026-03-25,324.98148,326.46223,0.99546,M0325,2026-05-01
2026-03-24,324.94284,326.44426,0.9954,M0324,2026-05-01
2026-03-23,324.90419,326.42629,0.99534,M0323,2026-05-01
2026-03-22,324.86555,326.40832,0.99527,M0322,2026-05-01
2026-03-21,324.8269,326.39035,0.99521,M0321,2026-05-01
2026-03-20,324.78826,326.37239,0.99515,M0320,2026-05-01
2026-03-19,324.74961,326.35442,0.99508,M0319,2026-05-01
2026-03-18,324.71097,326.33645,0.99502,M0318,2026-05-01
2026-03-17,324.67232,326.31848,0.99496,M0317,2026-05-01
2026-03-16,324.63368,326.30052,0.99489,M0316,2026-05-01
2026-03-15,324.59503,326.28255,0.99483,M0315,2026-05-01
2026-03-14,324.55639,326.26458,0.99476,M0314,2026-05-01
2026-03-13,324.51774,326.24661,0.9947,M0313,2026-05-01
2026-03-12,324.4791,326.22865,0.99464,M0312,2026-05-01
2026-03-11,324.44045,326.21068,0.99457,M0311,2026-05-01
2026-03-10,324.40181,326.19271,0.99451,M0310,2026-04-01
2026-03-09,324.36316,326.17474,0.99445,M0309,2026-04-01
2026-03-08,324.32452,326.15677,0.99438,M0308,2026-04-01
2026-03-07,324.28587,326.13881,0.99432,M0307,2026-04-01
2026-03-06,324.24723,326.12084,0.99425,M0306,2026-04-01
2026-03-05,324.20858,326.10287,0.99419,M0305,2026-04-01
2026-03-04,324.16994,326.0849,0.99413,M0304,2026-04-01
2026-03-03,324.13129,326.06694,0.99406,M0303,2026-04-01
2026-03-02,324.09265,326.04897,0.994,M0302,2026-04-01
2026-03-01,324.054,326.031,0.99394,M0301,2026-04-01
2026-02-28,324.05643,325.99643,0.99405,M0228,2026-04-01
2026-02-27,324.05886,325.96186,0.99416,M0227,2026-04-01
2026-02-26,324.06129,325.92729,0.99427,M0226,2026-04-01
2026-02-25,324.06371,325.89271,0.99439,M0225,2026-04-01
2026-02-24,324.06614,325.85814,0.9945,M0224,2026-04-01
2026-02-23,324.06857,325.82357,0.99461,M0223,2026-04-01
2026-02-22,324.071,325.789,0.99473,M0222,2026-04-01
2026-02-21,324.07343,325.75443,0.99484,M0221,2026-04-01
2026-02-20,324.07586,325.71986,0.99495,M0220,2026-04-01
2026-02-19,324.07829,325.68529,0.99507,M0219,2026-04-01
2026-02-18,324.08071,325.65071,0.99518,M0218,2026-04-01
2026-02-17,324.08314,325.61614,0.99529,M0217,2026-04-01
2026-02-16,324.08557,325.58157,0.99541,M0216,2026-04-01
2026-02-15,324.088,325.547,0.99552,M0215,2026-04-01
2026-02-14,324.09043,325.51243,0.99563,M0214,2026-04-01
2026-02-13,324.09286,325.47786,0.99574,M0213,2026-04-01
2026-02-12,324.09529,325.44329,0.99586,M0212,2026-03-01
2026-02-11,324.09771,325.40871,0.99597,M0211,2026-03-01
2026-02-10,324.10014,325.37414,0.99608,M0210,2026-03-01
2026-02-09,324.10257,325.33957,0.9962,M0209,2026-03-01
2026-02-08,324.105,325.305,0.99631,M0208,2026-03-01
2026-02-07,324.10743,325.27043,0.99642,M0207,2026-03-01
2026-02-06,324.10986,325.23586,0.99654,M0206,2026-03-01
2026-02-05,324.11229,325.20129,0.99665,M0205,2026-03-01
2026-02-04,324.11471,325.16671,0.99676,M0204,2026-03-01
2026-02-03,324.11714,325.13214,0.99688,M0203,2026-03-01
2026-02-02,324.11957,325.09757,0.99699,M0202,2026-03-01
2026-02-01,324.122,325.063,0.99711,M0201,2026-03-01
2026-01-31,324.16981,325.07874,0.9972,M0131,2026-03-01
2026-01-30,324.21761,325.09448,0.9973,M0130,2026-03-01
2026-01-29,324.26542,325.11023,0.9974,M0129,2026-03-01
2026-01-28,324.31323,325.12597,0.9975,M0128,2026-03-01
2026-01-27,324.36103,325.14171,0.9976,M0127,2026-03-01
2026-01-26,324.40884,325.15745,0.9977,M0126,2026-03-01
2026-01-25,324.45665,325.17319,0.9978,M0125,2026-03-01
2026-01-24,324.50445,325.18894,0.9979,M0124,2026-03-01
2026-01-23,324.55226,325.20468,0.99799,M0123,2026-03-01
2026-01-22,324.60006,325.22042,0.99809,M0122,2026-03-01
2026-01-21,324.64787,325.23616,0.99819,M0121,2026-03-01
2026-01-20,324.69568,325.2519,0.99829,M0120,2026-03-01
2026-01-19,324.74348,325.26765,0.99839,M0119,2026-03-01
2026-01-18,324.79129,325.28339,0.99849,M0118,2026-03-01
2026-01-17,324.8391,325.29913,0.99859,M0117,2026-03-01
2026-01-16,324.8869,325.31487,0.99868,M0116,2026-03-01
2026-01-15,324.93471,325.33061,0.99878,M0115,2026-03-01
2026-01-14,324.98252,325.34635,0.99888,M0114,2026-03-01
2026-01-13,325.03032,325.3621,0.99898,M0113,2026-03-01
2026-01-12,325.07813,325.37784,0.99908,M0112,2026-02-01
2026-01-11,325.12594,325.39358,0.99918,M0111,2026-02-01
2026-01-10,325.17374,325.40932,0.99928,M0110,2026-02-01
2026-01-09,325.22155,325.42506,0.99937,M0109,2026-02-01
2026-01-08,325.26935,325.44081,0.99947,M0108,2026-02-01
2026-01-07,325.31716,325.45655,0.99957,M0107,2026-02-01
2026-01-06,325.36497,325.47229,0.99967,M0106,2026-02-01
2026-01-05,325.41277,325.48803,0.99977,M0105,2026-02-01
2026-01-04,325.46058,325.50377,0.99987,M0104,2026-02-01
2026-01-03,325.50839,325.51952,0.99997,M0103,2026-02-01
2026-01-02,325.55619,325.53526,1.00006,M0102,2026-02-01
2026-01-01,325.604,325.551,1.00016,M0101,2026-02-01
2025-12-31,325.57806,325.50887,1.00021,M1231,2026-02-01
2025-12-30,325.55213,325.46674,1.00026,M1230,2026-02-01
2025-12-29,325.52619,325.42461,1.00031,M1229,2026-02-01
2025-12-28,325.50026,325.38248,1.00036,M1228,2026-02-01
2025-12-27,325.47432,325.34035,1.00041,M1227,2026-02-01
2025-12-26,325.44839,325.29823,1.00046,M1226,2026-02-01
2025-12-25,325.42245,325.2561,1.00051,M1225,2026-02-01
2025-12-24,325.39652,325.21397,1.00056,M1224,2026-02-01
2025-12-23,325.37058,325.17184,1.00061,M1223,2026-02-01
2025-12-22,325.34465,325.12971,1.00066,M1222,2026-02-01
2025-12-21,325.31871,325.08758,1.00071,M1221,2026-02-01
2025-12-20,325.29277,325.04545,1.00076,M1220,2026-02-01
2025-12-19,325.26684,325.00332,1.00081,M1219,2026-02-01
2025-12-18,325.2409,324.96119,1.00086,M1218,2026-02-01
2025-12-17,325.21497,324.91906,1.00091,M1217,2025-12-01
2025-12-16,325.18903,324.87694,1.00096,M1216,2025-12-01
2025-12-15,325.1631,324.83481,1.00101,M1215,2025-12-01
2025-12-14,325.13716,324.79268,1.00106,M1214,2025-12-01
2025-12-13,325.11123,324.75055,1.00111,M1213,2025-12-01
2025-12-12,325.08529,324.70842,1.00116,M1212,2025-12-01
2025-12-11,325.05935,324.66629,1.00121,M1211,2025-12-01
2025-12-10,325.03342,324.62416,1.00126,M1210,2025-12-01
2025-12-09,325.00748,324.58203,1.00131,M1209,2025-12-01
2025-12-08,324.98155,324.5399,1.00136,M1208,2025-12-01
2025-12-07,324.95561,324.49777,1.00141,M1207,2025-12-01
2025-12-06,324.92968,324.45565,1.00146,M1206,2025-12-01
2025-12-05,324.90374,324.41352,1.00151,M1205,2025-12-01
2025-12-04,324.87781,324.37139,1.00156,M1204,2025-12-01
2025-12-03,324.85187,324.32926,1.00161,M1203,2025-12-01
2025-12-02,324.82594,324.28713,1.00166,M1202,2025-12-01
2025-12-01,324.8,324.245,1.00171,M1201,2025-12-01
2025-11-30,324.77253,324.2132,1.00173,M1130,2025-12-01
2025-11-29,324.74507,324.1814,1.00174,M1129,2025-12-01
2025-11-28,324.7176,324.1496,1.00175,M1128,2025-12-01
2025-11-27,324.69013,324.1178,1.00177,M1127,2025-12-01
2025-11-26,324.66267,324.086,1.00178,M1126,2025-12-01
2025-11-25,324.6352,324.0542,1.00179,M1125,2025-12-01
2025-11-24,324.60773,324.0224,1.00181,M1124,2025-12-01
2025-11-23,324.58027,323.9906,1.00182,M1123,2025-12-01
2025-11-22,324.5528,323.9588,1.00183,M1122,2025-12-01
2025-11-21,324.52533,323.927,1.00185,M1121,2025-12-01
2025-11-20,324.49787,323.8952,1.00186,M1120,2025-12-01
2025-11-19,324.4704,323.8634,1.00187,M1119,2025-12-01
2025-11-18,324.44293,323.8316,1.00189,M1118,2025-12-01
2025-11-17,324.41547,323.7998,1.0019,M1117,2025-12-01
2025-11-16,324.388,323.768,1.00191,M1116,2025-12-01
2025-11-15,324.36053,323.7362,1.00193,M1115,2025-12-01
2025-11-14,324.33307,323.7044,1.00194,M1114,2025-12-01
2025-11-13,324.3056,323.6726,1.00196,M1113,2025-12-01
2025-11-12,324.27813,323.6408,1.00197,M1112,2025-12-01
2025-11-11,324.25067,323.609,1.00198,M1111,2025-12-01
2025-11-10,324.2232,323.5772,1.002,M1110,2025-12-01
2025-11-09,324.19573,323.5454,1.00201,M1109,2025-12-01
2025-11-08,324.16827,323.5136,1.00202,M1108,2025-12-01
2025-11-07,324.1408,323.4818,1.00204,M1107,2025-12-01
2025-11-06,324.11333,323.45,1.00205,M1106,2025-12-01
2025-11-05,324.08587,323.4182,1.00206,M1105,2025-12-01
2025-11-04,324.0584,323.3864,1.00208,M1104,2025-12-01
2025-11-03,324.03093,323.3546,1.00209,M1103,2025-12-01
2025-11-02,324.00347,323.3228,1.00211,M1102,2025-12-01
2025-11-01,323.976,323.291,1.00212,M1101,2025-12-01
2025-10-31,323.94606,323.25481,1.00214,M1031,2025-12-01
2025-10-30,323.91613,323.21861,1.00216,M1030,2025-12-01
2025-10-29,323.88619,323.18242,1.00218,M1029,2025-12-01
2025-10-28,323.85626,323.14623,1.0022,M1028,2025-12-01
2025-10-27,323.82632,323.11003,1.00222,M1027,2025-12-01
2025-10-26,323.79639,323.07384,1.00224,M1026,2025-12-01
2025-10-25,323.76645,323.03765,1.00226,M1025,2025-12-01
2025-10-24,323.73652,323.00145,1.00228,M1024,2025-12-01
2025-10-23,323.70658,322.96526,1.0023,M1023,2025-11-01
2025-10-22,323.67665,322.92906,1.00231,M1022,2025-11-01
2025-10-21,323.64671,322.89287,1.00233,M1021,2025-11-01
2025-10-20,323.61677,322.85668,1.00235,M1020,2025-11-01
2025-10-19,323.58684,322.82048,1.00237,M1019,2025-11-01
2025-10-18,323.5569,322.78429,1.00239,M1018,2025-11-01
2025-10-17,323.52697,322.7481,1.00241,M1017,2025-11-01
2025-10-16,323.49703,322.7119,1.00243,M1016,2025-11-01
2025-10-15,323.4671,322.67571,1.00245,M1015,2025-11-01
2025-10-14,323.43716,322.63952,1.00247,M1014,2025-11-01
2025-10-13,323.40723,322.60332,1.00249,M1013,2025-11-01
2025-10-12,323.37729,322.56713,1.00251,M1012,2025-11-01
2025-10-11,323.34735,322.53094,1.00253,M1011,2025-11-01
2025-10-10,323.31742,322.49474,1.00255,M1010,2025-11-01
2025-10-09,323.28748,322.45855,1.00257,M1009,2025-11-01
2025-10-08,323.25755,322.42235,1.00259,M1008,2025-11-01
2025-10-07,323.22761,322.38616,1.00261,M1007,2025-11-01
2025-10-06,323.19768,322.34997,1.00263,M1006,2025-11-01
2025-10-05,323.16774,322.31377,1.00265,M1005,2025-11-01
2025-10-04,323.13781,322.27758,1.00267,M1004,2025-11-01
2025-10-03,323.10787,322.24139,1.00269,M1003,2025-11-01
2025-10-02,323.07794,322.20519,1.00271,M1002,2025-11-01
2025-10-01,323.048,322.169,1.00273,M1001,2025-11-01
2025-09-30,323.03177,322.14453,1.00275,M0930,2025-11-01
2025-09-29,323.01553,322.12007,1.00278,M0929,2025-11-01
2025-09-28,322.9993,322.0956,1.00281,M0928,2025-11-01
2025-09-27,322.98307,322.07113,1.00283,M0927,2025-11-01
2025-09-26,322.96683,322.04667,1.00286,M0926,2025-11-01
2025-09-25,322.9506,322.0222,1.00288,M0925,2025-11-01
2025-09-24,322.93437,321.99773,1.00291,M0924,2025-11-01
2025-09-23,322.91813,321.97327,1.00293,M0923,2025-11-01
2025-09-22,322.9019,321.9488,1.00296,M0922,2025-11-01
2025-09-21,322.88567,321.92433,1.00299,M0921,2025-11-01
2025-09-20,322.86943,321.89987,1.00301,M0920,2025-11-01
2025-09-19,322.8532,321.8754,1.00304,M0919,2025-11-01
2025-09-18,322.83697,321.85093,1.00306,M0918,2025-11-01
2025-09-17,322.82073,321.82647,1.00309,M0917,2025-11-01
2025-09-16,322.8045,321.802,1.00312,M0916,2025-11-01
2025-09-15,322.78827,321.77753,1.00314,M0915,2025-11-01
2025-09-14,322.77203,321.75307,1.00317,M0914,2025-11-01
2025-09-13,322.7558,321.7286,1.00319,M0913,2025-11-01
2025-09-12,322.73957,321.70413,1.00322,M0912,2025-11-01
2025-09-11,322.72333,321.67967,1.00324,M0911,2025-11-01
2025-09-10,322.7071,321.6552,1.00327,M0910,2025-10-01
2025-09-09,322.69087,321.63073,1.0033,M0909,2025-10-01
2025-09-08,322.67463,321.60627,1.00332,M0908,2025-10-01
2025-09-07,322.6584,321.5818,1.00335,M0907,2025-10-01
2025-09-06,322.64217,321.55733,1.00337,M0906,2025-10-01
2025-09-05,322.62593,321.53287,1.0034,M0905,2025-10-01
2025-09-04,322.6097,321.5084,1.00343,M0904,2025-10-01
2025-09-03,322.59347,321.48393,1.00345,M0903,2025-10-01
2025-09-02,322.57723,321.45947,1.00348,M0902,2025-10-01
2025-09-01,322.561,321.435,1.0035,M0901,2025-10-01
2025-08-31,322.52565,321.40871,1.00348,M0831,2025-10-01
2025-08-30,322.49029,321.38242,1.00345,M0830,2025-10-01
2025-08-29,322.45494,321.35613,1.00342,M0829,2025-10-01
2025-08-28,322.41958,321.32984,1.00339,M0828,2025-10-01
2025-08-27,322.38423,321.30355,1.00336,M0827,2025-10-01
2025-08-26,322.34887,321.27726,1.00334,M0826,2025-10-01
2025-08-25,322.31352,321.25097,1.00331,M0825,2025-10-01
2025-08-24,322.27816,321.22468,1.00328,M0824,2025-10-01
2025-08-23,322.24281,321.19839,1.00325,M0823,2025-10-01
2025-08-22,322.20745,321.1721,1.00322,M0822,2025-10-01
2025-08-21,322.1721,321.14581,1.0032,M0821,2025-10-01
2025-08-20,322.13674,321.11952,1.00317,M0820,2025-10-01
2025-08-19,322.10139,321.09323,1.00314,M0819,2025-10-01
2025-08-18,322.06603,321.06694,1.00311,M0818,2025-10-01
2025-08-17,322.03068,321.04065,1.00308,M0817,2025-10-01
2025-08-16,321.99532,321.01435,1.00306,M0816,2025-10-01
2025-08-15,321.95997,320.98806,1.00303,M0815,2025-10-01
2025-08-14,321.92461,320.96177,1.003,M0814,2025-10-01
2025-08-13,321.88926,320.93548,1.00297,M0813,2025-10-01
2025-08-12,321.8539,320.90919,1.00294,M0812,2025-10-01
2025-08-11,321.81855,320.8829,1.00292,M0811,2025-09-01
2025-08-10,321.78319,320.85661,1.00289,M0810,2025-09-01
2025-08-09,321.74784,320.83032,1.00286,M0809,2025-09-01
2025-08-08,321.71248,320.80403,1.00283,M0808,2025-09-01
2025-08-07,321.67713,320.77774,1.0028,M0807,2025-09-01
2025-08-06,321.64177,320.75145,1.00278,M0806,2025-09-01
2025-08-05,321.60642,320.72516,1.00275,M0805,2025-09-01
2025-08-04,321.57106,320.69887,1.00272,M0804,2025-09-01
2025-08-03,321.53571,320.67258,1.00269,M0803,2025-09-01
2025-08-02,321.50035,320.64629,1.00266,M0802,2025-09-01
2025-08-01,321.465,320.62,1.00264,M0801,2025-09-01
2025-07-31,321.44339,320.60974,1.0026,M0731,2025-09-01
2025-07-30,321.42177,320.59948,1.00256,M0730,2025-09-01
2025-07-29,321.40016,320.58923,1.00253,M0729,2025-09-01
2025-07-28,321.37855,320.57897,1.00249,M0728,2025-09-01
2025-07-27,321.35694,320.56871,1.00246,M0727,2025-09-01
2025-07-26,321.33532,320.55845,1.00242,M0726,2025-09-01
2025-07-25,321.31371,320.54819,1.00239,M0725,2025-09-01
2025-07-24,321.2921,320.53794,1.00235,M0724,2025-09-01
2025-07-23,321.27048,320.52768,1.00232,M0723,2025-09-01
2025-07-22,321.24887,320.51742,1.00228,M0722,2025-09-01
2025-07-21,321.22726,320.50716,1.00225,M0721,2025-09-01
2025-07-20,321.20565,320.4969,1.00221,M0720,2025-09-01
2025-07-19,321.18403,320.48665,1.00218,M0719,2025-09-01
2025-07-18,321.16242,320.47639,1.00214,M0718,2025-09-01
2025-07-17,321.14081,320.46613,1.00211,M0717,2025-09-01
2025-07-16,321.11919,320.45587,1.00207,M0716,2025-09-01
2025-07-15,321.09758,320.44561,1.00203,M0715,2025-09-01
2025-07-14,321.07597,320.43535,1.002,M0714,2025-08-01
2025-07-13,321.05435,320.4251,1.00196,M0713,2025-08-01
2025-07-12,321.03274,320.41484,1.00193,M0712,2025-08-01
2025-07-11,321.01113,320.40458,1.00189,M0711,2025-08-01
2025-07-10,320.98952,320.39432,1.00186,M0710,2025-08-01
2025-07-09,320.9679,320.38406,1.00182,M0709,2025-08-01
2025-07-08,320.94629,320.37381,1.00179,M0708,2025-08-01
2025-07-07,320.92468,320.36355,1.00175,M0707,2025-08-01
2025-07-06,320.90306,320.35329,1.00172,M0706,2025-08-01
2025-07-05,320.88145,320.34303,1.00168,M0705,2025-08-01
2025-07-04,320.85984,320.33277,1.00165,M0704,2025-08-01
2025-07-03,320.83823,320.32252,1.00161,M0703,2025-08-01
2025-07-02,320.81661,320.31226,1.00157,M0702,2025-08-01
2025-07-01,320.795,320.302,1.00154,M0701,2025-08-01
2025-06-30,320.7618,320.28477,1.00149,M0630,2025-08-01
2025-06-29,320.7286,320.26753,1.00144,M0629,2025-08-01
2025-06-28,320.6954,320.2503,1.00139,M0628,2025-08-01
2025-06-27,320.6622,320.23307,1.00134,M0627,2025-08-01
2025-06-26,320.629,320.21583,1.00129,M0626,2025-08-01
2025-06-25,320.5958,320.1986,1.00124,M0625,2025-08-01
2025-06-24,320.5626,320.18137,1.00119,M0624,2025-08-01
2025-06-23,320.5294,320.16413,1.00114,M0623,2025-08-01
2025-06-22,320.4962,320.1469,1.00109,M0622,2025-08-01
2025-06-21,320.463,320.12967,1.00104,M0621,2025-08-01
2025-06-20,320.4298,320.11243,1.00099,M0620,2025-08-01
2025-06-19,320.3966,320.0952,1.00094,M0619,2025-08-01
2025-06-18,320.3634,320.07797,1.00089,M0618,2025-08-01
2025-06-17,320.3302,320.06073,1.00084,M0617,2025-08-01
2025-06-16,320.297,320.0435,1.00079,M0616,2025-08-01
2025-06-15,320.2638,320.02627,1.00074,M0615,2025-08-01
2025-06-14,320.2306,320.00903,1.00069,M0614,2025-08-01
2025-06-13,320.1974,319.9918,1.00064,M0613,2025-08-01
2025-06-12,320.1642,319.97457,1.00059,M0612,2025-08-01
2025-06-11,320.131,319.95733,1.00054,M0611,2025-08-01
2025-06-10,320.0978,319.9401,1.00049,M0610,2025-07-01
2025-06-09,320.0646,319.92287,1.00044,M0609,2025-07-01
2025-06-08,320.0314,319.90563,1.00039,M0608,2025-07-01
2025-06-07,319.9982,319.8884,1.00034,M0607,2025-07-01
2025-06-06,319.965,319.87117,1.00029,M0606,2025-07-01
2025-06-05,319.9318,319.85393,1.00024,M0605,2025-07-01
2025-06-04,319.8986,319.8367,1.00019,M0604,2025-07-01
2025-06-03,319.8654,319.81947,1.00014,M0603,2025-07-01
2025-06-02,319.8322,319.80223,1.00009,M0602,2025-07-01
2025-06-01,319.799,319.785,1.00004,M0601,2025-07-01
2025-05-31,319.77587,319.78158,0.99998,M0531,2025-07-01
2025-05-30,319.75274,319.77816,0.99992,M0530,2025-07-01
2025-05-29,319.72961,319.77474,0.99986,M0529,2025-07-01
2025-05-28,319.70648,319.77132,0.9998,M0528,2025-07-01
2025-05-27,319.68335,319.7679,0.99974,M0527,2025-07-01
2025-05-26,319.66023,319.76448,0.99967,M0526,2025-07-01
2025-05-25,319.6371,319.76106,0.99961,M0525,2025-07-01
2025-05-24,319.61397,319.75765,0.99955,M0524,2025-07-01
2025-05-23,319.59084,319.75423,0.99949,M0523,2025-07-01
2025-05-22,319.56771,319.75081,0.99943,M0522,2025-07-01
2025-05-21,319.54458,319.74739,0.99937,M0521,2025-07-01
2025-05-20,319.52145,319.74397,0.9993,M0520,2025-07-01
2025-05-19,319.49832,319.74055,0.99924,M0519,2025-07-01
2025-05-18,319.47519,319.73713,0.99918,M0518,2025-07-01
2025-05-17,319.45206,319.73371,0.99912,M0517,2025-07-01
2025-05-16,319.42894,319.73029,0.99906,M0516,2025-07-01
2025-05-15,319.40581,319.72687,0.999,M0515,2025-07-01
2025-05-14,319.38268,319.72345,0.99893,M0514,2025-07-01
2025-05-13,319.35955,319.72003,0.99887,M0513,2025-07-01
2025-05-12,319.33642,319.71661,0.99881,M0512,2025-06-01
2025-05-11,319.31329,319.71319,0.99875,M0511,2025-06-01
2025-05-10,319.29016,319.70977,0.99869,M0510,2025-06-01
2025-05-09,319.26703,319.70635,0.99863,M0509,2025-06-01
2025-05-08,319.2439,319.70294,0.99856,M0508,2025-06-01
2025-05-07,319.22077,319.69952,0.9985,M0507,2025-06-01
2025-05-06,319.19765,319.6961,0.99844,M0506,2025-06-01
2025-05-05,319.17452,319.69268,0.99838,M0505,2025-06-01
2025-05-04,319.15139,319.68926,0.99832,M0504,2025-06-01
2025-05-03,319.12826,319.68584,0.99826,M0503,2025-06-01
2025-05-02,319.10513,319.68242,0.99819,M0502,2025-06-01
2025-05-01,319.082,319.679,0.99813,M0501,2025-06-01
2025-04-30,319.03497,319.65507,0.99806,M0430,2025-06-01
2025-04-29,318.98793,319.63113,0.99799,M0429,2025-06-01
2025-04-28,318.9409,319.6072,0.99792,M0428,2025-06-01
2025-04-27,318.89387,319.58327,0.99784,M0427,2025-06-01
2025-04-26,318.84683,319.55933,0.99777,M0426,2025-06-01
2025-04-25,318.7998,319.5354,0.9977,M0425,2025-06-01
2025-04-24,318.75277,319.51147,0.99763,M0424,2025-06-01
2025-04-23,318.70573,319.48753,0.99755,M0423,2025-06-01
2025-04-22,318.6587,319.4636,0.99748,M0422,2025-06-01
2025-04-21,318.61167,319.43967,0.99741,M0421,2025-06-01
2025-04-20,318.56463,319.41573,0.99734,M0420,2025-06-01
2025-04-19,318.5176,319.3918,0.99726,M0419,2025-06-01
2025-04-18,318.47057,319.36787,0.99719,M0418,2025-06-01
2025-04-17,318.42353,319.34393,0.99712,M0417,2025-06-01
2025-04-16,318.3765,319.32,0.99705,M0416,2025-06-01
2025-04-15,318.32947,319.29607,0.99697,M0415,2025-06-01
2025-04-14,318.28243,319.27213,0.9969,M0414,2025-06-01
2025-04-13,318.2354,319.2482,0.99683,M0413,2025-06-01
2025-04-12,318.18837,319.22427,0.99675,M0412,2025-06-01
2025-04-11,318.14133,319.20033,0.99668,M0411,2025-06-01
2025-04-10,318.0943,319.1764,0.99661,M0410,2025-06-01
2025-04-09,318.04727,319.15247,0.99654,M0409,2025-05-01
2025-04-08,318.00023,319.12853,0.99646,M0408,2025-05-01
2025-04-07,317.9532,319.1046,0.99639,M0407,2025-05-01
2025-04-06,317.90617,319.08067,0.99632,M0406,2025-05-01
2025-04-05,317.85913,319.05673,0.99625,M0405,2025-05-01
2025-04-04,317.8121,319.0328,0.99617,M0404,2025-05-01
2025-04-03,317.76507,319.00887,0.9961,M0403,2025-05-01
2025-04-02,317.71803,318.98493,0.99603,M0402,2025-05-01
2025-04-01,317.671,318.961,0.99596,M0401,2025-05-01
2025-03-31,317.60435,318.91723,0.99588,M0331,2025-05-01
2025-03-30,317.53771,318.87345,0.99581,M0330,2025-05-01
2025-03-29,317.47106,318.82968,0.99574,M0329,2025-05-01
2025-03-28,317.40442,318.7859,0.99567,M0328,2025-05-01
2025-03-27,317.33777,318.74213,0.99559,M0327,2025-05-01
2025-03-26,317.27113,318.69835,0.99552,M0326,2025-05-01
2025-03-25,317.20448,318.65458,0.99545,M0325,2025-05-01
2025-03-24,317.13784,318.61081,0.99538,M0324,2025-05-01
2025-03-23,317.07119,318.56703,0.9953,M0323,2025-05-01
2025-03-22,317.00455,318.52326,0.99523,M0322,2025-05-01
2025-03-21,316.9379,318.47948,0.99516,M0321,2025-05-01
2025-03-20,316.87126,318.43571,0.99509,M0320,2025-05-01
2025-03-19,316.80461,318.39194,0.99501,M0319,2025-05-01
2025-03-18,316.73797,318.34816,0.99494,M0318,2025-05-01
2025-03-17,316.67132,318.30439,0.99487,M0317,2025-05-01
2025-03-16,316.60468,318.26061,0.9948,M0316,2025-05-01
2025-03-15,316.53803,318.21684,0.99472,M0315,2025-05-01
2025-03-14,316.47139,318.17306,0.99465,M0314,2025-05-01
2025-03-13,316.40474,318.12929,0.99458,M0313,2025-05-01
2025-03-12,316.3381,318.08552,0.99451,M0312,2025-05-01
2025-03-11,316.27145,318.04174,0.99443,M0311,2025-04-01
2025-03-10,316.20481,317.99797,0.99436,M0310,2025-04-01
2025-03-09,316.13816,317.95419,0.99429,M0309,2025-04-01
2025-03-08,316.07152,317.91042,0.99422,M0308,2025-04-01
2025-03-07,316.00487,317.86665,0.99414,M0307,2025-04-01
2025-03-06,315.93823,317.82287,0.99407,M0306,2025-04-01
2025-03-05,315.87158,317.7791,0.994,M0305,2025-04-01
2025-03-04,315.80494,317.73532,0.99392,M0304,2025-04-01
2025-03-03,315.73829,317.69155,0.99385,M0303,2025-04-01
2025-03-02,315.67165,317.64777,0.99378,M0302,2025-04-01
2025-03-01,315.605,317.604,0.99371,M0301,2025-04-01
2025-02-28,315.601,317.56557,0.99381,M0228,2025-04-01
2025-02-27,315.597,317.52714,0.99392,M0227,2025-04-01
2025-02-26,315.593,317.48871,0.99403,M0226,2025-04-01
2025-02-25,315.589,317.45029,0.99414,M0225,2025-04-01
2025-02-24,315.585,317.41186,0.99424,M0224,2025-04-01
2025-02-23,315.581,317.37343,0.99435,M0223,2025-04-01
2025-02-22,315.577,317.335,0.99446,M0222,2025-04-01
2025-02-21,315.573,317.29657,0.99457,M0221,2025-04-01
2025-02-20,315.569,317.25814,0.99468,M0220,2025-04-01
2025-02-19,315.565,317.21971,0.99478,M0219,2025-04-01
2025-02-18,315.561,317.18129,0.99489,M0218,2025-04-01
2025-02-17,315.557,317.14286,0.995,M0217,2025-04-01
2025-02-16,315.553,317.10443,0.99511,M0216,2025-04-01
2025-02-15,315.549,317.066,0.99522,M0215,2025-04-01
2025-02-14,315.545,317.02757,0.99532,M0214,2025-04-01
2025-02-13,315.541,316.98914,0.99543,M0213,2025-04-01
2025-02-12,315.537,316.95071,0.99554,M0212,2025-04-01
2025-02-11,315.533,316.91229,0.99565,M0211,2025-03-01
2025-02-10,315.529,316.87386,0.99576,M0210,2025-03-01
2025-02-09,315.525,316.83543,0.99586,M0209,2025-03-01
2025-02-08,315.521,316.797,0.99597,M0208,2025-03-01
2025-02-07,315.517,316.75857,0.99608,M0207,2025-03-01
2025-02-06,315.513,316.72014,0.99619,M0206,2025-03-01
2025-02-05,315.509,316.68171,0.9963,M0205,2025-03-01
2025-02-04,315.505,316.64329,0.99641,M0204,2025-03-01
2025-02-03,315.501,316.60486,0.99651,M0203,2025-03-01
2025-02-02,315.497,316.56643,0.99662,M0202,2025-03-01
2025-02-01,315.493,316.528,0.99673,M0201,2025-03-01
2025-01-31,315.49852,316.49906,0.99684,M0131,2025-03-01
2025-01-30,315.50403,316.47013,0.99695,M0130,2025-03-01
2025-01-29,315.50955,316.44119,0.99706,M0129,2025-03-01
2025-01-28,315.51506,316.41226,0.99716,M0128,2025-03-01
2025-01-27,315.52058,316.38332,0.99727,M0127,2025-03-01
2025-01-26,315.5261,316.35439,0.99738,M0126,2025-03-01
2025-01-25,315.53161,316.32545,0.99749,M0125,2025-03-01
2025-01-24,315.53713,316.29652,0.9976,M0124,2025-03-01
2025-01-23,315.54265,316.26758,0.99771,M0123,2025-03-01
2025-01-22,315.54816,316.23865,0.99782,M0122,2025-03-01
2025-01-21,315.55368,316.20971,0.99793,M0121,2025-03-01
2025-01-20,315.55919,316.18077,0.99803,M0120,2025-03-01
2025-01-19,315.56471,316.15184,0.99814,M0119,2025-03-01
2025-01-18,315.57023,316.1229,0.99825,M0118,2025-03-01
2025-01-17,315.57574,316.09397,0.99836,M0117,2025-03-01
2025-01-16,315.58126,316.06503,0.99847,M0116,2025-03-01
2025-01-15,315.58677,316.0361,0.99858,M0115,2025-03-01
2025-01-14,315.59229,316.00716,0.99869,M0114,2025-02-01
2025-01-13,315.59781,315.97823,0.9988,M0113,2025-02-01
2025-01-12,315.60332,315.94929,0.9989,M0112,2025-02-01
2025-01-11,315.60884,315.92035,0.99901,M0111,2025-02-01
2025-01-10,315.61435,315.89142,0.99912,M0110,2025-02-01
2025-01-09,315.61987,315.86248,0.99923,M0109,2025-02-01
2025-01-08,315.62539,315.83355,0.99934,M0108,2025-02-01
2025-01-07,315.6309,315.80461,0.99945,M0107,2025-02-01
2025-01-06,315.63642,315.77568,0.99956,M0106,2025-02-01
2025-01-05,315.64194,315.74674,0.99967,M0105,2025-02-01
2025-01-04,315.64745,315.71781,0.99978,M0104,2025-02-01
2025-01-03,315.65297,315.68887,0.99989,M0103,2025-02-01
2025-01-02,315.65848,315.65994,1,M0102,2025-02-01
2025-01-01,315.664,315.631,1.0001,M0101,2025-02-01
2024-12-31,315.65229,315.602,1.00016,M1231,2025-02-01
2024-12-30,315.64058,315.573,1.00021,M1230,2025-02-01
2024-12-29,315.62887,315.544,1.00027,M1229,2025-02-01
2024-12-28,315.61716,315.515,1.00032,M1228,2025-02-01
2024-12-27,315.60545,315.486,1.00038,M1227,2025-02-01
2024-12-26,315.59374,315.457,1.00043,M1226,2025-02-01
2024-12-25,315.58203,315.428,1.00049,M1225,2025-02-01
2024-12-24,315.57032,315.399,1.00054,M1224,2025-02-01
2024-12-23,315.55861,315.37,1.0006,M1223,2025-02-01
2024-12-22,315.5469,315.341,1.00065,M1222,2025-02-01
2024-12-21,315.53519,315.312,1.00071,M1221,2025-02-01
2024-12-20,315.52348,315.283,1.00076,M1220,2025-02-01
2024-12-19,315.51177,315.254,1.00082,M1219,2025-02-01
2024-12-18,315.50006,315.225,1.00087,M1218,2025-02-01
2024-12-17,315.48835,315.196,1.00093,M1217,2025-02-01
2024-12-16,315.47665,315.167,1.00098,M1216,2025-02-01
2024-12-15,315.46494,315.138,1.00104,M1215,2025-02-01
2024-12-14,315.45323,315.109,1.00109,M1214,2025-02-01
2024-12-13,315.44152,315.08,1.00115,M1213,2025-02-01
2024-12-12,315.42981,315.051,1.0012,M1212,2025-02-01
2024-12-11,315.4181,315.022,1.00126,M1211,2025-02-01
2024-12-10,315.40639,314.993,1.00131,M1210,2025-01-01
2024-12-09,315.39468,314.964,1.00137,M1209,2025-01-01
2024-12-08,315.38297,314.935,1.00142,M1208,2025-01-01
2024-12-07,315.37126,314.906,1.00148,M1207,2025-01-01
2024-12-06,315.35955,314.877,1.00153,M1206,2025-01-01
2024-12-05,315.34784,314.848,1.00159,M1205,2025-01-01
2024-12-04,315.33613,314.819,1.00164,M1204,2025-01-01
2024-12-03,315.32442,314.79,1.0017,M1203,2025-01-01
2024-12-02,315.31271,314.761,1.00175,M1202,2025-01-01
2024-12-01,315.301,314.732,1.00181,M1201,2025-01-01
2024-11-30,315.28417,314.70967,1.00183,M1130,2025-01-01
2024-11-29,315.26733,314.68733,1.00184,M1129,2025-01-01
2024-11-28,315.2505,314.665,1.00186,M1128,2025-01-01
2024-11-27,315.23367,314.64267,1.00188,M1127,2025-01-01
2024-11-26,315.21683,314.62033,1.0019,M1126,2025-01-01
2024-11-25,315.2,314.598,1.00191,M1125,2025-01-01
2024-11-24,315.18317,314.57567,1.00193,M1124,2025-01-01
2024-11-23,315.16633,314.55333,1.00195,M1123,2025-01-01
2024-11-22,315.1495,314.531,1.00197,M1122,2025-01-01
2024-11-21,315.13267,314.50867,1.00198,M1121,2025-01-01
2024-11-20,315.11583,314.48633,1.002,M1120,2025-01-01
2024-11-19,315.099,314.464,1.00202,M1119,2025-01-01
2024-11-18,315.08217,314.44167,1.00204,M1118,2025-01-01
2024-11-17,315.06533,314.41933,1.00205,M1117,2025-01-01
2024-11-16,315.0485,314.397,1.00207,M1116,2025-01-01
2024-11-15,315.03167,314.37467,1.00209,M1115,2025-01-01
2024-11-14,315.01483,314.35233,1.00211,M1114,2025-01-01
2024-11-13,314.998,314.33,1.00213,M1113,2025-01-01
2024-11-12,314.98117,314.30767,1.00214,M1112,2024-12-01
2024-11-11,314.96433,314.28533,1.00216,M1111,2024-12-01
2024-11-10,314.9475,314.263,1.00218,M1110,2024-12-01
2024-11-09,314.93067,314.24067,1.0022,M1109,2024-12-01
2024-11-08,314.91383,314.21833,1.00221,M1108,2024-12-01
2024-11-07,314.897,314.196,1.00223,M1107,2024-12-01
2024-11-06,314.88017,314.17367,1.00225,M1106,2024-12-01
2024-11-05,314.86333,314.15133,1.00227,M1105,2024-12-01
2024-11-04,314.8465,314.129,1.00228,M1104,2024-12-01
2024-11-03,314.82967,314.10667,1.0023,M1103,2024-12-01
2024-11-02,314.81283,314.08433,1.00232,M1102,2024-12-01
2024-11-01,314.796,314.062,1.00234,M1101,2024-12-01
2024-10-31,314.78774,314.0461,1.00236,M1031,2024-12-01
2024-10-30,314.77948,314.03019,1.00239,M1030,2024-12-01
2024-10-29,314.77123,314.01429,1.00241,M1029,2024-12-01
2024-10-28,314.76297,313.99839,1.00243,M1028,2024-12-01
2024-10-27,314.75471,313.98248,1.00246,M1027,2024-12-01
2024-10-26,314.74645,313.96658,1.00248,M1026,2024-12-01
2024-10-25,314.73819,313.95068,1.00251,M1025,2024-12-01
2024-10-24,314.72994,313.93477,1.00253,M1024,2024-12-01
2024-10-23,314.72168,313.91887,1.00256,M1023,2024-12-01
2024-10-22,314.71342,313.90297,1.00258,M1022,2024-12-01
2024-10-21,314.70516,313.88706,1.00261,M1021,2024-12-01
2024-10-20,314.6969,313.87116,1.00263,M1020,2024-12-01
2024-10-19,314.68865,313.85526,1.00266,M1019,2024-12-01
2024-10-18,314.68039,313.83935,1.00268,M1018,2024-12-01
2024-10-17,314.67213,313.82345,1.0027,M1017,2024-12-01
2024-10-16,314.66387,313.80755,1.00273,M1016,2024-12-01
2024-10-15,314.65561,313.79165,1.00275,M1015,2024-12-01
2024-10-14,314.64735,313.77574,1.00278,M1014,2024-12-01
2024-10-13,314.6391,313.75984,1.0028,M1013,2024-12-01
2024-10-12,314.63084,313.74394,1.00283,M1012,2024-12-01
2024-10-11,314.62258,313.72803,1.00285,M1011,2024-12-01
2024-10-10,314.61432,313.71213,1.00288,M1010,2024-12-01
2024-10-09,314.60606,313.69623,1.0029,M1009,2024-11-01
2024-10-08,314.59781,313.68032,1.00292,M1008,2024-11-01
2024-10-07,314.58955,313.66442,1.00295,M1007,2024-11-01
2024-10-06,314.58129,313.64852,1.00297,M1006,2024-11-01
2024-10-05,314.57303,313.63261,1.003,M1005,2024-11-01
2024-10-04,314.56477,313.61671,1.00302,M1004,2024-11-01
2024-10-03,314.55652,313.60081,1.00305,M1003,2024-11-01
2024-10-02,314.54826,313.5849,1.00307,M1002,2024-11-01
2024-10-01,314.54,313.569,1.0031,M1001,2024-11-01
2024-09-30,314.52783,313.5515,1.00311,M0930,2024-11-01
2024-09-29,314.51567,313.534,1.00313,M0929,2024-11-01
2024-09-28,314.5035,313.5165,1.00315,M0928,2024-11-01
2024-09-27,314.49133,313.499,1.00317,M0927,2024-11-01
2024-09-26,314.47917,313.4815,1.00318,M0926,2024-11-01
2024-09-25,314.467,313.464,1.0032,M0925,2024-11-01
2024-09-24,314.45483,313.4465,1.00322,M0924,2024-11-01
2024-09-23,314.44267,313.429,1.00323,M0923,2024-11-01
2024-09-22,314.4305,313.4115,1.00325,M0922,2024-11-01
2024-09-21,314.41833,313.394,1.00327,M0921,2024-11-01
2024-09-20,314.40617,313.3765,1.00329,M0920,2024-11-01
2024-09-19,314.394,313.359,1.0033,M0919,2024-11-01
2024-09-18,314.38183,313.3415,1.00332,M0918,2024-11-01
2024-09-17,314.36967,313.324,1.00334,M0917,2024-11-01
2024-09-16,314.3575,313.3065,1.00335,M0916,2024-11-01
2024-09-15,314.34533,313.289,1.00337,M0915,2024-11-01
2024-09-14,314.33317,313.2715,1.00339,M0914,2024-11-01
2024-09-13,314.321,313.254,1.00341,M0913,2024-11-01
2024-09-12,314.30883,313.2365,1.00342,M0912,2024-11-01
2024-09-11,314.29667,313.219,1.00344,M0911,2024-11-01
2024-09-10,314.2845,313.2015,1.00346,M0910,2024-10-01
2024-09-09,314.27233,313.184,1.00348,M0909,2024-10-01
2024-09-08,314.26017,313.1665,1.00349,M0908,2024-10-01
2024-09-07,314.248,313.149,1.00351,M0907,2024-10-01
2024-09-06,314.23583,313.1315,1.00353,M0906,2024-10-01
2024-09-05,314.22367,313.114,1.00354,M0905,2024-10-01
2024-09-04,314.2115,313.0965,1.00356,M0904,2024-10-01
2024-09-03,314.19933,313.079,1.00358,M0903,2024-10-01
2024-09-02,314.18717,313.0615,1.0036,M0902,2024-10-01
2024-09-01,314.175,313.044,1.00361,M0901,2024-10-01
2024-08-31,314.17158,313.04823,1.00359,M0831,2024-10-01
2024-08-30,314.16816,313.05245,1.00356,M0830,2024-10-01
2024-08-29,314.16474,313.05668,1.00354,M0829,2024-10-01
2024-08-28,314.16132,313.0609,1.00352,M0828,2024-10-01
2024-08-27,314.1579,313.06513,1.00349,M0827,2024-10-01
2024-08-26,314.15448,313.06935,1.00347,M0826,2024-10-01
2024-08-25,314.15106,313.07358,1.00344,M0825,2024-10-01
2024-08-24,314.14765,313.07781,1.00342,M0824,2024-10-01
2024-08-23,314.14423,313.08203,1.00339,M0823,2024-10-01
2024-08-22,314.14081,313.08626,1.00337,M0822,2024-10-01
2024-08-21,314.13739,313.09048,1.00334,M0821,2024-10-01
2024-08-20,314.13397,313.09471,1.00332,M0820,2024-10-01
2024-08-19,314.13055,313.09894,1.00329,M0819,2024-10-01
2024-08-18,314.12713,313.10316,1.00327,M0818,2024-10-01
2024-08-17,314.12371,313.10739,1.00325,M0817,2024-10-01
2024-08-16,314.12029,313.11161,1.00322,M0816,2024-10-01
2024-08-15,314.11687,313.11584,1.0032,M0815,2024-10-01
2024-08-14,314.11345,313.12006,1.00317,M0814,2024-10-01
2024-08-13,314.11003,313.12429,1.00315,M0813,2024-09-01
2024-08-12,314.10661,313.12852,1.00312,M0812,2024-09-01
2024-08-11,314.10319,313.13274,1.0031,M0811,2024-09-01
2024-08-10,314.09977,313.13697,1.00307,M0810,2024-09-01
2024-08-09,314.09635,313.14119,1.00305,M0809,2024-09-01
2024-08-08,314.09294,313.14542,1.00303,M0808,2024-09-01
2024-08-07,314.08952,313.14965,1.003,M0807,2024-09-01
2024-08-06,314.0861,313.15387,1.00298,M0806,2024-09-01
2024-08-05,314.08268,313.1581,1.00295,M0805,2024-09-01
2024-08-04,314.07926,313.16232,1.00293,M0804,2024-09-01
2024-08-03,314.07584,313.16655,1.0029,M0803,2024-09-01
2024-08-02,314.07242,313.17077,1.00288,M0802,2024-09-01
2024-08-01,314.069,313.175,1.00285,M0801,2024-09-01
2024-07-31,314.05219,313.1701,1.00282,M0731,2024-09-01
2024-07-30,314.03539,313.16519,1.00278,M0730,2024-09-01
2024-07-29,314.01858,313.16029,1.00274,M0729,2024-09-01
2024-07-28,314.00177,313.15539,1.0027,M0728,2024-09-01
2024-07-27,313.98497,313.15048,1.00266,M0727,2024-09-01
2024-07-26,313.96816,313.14558,1.00263,M0726,2024-09-01
2024-07-25,313.95135,313.14068,1.00259,M0725,2024-09-01
2024-07-24,313.93455,313.13577,1.00255,M0724,2024-09-01
2024-07-23,313.91774,313.13087,1.00251,M0723,2024-09-01
2024-07-22,313.90094,313.12597,1.00247,M0722,2024-09-01
2024-07-21,313.88413,313.12106,1.00244,M0721,2024-09-01
2024-07-20,313.86732,313.11616,1.0024,M0720,2024-09-01
2024-07-19,313.85052,313.11126,1.00236,M0719,2024-09-01
2024-07-18,313.83371,313.10635,1.00232,M0718,2024-09-01
2024-07-17,313.8169,313.10145,1.00229,M0717,2024-09-01
2024-07-16,313.8001,313.09655,1.00225,M0716,2024-09-01
2024-07-15,313.78329,313.09165,1.00221,M0715,2024-09-01
2024-07-14,313.76648,313.08674,1.00217,M0714,2024-09-01
2024-07-13,313.74968,313.08184,1.00213,M0713,2024-09-01
2024-07-12,313.73287,313.07694,1.0021,M0712,2024-09-01
2024-07-11,313.71606,313.07203,1.00206,M0711,2024-09-01
2024-07-10,313.69926,313.06713,1.00202,M0710,2024-08-01
2024-07-09,313.68245,313.06223,1.00198,M0709,2024-08-01
2024-07-08,313.66565,313.05732,1.00194,M0708,2024-08-01
2024-07-07,313.64884,313.05242,1.00191,M0707,2024-08-01
2024-07-06,313.63203,313.04752,1.00187,M0706,2024-08-01
2024-07-05,313.61523,313.04261,1.00183,M0705,2024-08-01
2024-07-04,313.59842,313.03771,1.00179,M0704,2024-08-01
2024-07-03,313.58161,313.03281,1.00175,M0703,2024-08-01
2024-07-02,313.56481,313.0279,1.00172,M0702,2024-08-01
2024-07-01,313.548,313.023,1.00168,M0701,2024-08-01
2024-06-30,313.50747,313.0004,1.00162,M0630,2024-08-01
2024-06-29,313.46693,312.9778,1.00156,M0629,2024-08-01
2024-06-28,313.4264,312.9552,1.00151,M0628,2024-08-01
2024-06-27,313.38587,312.9326,1.00145,M0627,2024-08-01
2024-06-26,313.34533,312.91,1.00139,M0626,2024-08-01
2024-06-25,313.3048,312.8874,1.00133,M0625,2024-08-01
2024-06-24,313.26427,312.8648,1.00128,M0624,2024-08-01
2024-06-23,313.22373,312.8422,1.00122,M0623,2024-08-01
2024-06-22,313.1832,312.8196,1.00116,M0622,2024-08-01
2024-06-21,313.14267,312.797,1.00111,M0621,2024-08-01
2024-06-20,313.10213,312.7744,1.00105,M0620,2024-08-01
2024-06-19,313.0616,312.7518,1.00099,M0619,2024-08-01
2024-06-18,313.02107,312.7292,1.00093,M0618,2024-08-01
2024-06-17,312.98053,312.7066,1.00088,M0617,2024-08-01
2024-06-16,312.94,312.684,1.00082,M0616,2024-08-01
2024-06-15,312.89947,312.6614,1.00076,M0615,2024-08-01
2024-06-14,312.85893,312.6388,1.0007,M0614,2024-08-01
2024-06-13,312.8184,312.6162,1.00065,M0613,2024-08-01
2024-06-12,312.77787,312.5936,1.00059,M0612,2024-08-01
2024-06-11,312.73733,312.571,1.00053,M0611,2024-07-01
2024-06-10,312.6968,312.5484,1.00047,M0610,2024-07-01
2024-06-09,312.65627,312.5258,1.00042,M0609,2024-07-01
2024-06-08,312.61573,312.5032,1.00036,M0608,2024-07-01
2024-06-07,312.5752,312.4806,1.0003,M0607,2024-07-01
2024-06-06,312.53467,312.458,1.00025,M0606,2024-07-01
2024-06-05,312.49413,312.4354,1.00019,M0605,2024-07-01
2024-06-04,312.4536,312.4128,1.00013,M0604,2024-07-01
2024-06-03,312.41307,312.3902,1.00007,M0603,2024-07-01
2024-06-02,312.37253,312.3676,1.00002,M0602,2024-07-01
2024-06-01,312.332,312.345,0.99996,M0601,2024-07-01
2024-05-31,312.26729,312.30055,0.99989,M0531,2024-07-01
2024-05-30,312.20258,312.2561,0.99983,M0530,2024-07-01
2024-05-29,312.13787,312.21165,0.99976,M0529,2024-07-01
2024-05-28,312.07316,312.16719,0.9997,M0528,2024-07-01
2024-05-27,312.00845,312.12274,0.99963,M0527,2024-07-01
2024-05-26,311.94374,312.07829,0.99957,M0526,2024-07-01
2024-05-25,311.87903,312.03384,0.9995,M0525,2024-07-01
2024-05-24,311.81432,311.98939,0.99944,M0524,2024-07-01
2024-05-23,311.74961,311.94494,0.99937,M0523,2024-07-01
2024-05-22,311.6849,311.90048,0.99931,M0522,2024-07-01
2024-05-21,311.62019,311.85603,0.99924,M0521,2024-07-01
2024-05-20,311.55548,311.81158,0.99918,M0520,2024-07-01
2024-05-19,311.49077,311.76713,0.99911,M0519,2024-07-01
2024-05-18,311.42606,311.72268,0.99905,M0518,2024-07-01
2024-05-17,311.36135,311.67823,0.99898,M0517,2024-07-01
2024-05-16,311.29665,311.63377,0.99892,M0516,2024-07-01
2024-05-15,311.23194,311.58932,0.99885,M0515,2024-07-01
2024-05-14,311.16723,311.54487,0.99879,M0514,2024-06-01
2024-05-13,311.10252,311.50042,0.99872,M0513,2024-06-01
2024-05-12,311.03781,311.45597,0.99866,M0512,2024-06-01
2024-05-11,310.9731,311.41152,0.99859,M0511,2024-06-01
2024-05-10,310.90839,311.36706,0.99853,M0510,2024-06-01
2024-05-09,310.84368,311.32261,0.99846,M0509,2024-06-01
2024-05-08,310.77897,311.27816,0.9984,M0508,2024-06-01
2024-05-07,310.71426,311.23371,0.99833,M0507,2024-06-01
2024-05-06,310.64955,311.18926,0.99827,M0506,2024-06-01
2024-05-05,310.58484,311.14481,0.9982,M0505,2024-06-01
2024-05-04,310.52013,311.10035,0.99813,M0504,2024-06-01
2024-05-03,310.45542,311.0559,0.99807,M0503,2024-06-01
2024-05-02,310.39071,311.01145,0.998,M0502,2024-06-01
2024-05-01,310.326,310.967,0.99794,M0501,2024-06-01
2024-04-30,310.26237,310.9247,0.99787,M0430,2024-06-01
2024-04-29,310.19873,310.8824,0.9978,M0429,2024-06-01
2024-04-28,310.1351,310.8401,0.99773,M0428,2024-06-01
2024-04-27,310.07147,310.7978,0.99766,M0427,2024-06-01
2024-04-26,310.00783,310.7555,0.99759,M0426,2024-06-01
2024-04-25,309.9442,310.7132,0.99753,M0425,2024-06-01
2024-04-24,309.88057,310.6709,0.99746,M0424,2024-06-01
2024-04-23,309.81693,310.6286,0.99739,M0423,2024-06-01
2024-04-22,309.7533,310.5863,0.99732,M0422,2024-06-01
2024-04-21,309.68967,310.544,0.99725,M0421,2024-06-01
2024-04-20,309.62603,310.5017,0.99718,M0420,2024-06-01
2024-04-19,309.5624,310.4594,0.99711,M0419,2024-06-01
2024-04-18,309.49877,310.4171,0.99704,M0418,2024-06-01
2024-04-17,309.43513,310.3748,0.99697,M0417,2024-06-01
2024-04-16,309.3715,310.3325,0.9969,M0416,2024-06-01
2024-04-15,309.30787,310.2902,0.99683,M0415,2024-06-01
2024-04-14,309.24423,310.2479,0.99676,M0414,2024-06-01
2024-04-13,309.1806,310.2056,0.9967,M0413,2024-06-01
2024-04-12,309.11697,310.1633,0.99663,M0412,2024-06-01
2024-04-11,309.05333,310.121,0.99656,M0411,2024-06-01
2024-04-10,308.9897,310.0787,0.99649,M0410,2024-06-01
2024-04-09,308.92607,310.0364,0.99642,M0409,2024-05-01
2024-04-08,308.86243,309.9941,0.99635,M0408,2024-05-01
2024-04-07,308.7988,309.9518,0.99628,M0407,2024-05-01
2024-04-06,308.73517,309.9095,0.99621,M0406,2024-05-01
2024-04-05,308.67153,309.8672,0.99614,M0405,2024-05-01
2024-04-04,308.6079,309.8249,0.99607,M0404,2024-05-01
2024-04-03,308.54427,309.7826,0.996,M0403,2024-05-01
2024-04-02,308.48063,309.7403,0.99593,M0402,2024-05-01
2024-04-01,308.417,309.698,0.99586,M0401,2024-05-01
2024-03-31,308.3631,309.66713,0.99579,M0331,2024-05-01
2024-03-30,308.30919,309.63626,0.99571,M0330,2024-05-01
2024-03-29,308.25529,309.60539,0.99564,M0329,2024-05-01
2024-03-28,308.20139,309.57452,0.99556,M0328,2024-05-01
2024-03-27,308.14748,309.54365,0.99549,M0327,2024-05-01
2024-03-26,308.09358,309.51277,0.99541,M0326,2024-05-01
2024-03-25,308.03968,309.4819,0.99534,M0325,2024-05-01
2024-03-24,307.98577,309.45103,0.99526,M0324,2024-05-01
2024-03-23,307.93187,309.42016,0.99519,M0323,2024-05-01
2024-03-22,307.87797,309.38929,0.99512,M0322,2024-05-01
2024-03-21,307.82406,309.35842,0.99504,M0321,2024-05-01
2024-03-20,307.77016,309.32755,0.99497,M0320,2024-05-01
2024-03-19,307.71626,309.29668,0.99489,M0319,2024-05-01
2024-03-18,307.66235,309.26581,0.99482,M0318,2024-05-01
2024-03-17,307.60845,309.23494,0.99474,M0317,2024-05-01
2024-03-16,307.55455,309.20406,0.99467,M0316,2024-05-01
2024-03-15,307.50065,309.17319,0.99459,M0315,2024-05-01
2024-03-14,307.44674,309.14232,0.99452,M0314,2024-05-01
2024-03-13,307.39284,309.11145,0.99444,M0313,2024-05-01
2024-03-12,307.33894,309.08058,0.99437,M0312,2024-05-01
2024-03-11,307.28503,309.04971,0.99429,M0311,2024-04-01
2024-03-10,307.23113,309.01884,0.99421,M0310,2024-04-01
2024-03-09,307.17723,308.98797,0.99414,M0309,2024-04-01
2024-03-08,307.12332,308.9571,0.99406,M0308,2024-04-01
2024-03-07,307.06942,308.92623,0.99399,M0307,2024-04-01
2024-03-06,307.01552,308.89535,0.99391,M0306,2024-04-01
2024-03-05,306.96161,308.86448,0.99384,M0305,2024-04-01
2024-03-04,306.90771,308.83361,0.99376,M0304,2024-04-01
2024-03-03,306.85381,308.80274,0.99369,M0303,2024-04-01
2024-03-02,306.7999,308.77187,0.99361,M0302,2024-04-01
2024-03-01,306.746,308.741,0.99354,M0301,2024-04-01
2024-02-29,306.75652,308.72055,0.99364,M0229,2024-04-01
2024-02-28,306.76703,308.7001,0.99374,M0228,2024-04-01
2024-02-27,306.77755,308.67966,0.99384,M0227,2024-04-01
2024-02-26,306.78807,308.65921,0.99394,M0226,2024-04-01
2024-02-25,306.79859,308.63876,0.99404,M0225,2024-04-01
2024-02-24,306.8091,308.61831,0.99414,M0224,2024-04-01
2024-02-23,306.81962,308.59786,0.99424,M0223,2024-04-01
2024-02-22,306.83014,308.57741,0.99434,M0222,2024-04-01
2024-02-21,306.84066,308.55697,0.99444,M0221,2024-04-01
2024-02-20,306.85117,308.53652,0.99454,M0220,2024-04-01
2024-02-19,306.86169,308.51607,0.99464,M0219,2024-04-01
2024-02-18,306.87221,308.49562,0.99474,M0218,2024-04-01
2024-02-17,306.88272,308.47517,0.99484,M0217,2024-04-01
2024-02-16,306.89324,308.45472,0.99494,M0216,2024-04-01
2024-02-15,306.90376,308.43428,0.99504,M0215,2024-04-01
2024-02-14,306.91428,308.41383,0.99514,M0214,2024-04-01
2024-02-13,306.92479,308.39338,0.99524,M0213,2024-04-01
2024-02-12,306.93531,308.37293,0.99534,M0212,2024-04-01
2024-02-11,306.94583,308.35248,0.99544,M0211,2024-04-01
2024-02-10,306.95634,308.33203,0.99554,M0210,2024-04-01
2024-02-09,306.96686,308.31159,0.99564,M0209,2024-04-01
2024-02-08,306.97738,308.29114,0.99574,M0208,2024-03-01
2024-02-07,306.9879,308.27069,0.99584,M0207,2024-03-01
2024-02-06,306.99841,308.25024,0.99594,M0206,2024-03-01
2024-02-05,307.00893,308.22979,0.99604,M0205,2024-03-01
2024-02-04,307.01945,308.20934,0.99614,M0204,2024-03-01
2024-02-03,307.02997,308.1889,0.99624,M0203,2024-03-01
2024-02-02,307.04048,308.16845,0.99634,M0202,2024-03-01
2024-02-01,307.051,308.148,0.99644,M0201,2024-03-01
2024-01-31,307.071,308.13342,0.99655,M0131,2024-03-01
2024-01-30,307.091,308.11884,0.99666,M0130,2024-03-01
2024-01-29,307.111,308.10426,0.99678,M0129,2024-03-01
2024-01-28,307.131,308.08968,0.99689,M0128,2024-03-01
2024-01-27,307.151,308.0751,0.997,M0127,2024-03-01
2024-01-26,307.171,308.06052,0.99711,M0126,2024-03-01
2024-01-25,307.191,308.04594,0.99722,M0125,2024-03-01
2024-01-24,307.211,308.03135,0.99734,M0124,2024-03-01
2024-01-23,307.231,308.01677,0.99745,M0123,2024-03-01
2024-01-22,307.251,308.00219,0.99756,M0122,2024-03-01
2024-01-21,307.271,307.98761,0.99767,M0121,2024-03-01
2024-01-20,307.291,307.97303,0.99779,M0120,2024-03-01
2024-01-19,307.311,307.95845,0.9979,M0119,2024-03-01
2024-01-18,307.331,307.94387,0.99801,M0118,2024-03-01
2024-01-17,307.351,307.92929,0.99812,M0117,2024-03-01
2024-01-16,307.371,307.91471,0.99823,M0116,2024-03-01
2024-01-15,307.391,307.90013,0.99835,M0115,2024-03-01
2024-01-14,307.411,307.88555,0.99846,M0114,2024-03-01
2024-01-13,307.431,307.87097,0.99857,M0113,2024-03-01
2024-01-12,307.451,307.85639,0.99868,M0112,2024-03-01
2024-01-11,307.471,307.84181,0.9988,M0111,2024-03-01
2024-01-10,307.491,307.82723,0.99891,M0110,2024-02-01
2024-01-09,307.511,307.81265,0.99902,M0109,2024-02-01
2024-01-08,307.531,307.79806,0.99913,M0108,2024-02-01
2024-01-07,307.551,307.78348,0.99924,M0107,2024-02-01
2024-01-06,307.571,307.7689,0.99936,M0106,2024-02-01
2024-01-05,307.591,307.75432,0.99947,M0105,2024-02-01
2024-01-04,307.611,307.73974,0.99958,M0104,2024-02-01
2024-01-03,307.631,307.72516,0.99969,M0103,2024-02-01
2024-01-02,307.651,307.71058,0.99981,M0102,2024-02-01
2024-01-01,307.671,307.696,0.99992,M0101,2024-02-01
2023-12-31,307.67481,307.68245,0.99998,M1231,2024-02-01
2023-12-30,307.67861,307.6689,1.00003,M1230,2024-02-01
2023-12-29,307.68242,307.65535,1.00009,M1229,2024-02-01
2023-12-28,307.68623,307.64181,1.00014,M1228,2024-02-01
2023-12-27,307.69003,307.62826,1.0002,M1227,2024-02-01
2023-12-26,307.69384,307.61471,1.00026,M1226,2024-02-01
2023-12-25,307.69765,307.60116,1.00031,M1225,2024-02-01
2023-12-24,307.70145,307.58761,1.00037,M1224,2024-02-01
2023-12-23,307.70526,307.57406,1.00043,M1223,2024-02-01
2023-12-22,307.70906,307.56052,1.00048,M1222,2024-02-01
2023-12-21,307.71287,307.54697,1.00054,M1221,2024-02-01
2023-12-20,307.71668,307.53342,1.0006,M1220,2024-02-01
2023-12-19,307.72048,307.51987,1.00065,M1219,2024-02-01
2023-12-18,307.72429,307.50632,1.00071,M1218,2024-02-01
2023-12-17,307.7281,307.49277,1.00077,M1217,2024-02-01
2023-12-16,307.7319,307.47923,1.00082,M1216,2024-02-01
2023-12-15,307.73571,307.46568,1.00088,M1215,2024-02-01
2023-12-14,307.73952,307.45213,1.00093,M1214,2024-02-01
2023-12-13,307.74332,307.43858,1.00099,M1213,2024-02-01
2023-12-12,307.74713,307.42503,1.00105,M1212,2024-02-01
2023-12-11,307.75094,307.41148,1.0011,M1211,2024-01-01
2023-12-10,307.75474,307.39794,1.00116,M1210,2024-01-01
2023-12-09,307.75855,307.38439,1.00122,M1209,2024-01-01
2023-12-08,307.76235,307.37084,1.00127,M1208,2024-01-01
2023-12-07,307.76616,307.35729,1.00133,M1207,2024-01-01
2023-12-06,307.76997,307.34374,1.00139,M1206,2024-01-01
2023-12-05,307.77377,307.33019,1.00144,M1205,2024-01-01
2023-12-04,307.77758,307.31665,1.0015,M1204,2024-01-01
2023-12-03,307.78139,307.3031,1.00156,M1203,2024-01-01
2023-12-02,307.78519,307.28955,1.00161,M1202,2024-01-01
2023-12-01,307.789,307.276,1.00167,M1201,2024-01-01
2023-11-30,307.76357,307.2362,1.00172,M1130,2024-01-01
2023-11-29,307.73813,307.1964,1.00176,M1129,2024-01-01
2023-11-28,307.7127,307.1566,1.00181,M1128,2024-01-01
2023-11-27,307.68727,307.1168,1.00186,M1127,2024-01-01
2023-11-26,307.66183,307.077,1.0019,M1126,2024-01-01
2023-11-25,307.6364,307.0372,1.00195,M1125,2024-01-01
2023-11-24,307.61097,306.9974,1.002,M1124,2024-01-01
2023-11-23,307.58553,306.9576,1.00205,M1123,2024-01-01
2023-11-22,307.5601,306.9178,1.00209,M1122,2024-01-01
2023-11-21,307.53467,306.878,1.00214,M1121,2024-01-01
2023-11-20,307.50923,306.8382,1.00219,M1120,2024-01-01
2023-11-19,307.4838,306.7984,1.00223,M1119,2024-01-01
2023-11-18,307.45837,306.7586,1.00228,M1118,2024-01-01
2023-11-17,307.43293,306.7188,1.00233,M1117,2024-01-01
2023-11-16,307.4075,306.679,1.00238,M1116,2024-01-01
2023-11-15,307.38207,306.6392,1.00242,M1115,2024-01-01
2023-11-14,307.35663,306.5994,1.00247,M1114,2024-01-01
2023-11-13,307.3312,306.5596,1.00252,M1113,2023-12-01
2023-11-12,307.30577,306.5198,1.00256,M1112,2023-12-01
2023-11-11,307.28033,306.48,1.00261,M1111,2023-12-01
2023-11-10,307.2549,306.4402,1.00266,M1110,2023-12-01
2023-11-09,307.22947,306.4004,1.00271,M1109,2023-12-01
2023-11-08,307.20403,306.3606,1.00275,M1108,2023-12-01
2023-11-07,307.1786,306.3208,1.0028,M1107,2023-12-01
2023-11-06,307.15317,306.281,1.00285,M1106,2023-12-01
2023-11-05,307.12773,306.2412,1.00289,M1105,2023-12-01
2023-11-04,307.1023,306.2014,1.00294,M1104,2023-12-01
2023-11-03,307.07687,306.1616,1.00299,M1103,2023-12-01
2023-11-02,307.05143,306.1218,1.00304,M1102,2023-12-01
2023-11-01,307.026,306.082,1.00308,M1101,2023-12-01
2023-10-31,306.98294,306.03448,1.0031,M1031,2023-12-01
2023-10-30,306.93987,305.98697,1.00311,M1030,2023-12-01
2023-10-29,306.89681,305.93945,1.00313,M1029,2023-12-01
2023-10-28,306.85374,305.89194,1.00314,M1028,2023-12-01
2023-10-27,306.81068,305.84442,1.00316,M1027,2023-12-01
2023-10-26,306.76761,305.7969,1.00317,M1026,2023-12-01
2023-10-25,306.72455,305.74939,1.00319,M1025,2023-12-01
2023-10-24,306.68148,305.70187,1.0032,M1024,2023-12-01
2023-10-23,306.63842,305.65435,1.00322,M1023,2023-12-01
2023-10-22,306.59535,305.60684,1.00323,M1022,2023-12-01
2023-10-21,306.55229,305.55932,1.00325,M1021,2023-12-01
2023-10-20,306.50923,305.51181,1.00326,M1020,2023-12-01
2023-10-19,306.46616,305.46429,1.00328,M1019,2023-12-01
2023-10-18,306.4231,305.41677,1.00329,M1018,2023-12-01
2023-10-17,306.38003,305.36926,1.00331,M1017,2023-12-01
2023-10-16,306.33697,305.32174,1.00333,M1016,2023-12-01
2023-10-15,306.2939,305.27423,1.00334,M1015,2023-12-01
2023-10-14,306.25084,305.22671,1.00336,M1014,2023-12-01
2023-10-13,306.20777,305.17919,1.00337,M1013,2023-12-01
2023-10-12,306.16471,305.13168,1.00339,M1012,2023-12-01
2023-10-11,306.12165,305.08416,1.0034,M1011,2023-11-01
2023-10-10,306.07858,305.03665,1.00342,M1010,2023-11-01
2023-10-09,306.03552,304.98913,1.00343,M1009,2023-11-01
2023-10-08,305.99245,304.94161,1.00345,M1008,2023-11-01
2023-10-07,305.94939,304.8941,1.00346,M1007,2023-11-01
2023-10-06,305.90632,304.84658,1.00348,M1006,2023-11-01
2023-10-05,305.86326,304.79906,1.00349,M1005,2023-11-01
2023-10-04,305.82019,304.75155,1.00351,M1004,2023-11-01
2023-10-03,305.77713,304.70403,1.00352,M1003,2023-11-01
2023-10-02,305.73406,304.65652,1.00354,M1002,2023-11-01
2023-10-01,305.691,304.609,1.00355,M1001,2023-11-01
2023-09-30,305.6716,304.58917,1.00355,M0930,2023-11-01
2023-09-29,305.6522,304.56933,1.00356,M0929,2023-11-01
2023-09-28,305.6328,304.5495,1.00356,M0928,2023-11-01
2023-09-27,305.6134,304.52967,1.00356,M0927,2023-11-01
2023-09-26,305.594,304.50983,1.00356,M0926,2023-11-01
2023-09-25,305.5746,304.49,1.00356,M0925,2023-11-01
2023-09-24,305.5552,304.47017,1.00356,M0924,2023-11-01
2023-09-23,305.5358,304.45033,1.00357,M0923,2023-11-01
2023-09-22,305.5164,304.4305,1.00357,M0922,2023-11-01
2023-09-21,305.497,304.41067,1.00357,M0921,2023-11-01
2023-09-20,305.4776,304.39083,1.00357,M0920,2023-11-01
2023-09-19,305.4582,304.371,1.00357,M0919,2023-11-01
2023-09-18,305.4388,304.35117,1.00357,M0918,2023-11-01
2023-09-17,305.4194,304.33133,1.00358,M0917,2023-11-01
2023-09-16,305.4,304.3115,1.00358,M0916,2023-11-01
2023-09-15,305.3806,304.29167,1.00358,M0915,2023-11-01
2023-09-14,305.3612,304.27183,1.00358,M0914,2023-11-01
2023-09-13,305.3418,304.252,1.00358,M0913,2023-11-01
2023-09-12,305.3224,304.23217,1.00358,M0912,2023-10-01
2023-09-11,305.303,304.21233,1.00359,M0911,2023-10-01
2023-09-10,305.2836,304.1925,1.00359,M0910,2023-10-01
2023-09-09,305.2642,304.17267,1.00359,M0909,2023-10-01
2023-09-08,305.2448,304.15283,1.00359,M0908,2023-10-01
2023-09-07,305.2254,304.133,1.00359,M0907,2023-10-01
2023-09-06,305.206,304.11317,1.00359,M0906,2023-10-01
2023-09-05,305.1866,304.09333,1.0036,M0905,2023-10-01
2023-09-04,305.1672,304.0735,1.0036,M0904,2023-10-01
2023-09-03,305.1478,304.05367,1.0036,M0903,2023-10-01
2023-09-02,305.1284,304.03383,1.0036,M0902,2023-10-01
2023-09-01,305.109,304.014,1.0036,M0901,2023-10-01
2023-08-31,305.07732,303.99206,1.00357,M0831,2023-10-01
2023-08-30,305.04565,303.97013,1.00354,M0830,2023-10-01
2023-08-29,305.01397,303.94819,1.00351,M0829,2023-10-01
2023-08-28,304.98229,303.92626,1.00347,M0828,2023-10-01
2023-08-27,304.95061,303.90432,1.00344,M0827,2023-10-01
2023-08-26,304.91894,303.88239,1.00341,M0826,2023-10-01
2023-08-25,304.88726,303.86045,1.00338,M0825,2023-10-01
2023-08-24,304.85558,303.83852,1.00335,M0824,2023-10-01
2023-08-23,304.8239,303.81658,1.00332,M0823,2023-10-01
2023-08-22,304.79223,303.79465,1.00328,M0822,2023-10-01
2023-08-21,304.76055,303.77271,1.00325,M0821,2023-10-01
2023-08-20,304.72887,303.75077,1.00322,M0820,2023-10-01
2023-08-19,304.69719,303.72884,1.00319,M0819,2023-10-01
2023-08-18,304.66552,303.7069,1.00316,M0818,2023-10-01
2023-08-17,304.63384,303.68497,1.00312,M0817,2023-10-01
2023-08-16,304.60216,303.66303,1.00309,M0816,2023-10-01
2023-08-15,304.57048,303.6411,1.00306,M0815,2023-10-01
2023-08-14,304.53881,303.61916,1.00303,M0814,2023-10-01
2023-08-13,304.50713,303.59723,1.003,M0813,2023-10-01
2023-08-12,304.47545,303.57529,1.00297,M0812,2023-10-01
2023-08-11,304.44377,303.55335,1.00293,M0811,2023-10-01
2023-08-10,304.4121,303.53142,1.0029,M0810,2023-10-01
2023-08-09,304.38042,303.50948,1.00287,M0809,2023-09-01
2023-08-08,304.34874,303.48755,1.00284,M0808,2023-09-01
2023-08-07,304.31706,303.46561,1.00281,M0807,2023-09-01
2023-08-06,304.28539,303.44368,1.00277,M0806,2023-09-01
2023-08-05,304.25371,303.42174,1.00274,M0805,2023-09-01
2023-08-04,304.22203,303.39981,1.00271,M0804,2023-09-01
2023-08-03,304.19035,303.37787,1.00268,M0803,2023-09-01
2023-08-02,304.15868,303.35594,1.00265,M0802,2023-09-01
2023-08-01,304.127,303.334,1.00261,M0801,2023-09-01
2023-07-31,304.10235,303.31823,1.00259,M0731,2023-09-01
2023-07-30,304.07771,303.30245,1.00256,M0730,2023-09-01
2023-07-29,304.05306,303.28668,1.00253,M0729,2023-09-01
2023-07-28,304.02842,303.2709,1.0025,M0728,2023-09-01
2023-07-27,304.00377,303.25513,1.00247,M0727,2023-09-01
2023-07-26,303.97913,303.23935,1.00244,M0726,2023-09-01
2023-07-25,303.95448,303.22358,1.00241,M0725,2023-09-01
2023-07-24,303.92984,303.20781,1.00238,M0724,2023-09-01
2023-07-23,303.90519,303.19203,1.00235,M0723,2023-09-01
2023-07-22,303.88055,303.17626,1.00232,M0722,2023-09-01
2023-07-21,303.8559,303.16048,1.00229,M0721,2023-09-01
2023-07-20,303.83126,303.14471,1.00226,M0720,2023-09-01
2023-07-19,303.80661,303.12894,1.00224,M0719,2023-09-01
2023-07-18,303.78197,303.11316,1.00221,M0718,2023-09-01
2023-07-17,303.75732,303.09739,1.00218,M0717,2023-09-01
2023-07-16,303.73268,303.08161,1.00215,M0716,2023-09-01
2023-07-15,303.70803,303.06584,1.00212,M0715,2023-09-01
2023-07-14,303.68339,303.05006,1.00209,M0714,2023-09-01
2023-07-13,303.65874,303.03429,1.00206,M0713,2023-09-01
2023-07-12,303.6341,303.01852,1.00203,M0712,2023-09-01
2023-07-11,303.60945,303.00274,1.002,M0711,2023-08-01
2023-07-10,303.58481,302.98697,1.00197,M0710,2023-08-01
2023-07-09,303.56016,302.97119,1.00194,M0709,2023-08-01
2023-07-08,303.53552,302.95542,1.00191,M0708,2023-08-01
2023-07-07,303.51087,302.93965,1.00189,M0707,2023-08-01
2023-07-06,303.48623,302.92387,1.00186,M0706,2023-08-01
2023-07-05,303.46158,302.9081,1.00183,M0705,2023-08-01
2023-07-04,303.43694,302.89232,1.0018,M0704,2023-08-01
2023-07-03,303.41229,302.87655,1.00177,M0703,2023-08-01
2023-07-02,303.38765,302.86077,1.00174,M0702,2023-08-01
2023-07-01,303.363,302.845,1.00171,M0701,2023-08-01
2023-06-30,303.3121,302.81087,1.00166,M0630,2023-08-01
2023-06-29,303.2612,302.77673,1.0016,M0629,2023-08-01
2023-06-28,303.2103,302.7426,1.00154,M0628,2023-08-01
2023-06-27,303.1594,302.70847,1.00149,M0627,2023-08-01
2023-06-26,303.1085,302.67433,1.00143,M0626,2023-08-01
2023-06-25,303.0576,302.6402,1.00138,M0625,2023-08-01
2023-06-24,303.0067,302.60607,1.00132,M0624,2023-08-01
2023-06-23,302.9558,302.57193,1.00127,M0623,2023-08-01
2023-06-22,302.9049,302.5378,1.00121,M0622,2023-08-01
2023-06-21,302.854,302.50367,1.00116,M0621,2023-08-01
2023-06-20,302.8031,302.46953,1.0011,M0620,2023-08-01
2023-06-19,302.7522,302.4354,1.00105,M0619,2023-08-01
2023-06-18,302.7013,302.40127,1.00099,M0618,2023-08-01
2023-06-17,302.6504,302.36713,1.00094,M0617,2023-08-01
2023-06-16,302.5995,302.333,1.00088,M0616,2023-08-01
2023-06-15,302.5486,302.29887,1.00083,M0615,2023-08-01
2023-06-14,302.4977,302.26473,1.00077,M0614,2023-08-01
2023-06-13,302.4468,302.2306,1.00072,M0613,2023-08-01
2023-06-12,302.3959,302.19647,1.00066,M0612,2023-07-01
2023-06-11,302.345,302.16233,1.0006,M0611,2023-07-01
2023-06-10,302.2941,302.1282,1.00055,M0610,2023-07-01
2023-06-09,302.2432,302.09407,1.00049,M0609,2023-07-01
2023-06-08,302.1923,302.05993,1.00044,M0608,2023-07-01
2023-06-07,302.1414,302.0258,1.00038,M0607,2023-07-01
2023-06-06,302.0905,301.99167,1.00033,M0606,2023-07-01
2023-06-05,302.0396,301.95753,1.00027,M0605,2023-07-01
2023-06-04,301.9887,301.9234,1.00022,M0604,2023-07-01
2023-06-03,301.9378,301.88927,1.00016,M0603,2023-07-01
2023-06-02,301.8869,301.85513,1.00011,M0602,2023-07-01
2023-06-01,301.836,301.821,1.00005,M0601,2023-07-01
2023-05-31,301.80387,301.80903,0.99998,M0531,2023-07-01
2023-05-30,301.77174,301.79706,0.99992,M0530,2023-07-01
2023-05-29,301.73961,301.7851,0.99985,M0529,2023-07-01
2023-05-28,301.70748,301.77313,0.99978,M0528,2023-07-01
2023-05-27,301.67535,301.76116,0.99972,M0527,2023-07-01
2023-05-26,301.64323,301.74919,0.99965,M0526,2023-07-01
2023-05-25,301.6111,301.73723,0.99958,M0525,2023-07-01
2023-05-24,301.57897,301.72526,0.99952,M0524,2023-07-01
2023-05-23,301.54684,301.71329,0.99945,M0523,2023-07-01
2023-05-22,301.51471,301.70132,0.99938,M0522,2023-07-01
2023-05-21,301.48258,301.68935,0.99931,M0521,2023-07-01
2023-05-20,301.45045,301.67739,0.99925,M0520,2023-07-01
2023-05-19,301.41832,301.66542,0.99918,M0519,2023-07-01
2023-05-18,301.38619,301.65345,0.99911,M0518,2023-07-01
2023-05-17,301.35406,301.64148,0.99905,M0517,2023-07-01
2023-05-16,301.32194,301.62952,0.99898,M0516,2023-07-01
2023-05-15,301.28981,301.61755,0.99891,M0515,2023-07-01
2023-05-14,301.25768,301.60558,0.99885,M0514,2023-07-01
2023-05-13,301.22555,301.59361,0.99878,M0513,2023-07-01
2023-05-12,301.19342,301.58165,0.99871,M0512,2023-07-01
2023-05-11,301.16129,301.56968,0.99865,M0511,2023-07-01
2023-05-10,301.12916,301.55771,0.99858,M0510,2023-07-01
2023-05-09,301.09703,301.54574,0.99851,M0509,2023-06-01
2023-05-08,301.0649,301.53377,0.99845,M0508,2023-06-01
2023-05-07,301.03277,301.52181,0.99838,M0507,2023-06-01
2023-05-06,301.00065,301.50984,0.99831,M0506,2023-06-01
2023-05-05,300.96852,301.49787,0.99824,M0505,2023-06-01
2023-05-04,300.93639,301.4859,0.99818,M0504,2023-06-01
2023-05-03,300.90426,301.47394,0.99811,M0503,2023-06-01
2023-05-02,300.87213,301.46197,0.99804,M0502,2023-06-01
2023-05-01,300.84,301.45,0.99798,M0501,2023-06-01
2023-04-30,300.78433,301.41567,0.99791,M0430,2023-06-01
2023-04-29,300.72867,301.38133,0.99783,M0429,2023-06-01
2023-04-28,300.673,301.347,0.99776,M0428,2023-06-01
2023-04-27,300.61733,301.31267,0.99769,M0427,2023-06-01
2023-04-26,300.56167,301.27833,0.99762,M0426,2023-06-01
2023-04-25,300.506,301.244,0.99755,M0425,2023-06-01
2023-04-24,300.45033,301.20967,0.99748,M0424,2023-06-01
2023-04-23,300.39467,301.17533,0.99741,M0423,2023-06-01
2023-04-22,300.339,301.141,0.99734,M0422,2023-06-01
2023-04-21,300.28333,301.10667,0.99727,M0421,2023-06-01
2023-04-20,300.22767,301.07233,0.99719,M0420,2023-06-01
2023-04-19,300.172,301.038,0.99712,M0419,2023-06-01
2023-04-18,300.11633,301.00367,0.99705,M0418,2023-06-01
2023-04-17,300.06067,300.96933,0.99698,M0417,2023-06-01
2023-04-16,300.005,300.935,0.99691,M0416,2023-06-01
2023-04-15,299.94933,300.90067,0.99684,M0415,2023-06-01
2023-04-14,299.89367,300.86633,0.99677,M0414,2023-06-01
2023-04-13,299.838,300.832,0.9967,M0413,2023-06-01
2023-04-12,299.78233,300.79767,0.99662,M0412,2023-06-01
2023-04-11,299.72667,300.76333,0.99655,M0411,2023-05-01
2023-04-10,299.671,300.729,0.99648,M0410,2023-05-01
2023-04-09,299.61533,300.69467,0.99641,M0409,2023-05-01
2023-04-08,299.55967,300.66033,0.99634,M0408,2023-05-01
2023-04-07,299.504,300.626,0.99627,M0407,2023-05-01
2023-04-06,299.44833,300.59167,0.9962,M0406,2023-05-01
2023-04-05,299.39267,300.55733,0.99612,M0405,2023-05-01
2023-04-04,299.337,300.523,0.99605,M0404,2023-05-01
2023-04-03,299.28133,300.48867,0.99598,M0403,2023-05-01
2023-04-02,299.22567,300.45433,0.99591,M0402,2023-05-01
2023-04-01,299.17,300.42,0.99584,M0401,2023-05-01
2023-03-31,299.09345,300.36877,0.99575,M0331,2023-05-01
2023-03-30,299.0169,300.31755,0.99567,M0330,2023-05-01
2023-03-29,298.94035,300.26632,0.99558,M0329,2023-05-01
2023-03-28,298.86381,300.2151,0.9955,M0328,2023-05-01
2023-03-27,298.78726,300.16387,0.99541,M0327,2023-05-01
2023-03-26,298.71071,300.11265,0.99533,M0326,2023-05-01
2023-03-25,298.63416,300.06142,0.99524,M0325,2023-05-01
2023-03-24,298.55761,300.01019,0.99516,M0324,2023-05-01
2023-03-23,298.48106,299.95897,0.99507,M0323,2023-05-01
2023-03-22,298.40452,299.90774,0.99499,M0322,2023-05-01
2023-03-21,298.32797,299.85652,0.9949,M0321,2023-05-01
2023-03-20,298.25142,299.80529,0.99482,M0320,2023-05-01
2023-03-19,298.17487,299.75406,0.99473,M0319,2023-05-01
2023-03-18,298.09832,299.70284,0.99465,M0318,2023-05-01
2023-03-17,298.02177,299.65161,0.99456,M0317,2023-05-01
2023-03-16,297.94523,299.60039,0.99448,M0316,2023-05-01
2023-03-15,297.86868,299.54916,0.99439,M0315,2023-05-01
2023-03-14,297.79213,299.49794,0.9943,M0314,2023-05-01
2023-03-13,297.71558,299.44671,0.99422,M0313,2023-04-01
2023-03-12,297.63903,299.39548,0.99413,M0312,2023-04-01
2023-03-11,297.56248,299.34426,0.99405,M0311,2023-04-01
2023-03-10,297.48594,299.29303,0.99396,M0310,2023-04-01
2023-03-09,297.40939,299.24181,0.99388,M0309,2023-04-01
2023-03-08,297.33284,299.19058,0.99379,M0308,2023-04-01
2023-03-07,297.25629,299.13935,0.99371,M0307,2023-04-01
2023-03-06,297.17974,299.08813,0.99362,M0306,2023-04-01
2023-03-05,297.10319,299.0369,0.99353,M0305,2023-04-01
2023-03-04,297.02665,298.98568,0.99345,M0304,2023-04-01
2023-03-03,296.9501,298.93445,0.99336,M0303,2023-04-01
2023-03-02,296.87355,298.88323,0.99328,M0302,2023-04-01
2023-03-01,296.797,298.832,0.99319,M0301,2023-04-01
2023-02-28,296.82964,298.83036,0.9933,M0228,2023-04-01
2023-02-27,296.86229,298.82871,0.99342,M0227,2023-04-01
2023-02-26,296.89493,298.82707,0.99353,M0226,2023-04-01
2023-02-25,296.92757,298.82543,0.99365,M0225,2023-04-01
2023-02-24,296.96021,298.82379,0.99376,M0224,2023-04-01
2023-02-23,296.99286,298.82214,0.99388,M0223,2023-04-01
2023-02-22,297.0255,298.8205,0.99399,M0222,2023-04-01
2023-02-21,297.05814,298.81886,0.99411,M0221,2023-04-01
2023-02-20,297.09079,298.81721,0.99422,M0220,2023-04-01
2023-02-19,297.12343,298.81557,0.99434,M0219,2023-04-01
2023-02-18,297.15607,298.81393,0.99445,M0218,2023-04-01
2023-02-17,297.18871,298.81229,0.99457,M0217,2023-04-01
2023-02-16,297.22136,298.81064,0.99468,M0216,2023-04-01
2023-02-15,297.254,298.809,0.9948,M0215,2023-04-01
2023-02-14,297.28664,298.80736,0.99491,M0214,2023-04-01
2023-02-13,297.31929,298.80571,0.99503,M0213,2023-04-01
2023-02-12,297.35193,298.80407,0.99514,M0212,2023-04-01
2023-02-11,297.38457,298.80243,0.99525,M0211,2023-04-01
2023-02-10,297.41721,298.80079,0.99537,M0210,2023-04-01
2023-02-09,297.44986,298.79914,0.99548,M0209,2023-03-01
2023-02-08,297.4825,298.7975,0.9956,M0208,2023-03-01
2023-02-07,297.51514,298.79586,0.99571,M0207,2023-03-01
2023-02-06,297.54779,298.79421,0.99583,M0206,2023-03-01
2023-02-05,297.58043,298.79257,0.99594,M0205,2023-03-01
2023-02-04,297.61307,298.79093,0.99606,M0204,2023-03-01
2023-02-03,297.64571,298.78929,0.99617,M0203,2023-03-01
2023-02-02,297.67836,298.78764,0.99629,M0202,2023-03-01
2023-02-01,297.711,298.786,0.9964,M0201,2023-03-01
2023-01-31,297.72071,298.76087,0.99652,M0131,2023-03-01
2023-01-30,297.73042,298.73574,0.99663,M0130,2023-03-01
2023-01-29,297.74013,298.71061,0.99675,M0129,2023-03-01
2023-01-28,297.74984,298.68548,0.99687,M0128,2023-03-01
2023-01-27,297.75955,298.66035,0.99698,M0127,2023-03-01
2023-01-26,297.76926,298.63523,0.9971,M0126,2023-03-01
2023-01-25,297.77897,298.6101,0.99722,M0125,2023-03-01
2023-01-24,297.78868,298.58497,0.99733,M0124,2023-03-01
2023-01-23,297.79839,298.55984,0.99745,M0123,2023-03-01
2023-01-22,297.8081,298.53471,0.99757,M0122,2023-03-01
2023-01-21,297.81781,298.50958,0.99768,M0121,2023-03-01
2023-01-20,297.82752,298.48445,0.9978,M0120,2023-03-01
2023-01-19,297.83723,298.45932,0.99792,M0119,2023-03-01
2023-01-18,297.84694,298.43419,0.99803,M0118,2023-03-01
2023-01-17,297.85665,298.40906,0.99815,M0117,2023-03-01
2023-01-16,297.86635,298.38394,0.99827,M0116,2023-03-01
2023-01-15,297.87606,298.35881,0.99838,M0115,2023-03-01
2023-01-14,297.88577,298.33368,0.9985,M0114,2023-03-01
2023-01-13,297.89548,298.30855,0.99862,M0113,2023-03-01
2023-01-12,297.90519,298.28342,0.99873,M0112,2023-03-01
2023-01-11,297.9149,298.25829,0.99885,M0111,2023-02-01
2023-01-10,297.92461,298.23316,0.99897,M0110,2023-02-01
2023-01-09,297.93432,298.20803,0.99908,M0109,2023-02-01
2023-01-08,297.94403,298.1829,0.9992,M0108,2023-02-01
2023-01-07,297.95374,298.15777,0.99932,M0107,2023-02-01
2023-01-06,297.96345,298.13265,0.99943,M0106,2023-02-01
2023-01-05,297.97316,298.10752,0.99955,M0105,2023-02-01
2023-01-04,297.98287,298.08239,0.99967,M0104,2023-02-01
2023-01-03,297.99258,298.05726,0.99978,M0103,2023-02-01
2023-01-02,298.00229,298.03213,0.9999,M0102,2023-02-01
2023-01-01,298.012,298.007,1.00002,M0101,2023-02-01
2022-12-31,297.97316,297.95352,1.00007,M1231,2023-02-01
2022-12-30,297.93432,297.90003,1.00012,M1230,2023-02-01
2022-12-29,297.89548,297.84655,1.00016,M1229,2023-02-01
2022-12-28,297.85665,297.79306,1.00021,M1228,2023-02-01
2022-12-27,297.81781,297.73958,1.00026,M1227,2023-02-01
2022-12-26,297.77897,297.6861,1.00031,M1226,2023-02-01
2022-12-25,297.74013,297.63261,1.00036,M1225,2023-02-01
2022-12-24,297.70129,297.57913,1.00041,M1224,2023-02-01
2022-12-23,297.66245,297.52565,1.00046,M1223,2023-02-01
2022-12-22,297.62361,297.47216,1.00051,M1222,2023-02-01
2022-12-21,297.58477,297.41868,1.00056,M1221,2023-02-01
2022-12-20,297.54594,297.36519,1.00061,M1220,2023-02-01
2022-12-19,297.5071,297.31171,1.00066,M1219,2023-02-01
2022-12-18,297.46826,297.25823,1.00071,M1218,2023-02-01
2022-12-17,297.42942,297.20474,1.00076,M1217,2023-02-01
2022-12-16,297.39058,297.15126,1.00081,M1216,2023-02-01
2022-12-15,297.35174,297.09777,1.00085,M1215,2023-02-01
2022-12-14,297.3129,297.04429,1.0009,M1214,2023-02-01
2022-12-13,297.27406,296.99081,1.00095,M1213,2023-02-01
2022-12-12,297.23523,296.93732,1.001,M1212,2023-01-01
2022-12-11,297.19639,296.88384,1.00105,M1211,2023-01-01
2022-12-10,297.15755,296.83035,1.0011,M1210,2023-01-01
2022-12-09,297.11871,296.77687,1.00115,M1209,2023-01-01
2022-12-08,297.07987,296.72339,1.0012,M1208,2023-01-01
2022-12-07,297.04103,296.6699,1.00125,M1207,2023-01-01
2022-12-06,297.00219,296.61642,1.0013,M1206,2023-01-01
2022-12-05,296.96335,296.56294,1.00135,M1205,2023-01-01
2022-12-04,296.92452,296.50945,1.0014,M1204,2023-01-01
2022-12-03,296.88568,296.45597,1.00145,M1203,2023-01-01
2022-12-02,296.84684,296.40248,1.0015,M1202,2023-01-01
2022-12-01,296.808,296.349,1.00155,M1201,2023-01-01
2022-11-30,296.78677,296.30727,1.00162,M1130,2023-01-01
2022-11-29,296.76553,296.26553,1.00169,M1129,2023-01-01
2022-11-28,296.7443,296.2238,1.00176,M1128,2023-01-01
2022-11-27,296.72307,296.18207,1.00183,M1127,2023-01-01
2022-11-26,296.70183,296.14033,1.0019,M1126,2023-01-01
2022-11-25,296.6806,296.0986,1.00197,M1125,2023-01-01
2022-11-24,296.65937,296.05687,1.00204,M1124,2023-01-01
2022-11-23,296.63813,296.01513,1.0021,M1123,2023-01-01
2022-11-22,296.6169,295.9734,1.00217,M1122,2023-01-01
2022-11-21,296.59567,295.93167,1.00224,M1121,2023-01-01
2022-11-20,296.57443,295.88993,1.00231,M1120,2023-01-01
2022-11-19,296.5532,295.8482,1.00238,M1119,2023-01-01
2022-11-18,296.53197,295.80647,1.00245,M1118,2023-01-01
2022-11-17,296.51073,295.76473,1.00252,M1117,2023-01-01
2022-11-16,296.4895,295.723,1.00259,M1116,2023-01-01
2022-11-15,296.46827,295.68127,1.00266,M1115,2023-01-01
2022-11-14,296.44703,295.63953,1.00273,M1114,2023-01-01
2022-11-13,296.4258,295.5978,1.0028,M1113,2023-01-01
2022-11-12,296.40457,295.55607,1.00287,M1112,2023-01-01
2022-11-11,296.38333,295.51433,1.00294,M1111,2023-01-01
2022-11-10,296.3621,295.4726,1.00301,M1110,2023-01-01
2022-11-09,296.34087,295.43087,1.00308,M1109,2022-12-01
2022-11-08,296.31963,295.38913,1.00315,M1108,2022-12-01
2022-11-07,296.2984,295.3474,1.00322,M1107,2022-12-01
2022-11-06,296.27717,295.30567,1.00329,M1106,2022-12-01
2022-11-05,296.25593,295.26393,1.00336,M1105,2022-12-01
2022-11-04,296.2347,295.2222,1.00343,M1104,2022-12-01
2022-11-03,296.21347,295.18047,1.0035,M1103,2022-12-01
2022-11-02,296.19223,295.13873,1.00357,M1102,2022-12-01
2022-11-01,296.171,295.097,1.00364,M1101,2022-12-01
2022-10-31,296.17439,295.09106,1.00367,M1031,2022-12-01
2022-10-30,296.17777,295.08513,1.0037,M1030,2022-12-01
2022-10-29,296.18116,295.07919,1.00373,M1029,2022-12-01
2022-10-28,296.18455,295.07326,1.00377,M1028,2022-12-01
2022-10-27,296.18794,295.06732,1.0038,M1027,2022-12-01
2022-10-26,296.19132,295.06139,1.00383,M1026,2022-12-01
2022-10-25,296.19471,295.05545,1.00386,M1025,2022-12-01
2022-10-24,296.1981,295.04952,1.00389,M1024,2022-12-01
2022-10-23,296.20148,295.04358,1.00392,M1023,2022-12-01
2022-10-22,296.20487,295.03765,1.00396,M1022,2022-12-01
2022-10-21,296.20826,295.03171,1.00399,M1021,2022-12-01
2022-10-20,296.21165,295.02577,1.00402,M1020,2022-12-01
2022-10-19,296.21503,295.01984,1.00405,M1019,2022-12-01
2022-10-18,296.21842,295.0139,1.00408,M1018,2022-12-01
2022-10-17,296.22181,295.00797,1.00411,M1017,2022-12-01
2022-10-16,296.22519,295.00203,1.00415,M1016,2022-12-01
2022-10-15,296.22858,294.9961,1.00418,M1015,2022-12-01
2022-10-14,296.23197,294.99016,1.00421,M1014,2022-12-01
2022-10-13,296.23535,294.98423,1.00424,M1013,2022-12-01
2022-10-12,296.23874,294.97829,1.00427,M1012,2022-11-01
2022-10-11,296.24213,294.97235,1.0043,M1011,2022-11-01
2022-10-10,296.24552,294.96642,1.00434,M1010,2022-11-01
2022-10-09,296.2489,294.96048,1.00437,M1009,2022-11-01
2022-10-08,296.25229,294.95455,1.0044,M1008,2022-11-01
2022-10-07,296.25568,294.94861,1.00443,M1007,2022-11-01
2022-10-06,296.25906,294.94268,1.00446,M1006,2022-11-01
2022-10-05,296.26245,294.93674,1.00449,M1005,2022-11-01
2022-10-04,296.26584,294.93081,1.00453,M1004,2022-11-01
2022-10-03,296.26923,294.92487,1.00456,M1003,2022-11-01
2022-10-02,296.27261,294.91894,1.00459,M1002,2022-11-01
2022-10-01,296.276,294.913,1.00462,M1001,2022-11-01
2022-09-30,296.27717,294.91447,1.00462,M0930,2022-11-01
2022-09-29,296.27833,294.91593,1.00462,M0929,2022-11-01
2022-09-28,296.2795,294.9174,1.00462,M0928,2022-11-01
2022-09-27,296.28067,294.91887,1.00462,M0927,2022-11-01
2022-09-26,296.28183,294.92033,1.00462,M0926,2022-11-01
2022-09-25,296.283,294.9218,1.00462,M0925,2022-11-01
2022-09-24,296.28417,294.92327,1.00461,M0924,2022-11-01
2022-09-23,296.28533,294.92473,1.00461,M0923,2022-11-01
2022-09-22,296.2865,294.9262,1.00461,M0922,2022-11-01
2022-09-21,296.28767,294.92767,1.00461,M0921,2022-11-01
2022-09-20,296.28883,294.92913,1.00461,M0920,2022-11-01
2022-09-19,296.29,294.9306,1.00461,M0919,2022-11-01
2022-09-18,296.29117,294.93207,1.00461,M0918,2022-11-01
2022-09-17,296.29233,294.93353,1.00461,M0917,2022-11-01
2022-09-16,296.2935,294.935,1.00461,M0916,2022-11-01
2022-09-15,296.29467,294.93647,1.00461,M0915,2022-11-01
2022-09-14,296.29583,294.93793,1.0046,M0914,2022-11-01
2022-09-13,296.297,294.9394,1.0046,M0913,2022-11-01
2022-09-12,296.29817,294.94087,1.0046,M0912,2022-10-01
2022-09-11,296.29933,294.94233,1.0046,M0911,2022-10-01
2022-09-10,296.3005,294.9438,1.0046,M0910,2022-10-01
2022-09-09,296.30167,294.94527,1.0046,M0909,2022-10-01
2022-09-08,296.30283,294.94673,1.0046,M0908,2022-10-01
2022-09-07,296.304,294.9482,1.0046,M0907,2022-10-01
2022-09-06,296.30517,294.94967,1.0046,M0906,2022-10-01
2022-09-05,296.30633,294.95113,1.00459,M0905,2022-10-01
2022-09-04,296.3075,294.9526,1.00459,M0904,2022-10-01
2022-09-03,296.30867,294.95407,1.00459,M0903,2022-10-01
2022-09-02,296.30983,294.95553,1.00459,M0902,2022-10-01
2022-09-01,296.311,294.957,1.00459,M0901,2022-10-01
2022-08-31,296.18148,294.83897,1.00455,M0831,2022-10-01
2022-08-30,296.05197,294.72094,1.00452,M0830,2022-10-01
2022-08-29,295.92245,294.6029,1.00448,M0829,2022-10-01
2022-08-28,295.79294,294.48487,1.00444,M0828,2022-10-01
2022-08-27,295.66342,294.36684,1.0044,M0827,2022-10-01
2022-08-26,295.5339,294.24881,1.00437,M0826,2022-10-01
2022-08-25,295.40439,294.13077,1.00433,M0825,2022-10-01
2022-08-24,295.27487,294.01274,1.00429,M0824,2022-10-01
2022-08-23,295.14535,293.89471,1.00426,M0823,2022-10-01
2022-08-22,295.01584,293.77668,1.00422,M0822,2022-10-01
2022-08-21,294.88632,293.65865,1.00418,M0821,2022-10-01
2022-08-20,294.75681,293.54061,1.00414,M0820,2022-10-01
2022-08-19,294.62729,293.42258,1.00411,M0819,2022-10-01
2022-08-18,294.49777,293.30455,1.00407,M0818,2022-10-01
2022-08-17,294.36826,293.18652,1.00403,M0817,2022-10-01
2022-08-16,294.23874,293.06848,1.00399,M0816,2022-10-01
2022-08-15,294.10923,292.95045,1.00396,M0815,2022-10-01
2022-08-14,293.97971,292.83242,1.00392,M0814,2022-10-01
2022-08-13,293.85019,292.71439,1.00388,M0813,2022-10-01
2022-08-12,293.72068,292.59635,1.00384,M0812,2022-10-01
2022-08-11,293.59116,292.47832,1.0038,M0811,2022-10-01
2022-08-10,293.46165,292.36029,1.00377,M0810,2022-10-01
2022-08-09,293.33213,292.24226,1.00373,M0809,2022-09-01
2022-08-08,293.20261,292.12423,1.00369,M0808,2022-09-01
2022-08-07,293.0731,292.00619,1.00365,M0807,2022-09-01
2022-08-06,292.94358,291.88816,1.00362,M0806,2022-09-01
2022-08-05,292.81406,291.77013,1.00358,M0805,2022-09-01
2022-08-04,292.68455,291.6521,1.00354,M0804,2022-09-01
2022-08-03,292.55503,291.53406,1.0035,M0803,2022-09-01
2022-08-02,292.42552,291.41603,1.00346,M0802,2022-09-01
2022-08-01,292.296,291.298,1.00343,M0801,2022-09-01
2022-07-31,292.19319,291.20971,1.00338,M0731,2022-09-01
2022-07-30,292.09039,291.12142,1.00333,M0730,2022-09-01
2022-07-29,291.98758,291.03313,1.00328,M0729,2022-09-01
2022-07-28,291.88477,290.94484,1.00323,M0728,2022-09-01
2022-07-27,291.78197,290.85655,1.00318,M0727,2022-09-01
2022-07-26,291.67916,290.76826,1.00313,M0726,2022-09-01
2022-07-25,291.57635,290.67997,1.00308,M0725,2022-09-01
2022-07-24,291.47355,290.59168,1.00303,M0724,2022-09-01
2022-07-23,291.37074,290.50339,1.00299,M0723,2022-09-01
2022-07-22,291.26794,290.4151,1.00294,M0722,2022-09-01
2022-07-21,291.16513,290.32681,1.00289,M0721,2022-09-01
2022-07-20,291.06232,290.23852,1.00284,M0720,2022-09-01
2022-07-19,290.95952,290.15023,1.00279,M0719,2022-09-01
2022-07-18,290.85671,290.06194,1.00274,M0718,2022-09-01
2022-07-17,290.7539,289.97365,1.00269,M0717,2022-09-01
2022-07-16,290.6511,289.88535,1.00264,M0716,2022-09-01
2022-07-15,290.54829,289.79706,1.00259,M0715,2022-09-01
2022-07-14,290.44548,289.70877,1.00254,M0714,2022-09-01
2022-07-13,290.34268,289.62048,1.00249,M0713,2022-09-01
2022-07-12,290.23987,289.53219,1.00244,M0712,2022-08-01
2022-07-11,290.13706,289.4439,1.00239,M0711,2022-08-01
2022-07-10,290.03426,289.35561,1.00235,M0710,2022-08-01
2022-07-09,289.93145,289.26732,1.0023,M0709,2022-08-01
2022-07-08,289.82865,289.17903,1.00225,M0708,2022-08-01
2022-07-07,289.72584,289.09074,1.0022,M0707,2022-08-01
2022-07-06,289.62303,289.00245,1.00215,M0706,2022-08-01
2022-07-05,289.52023,288.91416,1.0021,M0705,2022-08-01
2022-07-04,289.41742,288.82587,1.00205,M0704,2022-08-01
2022-07-03,289.31461,288.73758,1.002,M0703,2022-08-01
2022-07-02,289.21181,288.64929,1.00195,M0702,2022-08-01
2022-07-01,289.109,288.561,1.0019,M0701,2022-08-01
2022-06-30,289.0555,288.53143,1.00182,M0630,2022-08-01
2022-06-29,289.002,288.50187,1.00173,M0629,2022-08-01
2022-06-28,288.9485,288.4723,1.00165,M0628,2022-08-01
2022-06-27,288.895,288.44273,1.00157,M0627,2022-08-01
2022-06-26,288.8415,288.41317,1.00149,M0626,2022-08-01
2022-06-25,288.788,288.3836,1.0014,M0625,2022-08-01
2022-06-24,288.7345,288.35403,1.00132,M0624,2022-08-01
2022-06-23,288.681,288.32447,1.00124,M0623,2022-08-01
2022-06-22,288.6275,288.2949,1.00115,M0622,2022-08-01
2022-06-21,288.574,288.26533,1.00107,M0621,2022-08-01
2022-06-20,288.5205,288.23577,1.00099,M0620,2022-08-01
2022-06-19,288.467,288.2062,1.0009,M0619,2022-08-01
2022-06-18,288.4135,288.17663,1.00082,M0618,2022-08-01
2022-06-17,288.36,288.14707,1.00074,M0617,2022-08-01
2022-06-16,288.3065,288.1175,1.00066,M0616,2022-08-01
2022-06-15,288.253,288.08793,1.00057,M0615,2022-08-01
2022-06-14,288.1995,288.05837,1.00049,M0614,2022-08-01
2022-06-13,288.146,288.0288,1.00041,M0613,2022-08-01
2022-06-12,288.0925,287.99923,1.00032,M0612,2022-08-01
2022-06-11,288.039,287.96967,1.00024,M0611,2022-08-01
2022-06-10,287.9855,287.9401,1.00016,M0610,2022-08-01
2022-06-09,287.932,287.91053,1.00007,M0609,2022-07-01
2022-06-08,287.8785,287.88097,0.99999,M0608,2022-07-01
2022-06-07,287.825,287.8514,0.99991,M0607,2022-07-01
2022-06-06,287.7715,287.82183,0.99983,M0606,2022-07-01
2022-06-05,287.718,287.79227,0.99974,M0605,2022-07-01
2022-06-04,287.6645,287.7627,0.99966,M0604,2022-07-01
2022-06-03,287.611,287.73313,0.99958,M0603,2022-07-01
2022-06-02,287.5575,287.70357,0.99949,M0602,2022-07-01
2022-06-01,287.504,287.674,0.99941,M0601,2022-07-01
2022-05-31,287.38181,287.57161,0.99934,M0531,2022-07-01
2022-05-30,287.25961,287.46923,0.99927,M0530,2022-07-01
2022-05-29,287.13742,287.36684,0.9992,M0529,2022-07-01
2022-05-28,287.01523,287.26445,0.99913,M0528,2022-07-01
2022-05-27,286.89303,287.16206,0.99906,M0527,2022-07-01
2022-05-26,286.77084,287.05968,0.99899,M0526,2022-07-01
2022-05-25,286.64865,286.95729,0.99892,M0525,2022-07-01
2022-05-24,286.52645,286.8549,0.99885,M0524,2022-07-01
2022-05-23,286.40426,286.75252,0.99879,M0523,2022-07-01
2022-05-22,286.28206,286.65013,0.99872,M0522,2022-07-01
2022-05-21,286.15987,286.54774,0.99865,M0521,2022-07-01
2022-05-20,286.03768,286.44535,0.99858,M0520,2022-07-01
2022-05-19,285.91548,286.34297,0.99851,M0519,2022-07-01
2022-05-18,285.79329,286.24058,0.99844,M0518,2022-07-01
2022-05-17,285.6711,286.13819,0.99837,M0517,2022-07-01
2022-05-16,285.5489,286.03581,0.9983,M0516,2022-07-01
2022-05-15,285.42671,285.93342,0.99823,M0515,2022-07-01
2022-05-14,285.30452,285.83103,0.99816,M0514,2022-07-01
2022-05-13,285.18232,285.72865,0.99809,M0513,2022-07-01
2022-05-12,285.06013,285.62626,0.99802,M0512,2022-07-01
2022-05-11,284.93794,285.52387,0.99795,M0511,2022-07-01
2022-05-10,284.81574,285.42148,0.99788,M0510,2022-06-01
2022-05-09,284.69355,285.3191,0.99781,M0509,2022-06-01
2022-05-08,284.57135,285.21671,0.99774,M0508,2022-06-01
2022-05-07,284.44916,285.11432,0.99767,M0507,2022-06-01
2022-05-06,284.32697,285.01194,0.9976,M0506,2022-06-01
2022-05-05,284.20477,284.90955,0.99753,M0505,2022-06-01
2022-05-04,284.08258,284.80716,0.99746,M0504,2022-06-01
2022-05-03,283.96039,284.70477,0.99739,M0503,2022-06-01
2022-05-02,283.83819,284.60239,0.99731,M0502,2022-06-01
2022-05-01,283.716,284.5,0.99724,M0501,2022-06-01
2022-04-30,283.6304,284.43477,0.99717,M0430,2022-06-01
2022-04-29,283.5448,284.36953,0.9971,M0429,2022-06-01
2022-04-28,283.4592,284.3043,0.99703,M0428,2022-06-01
2022-04-27,283.3736,284.23907,0.99696,M0427,2022-06-01
2022-04-26,283.288,284.17383,0.99688,M0426,2022-06-01
2022-04-25,283.2024,284.1086,0.99681,M0425,2022-06-01
2022-04-24,283.1168,284.04337,0.99674,M0424,2022-06-01
2022-04-23,283.0312,283.97813,0.99667,M0423,2022-06-01
2022-04-22,282.9456,283.9129,0.99659,M0422,2022-06-01
2022-04-21,282.86,283.84767,0.99652,M0421,2022-06-01
2022-04-20,282.7744,283.78243,0.99645,M0420,2022-06-01
2022-04-19,282.6888,283.7172,0.99638,M0419,2022-06-01
2022-04-18,282.6032,283.65197,0.9963,M0418,2022-06-01
2022-04-17,282.5176,283.58673,0.99623,M0417,2022-06-01
2022-04-16,282.432,283.5215,0.99616,M0416,2022-06-01
2022-04-15,282.3464,283.45627,0.99608,M0415,2022-06-01
2022-04-14,282.2608,283.39103,0.99601,M0414,2022-06-01
2022-04-13,282.1752,283.3258,0.99594,M0413,2022-06-01
2022-04-12,282.0896,283.26057,0.99587,M0412,2022-06-01
2022-04-11,282.004,283.19533,0.99579,M0411,2022-05-01
2022-04-10,281.9184,283.1301,0.99572,M0410,2022-05-01
2022-04-09,281.8328,283.06487,0.99565,M0409,2022-05-01
2022-04-08,281.7472,282.99963,0.99557,M0408,2022-05-01
2022-04-07,281.6616,282.9344,0.9955,M0407,2022-05-01
2022-04-06,281.576,282.86917,0.99543,M0406,2022-05-01
2022-04-05,281.4904,282.80393,0.99536,M0405,2022-05-01
2022-04-04,281.4048,282.7387,0.99528,M0404,2022-05-01
2022-04-03,281.3192,282.67347,0.99521,M0403,2022-05-01
2022-04-02,281.2336,282.60823,0.99514,M0402,2022-05-01
2022-04-01,281.148,282.543,0.99506,M0401,2022-05-01
2022-03-31,281.07232,282.48823,0.99499,M0331,2022-05-01
2022-03-30,280.99665,282.43345,0.99491,M0330,2022-05-01
2022-03-29,280.92097,282.37868,0.99484,M0329,2022-05-01
2022-03-28,280.84529,282.3239,0.99476,M0328,2022-05-01
2022-03-27,280.76961,282.26913,0.99469,M0327,2022-05-01
2022-03-26,280.69394,282.21435,0.99461,M0326,2022-05-01
2022-03-25,280.61826,282.15958,0.99454,M0325,2022-05-01
2022-03-24,280.54258,282.10481,0.99446,M0324,2022-05-01
2022-03-23,280.4669,282.05003,0.99439,M0323,2022-05-01
2022-03-22,280.39123,281.99526,0.99431,M0322,2022-05-01
2022-03-21,280.31555,281.94048,0.99424,M0321,2022-05-01
2022-03-20,280.23987,281.88571,0.99416,M0320,2022-05-01
2022-03-19,280.16419,281.83094,0.99409,M0319,2022-05-01
2022-03-18,280.08852,281.77616,0.99401,M0318,2022-05-01
2022-03-17,280.01284,281.72139,0.99394,M0317,2022-05-01
2022-03-16,279.93716,281.66661,0.99386,M0316,2022-05-01
2022-03-15,279.86148,281.61184,0.99378,M0315,2022-05-01
2022-03-14,279.78581,281.55706,0.99371,M0314,2022-05-01
2022-03-13,279.71013,281.50229,0.99363,M0313,2022-05-01
2022-03-12,279.63445,281.44752,0.99356,M0312,2022-05-01
2022-03-11,279.55877,281.39274,0.99348,M0311,2022-05-01
2022-03-10,279.4831,281.33797,0.99341,M0310,2022-05-01
2022-03-09,279.40742,281.28319,0.99333,M0309,2022-04-01
2022-03-08,279.33174,281.22842,0.99326,M0308,2022-04-01
2022-03-07,279.25606,281.17365,0.99318,M0307,2022-04-01
2022-03-06,279.18039,281.11887,0.9931,M0306,2022-04-01
2022-03-05,279.10471,281.0641,0.99303,M0305,2022-04-01
2022-03-04,279.02903,281.00932,0.99295,M0304,2022-04-01
2022-03-03,278.95335,280.95455,0.99288,M0303,2022-04-01
2022-03-02,278.87768,280.89977,0.9928,M0302,2022-04-01
2022-03-01,278.802,280.845,0.99273,M0301,2022-04-01
2022-02-28,278.7715,280.77621,0.99286,M0228,2022-04-01
2022-02-27,278.741,280.70743,0.99299,M0227,2022-04-01
2022-02-26,278.7105,280.63864,0.99313,M0226,2022-04-01
2022-02-25,278.68,280.56986,0.99326,M0225,2022-04-01
2022-02-24,278.6495,280.50107,0.9934,M0224,2022-04-01
2022-02-23,278.619,280.43229,0.99353,M0223,2022-04-01
2022-02-22,278.5885,280.3635,0.99367,M0222,2022-04-01
2022-02-21,278.558,280.29471,0.9938,M0221,2022-04-01
2022-02-20,278.5275,280.22593,0.99394,M0220,2022-04-01
2022-02-19,278.497,280.15714,0.99407,M0219,2022-04-01
2022-02-18,278.4665,280.08836,0.99421,M0218,2022-04-01
2022-02-17,278.436,280.01957,0.99434,M0217,2022-04-01
2022-02-16,278.4055,279.95079,0.99448,M0216,2022-04-01
2022-02-15,278.375,279.882,0.99462,M0215,2022-04-01
2022-02-14,278.3445,279.81321,0.99475,M0214,2022-04-01
2022-02-13,278.314,279.74443,0.99489,M0213,2022-04-01
2022-02-12,278.2835,279.67564,0.99502,M0212,2022-04-01
2022-02-11,278.253,279.60686,0.99516,M0211,2022-04-01
2022-02-10,278.2225,279.53807,0.99529,M0210,2022-04-01
2022-02-09,278.192,279.46929,0.99543,M0209,2022-04-01
2022-02-08,278.1615,279.4005,0.99557,M0208,2022-04-01
2022-02-07,278.131,279.33171,0.9957,M0207,2022-03-01
2022-02-06,278.1005,279.26293,0.99584,M0206,2022-03-01
2022-02-05,278.07,279.19414,0.99597,M0205,2022-03-01
2022-02-04,278.0395,279.12536,0.99611,M0204,2022-03-01
2022-02-03,278.009,279.05657,0.99625,M0203,2022-03-01
2022-02-02,277.9785,278.98779,0.99638,M0202,2022-03-01
2022-02-01,277.948,278.919,0.99652,M0201,2022-03-01
2022-01-31,277.90416,278.84258,0.99663,M0131,2022-03-01
2022-01-30,277.86032,278.76616,0.99675,M0130,2022-03-01
2022-01-29,277.81648,278.68974,0.99687,M0129,2022-03-01
2022-01-28,277.77265,278.61332,0.99698,M0128,2022-03-01
2022-01-27,277.72881,278.5369,0.9971,M0127,2022-03-01
2022-01-26,277.68497,278.46048,0.99721,M0126,2022-03-01
2022-01-25,277.64113,278.38406,0.99733,M0125,2022-03-01
2022-01-24,277.59729,278.30765,0.99745,M0124,2022-03-01
2022-01-23,277.55345,278.23123,0.99756,M0123,2022-03-01
2022-01-22,277.50961,278.15481,0.99768,M0122,2022-03-01
2022-01-21,277.46577,278.07839,0.9978,M0121,2022-03-01
2022-01-20,277.42194,278.00197,0.99791,M0120,2022-03-01
2022-01-19,277.3781,277.92555,0.99803,M0119,2022-03-01
2022-01-18,277.33426,277.84913,0.99815,M0118,2022-03-01
2022-01-17,277.29042,277.77271,0.99826,M0117,2022-03-01
2022-01-16,277.24658,277.69629,0.99838,M0116,2022-03-01
2022-01-15,277.20274,277.61987,0.9985,M0115,2022-03-01
2022-01-14,277.1589,277.54345,0.99861,M0114,2022-03-01
2022-01-13,277.11506,277.46703,0.99873,M0113,2022-03-01
2022-01-12,277.07123,277.39061,0.99885,M0112,2022-03-01
2022-01-11,277.02739,277.31419,0.99897,M0111,2022-02-01
2022-01-10,276.98355,277.23777,0.99908,M0110,2022-02-01
2022-01-09,276.93971,277.16135,0.9992,M0109,2022-02-01
2022-01-08,276.89587,277.08494,0.99932,M0108,2022-02-01
2022-01-07,276.85203,277.00852,0.99944,M0107,2022-02-01
2022-01-06,276.80819,276.9321,0.99955,M0106,2022-02-01
2022-01-05,276.76435,276.85568,0.99967,M0105,2022-02-01
2022-01-04,276.72052,276.77926,0.99979,M0104,2022-02-01
2022-01-03,276.67668,276.70284,0.99991,M0103,2022-02-01
2022-01-02,276.63284,276.62642,1.00002,M0102,2022-02-01
2022-01-01,276.589,276.55,1.00014,M0101,2022-02-01
2021-12-31,276.51548,276.46484,1.00018,M1231,2022-02-01
2021-12-30,276.44197,276.37968,1.00023,M1230,2022-02-01
2021-12-29,276.36845,276.29452,1.00027,M1229,2022-02-01
2021-12-28,276.29494,276.20935,1.00031,M1228,2022-02-01
2021-12-27,276.22142,276.12419,1.00035,M1227,2022-02-01
2021-12-26,276.1479,276.03903,1.00039,M1226,2022-02-01
2021-12-25,276.07439,275.95387,1.00044,M1225,2022-02-01
2021-12-24,276.00087,275.86871,1.00048,M1224,2022-02-01
2021-12-23,275.92735,275.78355,1.00052,M1223,2022-02-01
2021-12-22,275.85384,275.69839,1.00056,M1222,2022-02-01
2021-12-21,275.78032,275.61323,1.00061,M1221,2022-02-01
2021-12-20,275.70681,275.52806,1.00065,M1220,2022-02-01
2021-12-19,275.63329,275.4429,1.00069,M1219,2022-02-01
2021-12-18,275.55977,275.35774,1.00073,M1218,2022-02-01
2021-12-17,275.48626,275.27258,1.00078,M1217,2022-02-01
2021-12-16,275.41274,275.18742,1.00082,M1216,2022-02-01
2021-12-15,275.33923,275.10226,1.00086,M1215,2022-02-01
2021-12-14,275.26571,275.0171,1.0009,M1214,2022-02-01
2021-12-13,275.19219,274.93194,1.00095,M1213,2022-02-01
2021-12-12,275.11868,274.84677,1.00099,M1212,2022-02-01
2021-12-11,275.04516,274.76161,1.00103,M1211,2022-02-01
2021-12-10,274.97165,274.67645,1.00107,M1210,2022-02-01
2021-12-09,274.89813,274.59129,1.00112,M1209,2022-01-01
2021-12-08,274.82461,274.50613,1.00116,M1208,2022-01-01
2021-12-07,274.7511,274.42097,1.0012,M1207,2022-01-01
2021-12-06,274.67758,274.33581,1.00125,M1206,2022-01-01
2021-12-05,274.60406,274.25065,1.00129,M1205,2022-01-01
2021-12-04,274.53055,274.16548,1.00133,M1204,2022-01-01
2021-12-03,274.45703,274.08032,1.00137,M1203,2022-01-01
2021-12-02,274.38352,273.99516,1.00142,M1202,2022-01-01
2021-12-01,274.31,273.91,1.00146,M1201,2022-01-01
2021-11-30,274.28523,273.86887,1.00152,M1130,2022-01-01
2021-11-29,274.26047,273.82773,1.00158,M1129,2022-01-01
2021-11-28,274.2357,273.7866,1.00164,M1128,2022-01-01
2021-11-27,274.21093,273.74547,1.0017,M1127,2022-01-01
2021-11-26,274.18617,273.70433,1.00176,M1126,2022-01-01
2021-11-25,274.1614,273.6632,1.00182,M1125,2022-01-01
2021-11-24,274.13663,273.62207,1.00188,M1124,2022-01-01
2021-11-23,274.11187,273.58093,1.00194,M1123,2022-01-01
2021-11-22,274.0871,273.5398,1.002,M1122,2022-01-01
2021-11-21,274.06233,273.49867,1.00206,M1121,2022-01-01
2021-11-20,274.03757,273.45753,1.00212,M1120,2022-01-01
2021-11-19,274.0128,273.4164,1.00218,M1119,2022-01-01
2021-11-18,273.98803,273.37527,1.00224,M1118,2022-01-01
2021-11-17,273.96327,273.33413,1.0023,M1117,2022-01-01
2021-11-16,273.9385,273.293,1.00236,M1116,2022-01-01
2021-11-15,273.91373,273.25187,1.00242,M1115,2022-01-01
2021-11-14,273.88897,273.21073,1.00248,M1114,2022-01-01
2021-11-13,273.8642,273.1696,1.00254,M1113,2022-01-01
2021-11-12,273.83943,273.12847,1.0026,M1112,2022-01-01
2021-11-11,273.81467,273.08733,1.00266,M1111,2022-01-01
2021-11-10,273.7899,273.0462,1.00272,M1110,2022-01-01
2021-11-09,273.76513,273.00507,1.00278,M1109,2021-12-01
2021-11-08,273.74037,272.96393,1.00284,M1108,2021-12-01
2021-11-07,273.7156,272.9228,1.0029,M1107,2021-12-01
2021-11-06,273.69083,272.88167,1.00297,M1106,2021-12-01
2021-11-05,273.66607,272.84053,1.00303,M1105,2021-12-01
2021-11-04,273.6413,272.7994,1.00309,M1104,2021-12-01
2021-11-03,273.61653,272.75827,1.00315,M1103,2021-12-01
2021-11-02,273.59177,272.71713,1.00321,M1102,2021-12-01
2021-11-01,273.567,272.676,1.00327,M1101,2021-12-01
2021-10-31,273.54881,272.65106,1.00329,M1031,2021-12-01
2021-10-30,273.53061,272.62613,1.00332,M1030,2021-12-01
2021-10-29,273.51242,272.60119,1.00334,M1029,2021-12-01
2021-10-28,273.49423,272.57626,1.00337,M1028,2021-12-01
2021-10-27,273.47603,272.55132,1.00339,M1027,2021-12-01
2021-10-26,273.45784,272.52639,1.00342,M1026,2021-12-01
2021-10-25,273.43965,272.50145,1.00344,M1025,2021-12-01
2021-10-24,273.42145,272.47652,1.00347,M1024,2021-12-01
2021-10-23,273.40326,272.45158,1.00349,M1023,2021-12-01
2021-10-22,273.38506,272.42665,1.00352,M1022,2021-12-01
2021-10-21,273.36687,272.40171,1.00354,M1021,2021-12-01
2021-10-20,273.34868,272.37677,1.00357,M1020,2021-12-01
2021-10-19,273.33048,272.35184,1.00359,M1019,2021-12-01
2021-10-18,273.31229,272.3269,1.00362,M1018,2021-12-01
2021-10-17,273.2941,272.30197,1.00364,M1017,2021-12-01
2021-10-16,273.2759,272.27703,1.00367,M1016,2021-12-01
2021-10-15,273.25771,272.2521,1.00369,M1015,2021-12-01
2021-10-14,273.23952,272.22716,1.00372,M1014,2021-12-01
2021-10-13,273.22132,272.20223,1.00374,M1013,2021-12-01
2021-10-12,273.20313,272.17729,1.00377,M1012,2021-11-01
2021-10-11,273.18494,272.15235,1.00379,M1011,2021-11-01
2021-10-10,273.16674,272.12742,1.00382,M1010,2021-11-01
2021-10-09,273.14855,272.10248,1.00384,M1009,2021-11-01
2021-10-08,273.13035,272.07755,1.00387,M1008,2021-11-01
2021-10-07,273.11216,272.05261,1.00389,M1007,2021-11-01
2021-10-06,273.09397,272.02768,1.00392,M1006,2021-11-01
2021-10-05,273.07577,272.00274,1.00394,M1005,2021-11-01
2021-10-04,273.05758,271.97781,1.00397,M1004,2021-11-01
2021-10-03,273.03939,271.95287,1.004,M1003,2021-11-01
2021-10-02,273.02119,271.92794,1.00402,M1002,2021-11-01
2021-10-01,273.003,271.903,1.00405,M1001,2021-11-01
2021-09-30,272.95943,271.86137,1.00404,M0930,2021-11-01
2021-09-29,272.91587,271.81973,1.00403,M0929,2021-11-01
2021-09-28,272.8723,271.7781,1.00403,M0928,2021-11-01
2021-09-27,272.82873,271.73647,1.00402,M0927,2021-11-01
2021-09-26,272.78517,271.69483,1.00401,M0926,2021-11-01
2021-09-25,272.7416,271.6532,1.00401,M0925,2021-11-01
2021-09-24,272.69803,271.61157,1.004,M0924,2021-11-01
2021-09-23,272.65447,271.56993,1.00399,M0923,2021-11-01
2021-09-22,272.6109,271.5283,1.00399,M0922,2021-11-01
2021-09-21,272.56733,271.48667,1.00398,M0921,2021-11-01
2021-09-20,272.52377,271.44503,1.00397,M0920,2021-11-01
2021-09-19,272.4802,271.4034,1.00397,M0919,2021-11-01
2021-09-18,272.43663,271.36177,1.00396,M0918,2021-11-01
2021-09-17,272.39307,271.32013,1.00395,M0917,2021-11-01
2021-09-16,272.3495,271.2785,1.00395,M0916,2021-11-01
2021-09-15,272.30593,271.23687,1.00394,M0915,2021-11-01
2021-09-14,272.26237,271.19523,1.00393,M0914,2021-11-01
2021-09-13,272.2188,271.1536,1.00393,M0913,2021-10-01
2021-09-12,272.17523,271.11197,1.00392,M0912,2021-10-01
2021-09-11,272.13167,271.07033,1.00392,M0911,2021-10-01
2021-09-10,272.0881,271.0287,1.00391,M0910,2021-10-01
2021-09-09,272.04453,270.98707,1.0039,M0909,2021-10-01
2021-09-08,272.00097,270.94543,1.0039,M0908,2021-10-01
2021-09-07,271.9574,270.9038,1.00389,M0907,2021-10-01
2021-09-06,271.91383,270.86217,1.00388,M0906,2021-10-01
2021-09-05,271.87027,270.82053,1.00388,M0905,2021-10-01
2021-09-04,271.8267,270.7789,1.00387,M0904,2021-10-01
2021-09-03,271.78313,270.73727,1.00386,M0903,2021-10-01
2021-09-02,271.73957,270.69563,1.00386,M0902,2021-10-01
2021-09-01,271.696,270.654,1.00385,M0901,2021-10-01
2021-08-31,271.61532,270.58074,1.00382,M0831,2021-10-01
2021-08-30,271.53465,270.50748,1.0038,M0830,2021-10-01
2021-08-29,271.45397,270.43423,1.00377,M0829,2021-10-01
2021-08-28,271.37329,270.36097,1.00374,M0828,2021-10-01
2021-08-27,271.29261,270.28771,1.00372,M0827,2021-10-01
2021-08-26,271.21194,270.21445,1.00369,M0826,2021-10-01
2021-08-25,271.13126,270.14119,1.00366,M0825,2021-10-01
2021-08-24,271.05058,270.06794,1.00364,M0824,2021-10-01
2021-08-23,270.9699,269.99468,1.00361,M0823,2021-10-01
2021-08-22,270.88923,269.92142,1.00359,M0822,2021-10-01
2021-08-21,270.80855,269.84816,1.00356,M0821,2021-10-01
2021-08-20,270.72787,269.7749,1.00353,M0820,2021-10-01
2021-08-19,270.64719,269.70165,1.00351,M0819,2021-10-01
2021-08-18,270.56652,269.62839,1.00348,M0818,2021-10-01
2021-08-17,270.48584,269.55513,1.00345,M0817,2021-10-01
2021-08-16,270.40516,269.48187,1.00343,M0816,2021-10-01
2021-08-15,270.32448,269.40861,1.0034,M0815,2021-10-01
2021-08-14,270.24381,269.33535,1.00337,M0814,2021-10-01
2021-08-13,270.16313,269.2621,1.00335,M0813,2021-10-01
2021-08-12,270.08245,269.18884,1.00332,M0812,2021-10-01
2021-08-11,270.00177,269.11558,1.00329,M0811,2021-10-01
2021-08-10,269.9211,269.04232,1.00327,M0810,2021-09-01
2021-08-09,269.84042,268.96906,1.00324,M0809,2021-09-01
2021-08-08,269.75974,268.89581,1.00321,M0808,2021-09-01
2021-08-07,269.67906,268.82255,1.00319,M0807,2021-09-01
2021-08-06,269.59839,268.74929,1.00316,M0806,2021-09-01
2021-08-05,269.51771,268.67603,1.00313,M0805,2021-09-01
2021-08-04,269.43703,268.60277,1.00311,M0804,2021-09-01
2021-08-03,269.35635,268.52952,1.00308,M0803,2021-09-01
2021-08-02,269.27568,268.45626,1.00305,M0802,2021-09-01
2021-08-01,269.195,268.383,1.00303,M0801,2021-09-01
2021-07-31,269.12594,268.32594,1.00298,M0731,2021-09-01
2021-07-30,269.05687,268.26887,1.00294,M0730,2021-09-01
2021-07-29,268.98781,268.21181,1.00289,M0729,2021-09-01
2021-07-28,268.91874,268.15474,1.00285,M0728,2021-09-01
2021-07-27,268.84968,268.09768,1.0028,M0727,2021-09-01
2021-07-26,268.78061,268.04061,1.00276,M0726,2021-09-01
2021-07-25,268.71155,267.98355,1.00272,M0725,2021-09-01
2021-07-24,268.64248,267.92648,1.00267,M0724,2021-09-01
2021-07-23,268.57342,267.86942,1.00263,M0723,2021-09-01
2021-07-22,268.50435,267.81235,1.00258,M0722,2021-09-01
2021-07-21,268.43529,267.75529,1.00254,M0721,2021-09-01
2021-07-20,268.36623,267.69823,1.0025,M0720,2021-09-01
2021-07-19,268.29716,267.64116,1.00245,M0719,2021-09-01
2021-07-18,268.2281,267.5841,1.00241,M0718,2021-09-01
2021-07-17,268.15903,267.52703,1.00236,M0717,2021-09-01
2021-07-16,268.08997,267.46997,1.00232,M0716,2021-09-01
2021-07-15,268.0209,267.4129,1.00227,M0715,2021-09-01
2021-07-14,267.95184,267.35584,1.00223,M0714,2021-09-01
2021-07-13,267.88277,267.29877,1.00218,M0713,2021-09-01
2021-07-12,267.81371,267.24171,1.00214,M0712,2021-08-01
2021-07-11,267.74465,267.18465,1.0021,M0711,2021-08-01
2021-07-10,267.67558,267.12758,1.00205,M0710,2021-08-01
2021-07-09,267.60652,267.07052,1.00201,M0709,2021-08-01
2021-07-08,267.53745,267.01345,1.00196,M0708,2021-08-01
2021-07-07,267.46839,266.95639,1.00192,M0707,2021-08-01
2021-07-06,267.39932,266.89932,1.00187,M0706,2021-08-01
2021-07-05,267.33026,266.84226,1.00183,M0705,2021-08-01
2021-07-04,267.26119,266.78519,1.00178,M0704,2021-08-01
2021-07-03,267.19213,266.72813,1.00174,M0703,2021-08-01
2021-07-02,267.12306,266.67106,1.00169,M0702,2021-08-01
2021-07-01,267.054,266.614,1.00165,M0701,2021-08-01
2021-06-30,266.98143,266.5589,1.00159,M0630,2021-08-01
2021-06-29,266.90887,266.5038,1.00152,M0629,2021-08-01
2021-06-28,266.8363,266.4487,1.00145,M0628,2021-08-01
2021-06-27,266.76373,266.3936,1.00139,M0627,2021-08-01
2021-06-26,266.69117,266.3385,1.00132,M0626,2021-08-01
2021-06-25,266.6186,266.2834,1.00126,M0625,2021-08-01
2021-06-24,266.54603,266.2283,1.00119,M0624,2021-08-01
2021-06-23,266.47347,266.1732,1.00113,M0623,2021-08-01
2021-06-22,266.4009,266.1181,1.00106,M0622,2021-08-01
2021-06-21,266.32833,266.063,1.001,M0621,2021-08-01
2021-06-20,266.25577,266.0079,1.00093,M0620,2021-08-01
2021-06-19,266.1832,265.9528,1.00087,M0619,2021-08-01
2021-06-18,266.11063,265.8977,1.0008,M0618,2021-08-01
2021-06-17,266.03807,265.8426,1.00074,M0617,2021-08-01
2021-06-16,265.9655,265.7875,1.00067,M0616,2021-08-01
2021-06-15,265.89293,265.7324,1.0006,M0615,2021-08-01
2021-06-14,265.82037,265.6773,1.00054,M0614,2021-08-01
2021-06-13,265.7478,265.6222,1.00047,M0613,2021-08-01
2021-06-12,265.67523,265.5671,1.00041,M0612,2021-08-01
2021-06-11,265.60267,265.512,1.00034,M0611,2021-08-01
2021-06-10,265.5301,265.4569,1.00028,M0610,2021-08-01
2021-06-09,265.45753,265.4018,1.00021,M0609,2021-07-01
2021-06-08,265.38497,265.3467,1.00014,M0608,2021-07-01
2021-06-07,265.3124,265.2916,1.00008,M0607,2021-07-01
2021-06-06,265.23983,265.2365,1.00001,M0606,2021-07-01
2021-06-05,265.16727,265.1814,0.99995,M0605,2021-07-01
2021-06-04,265.0947,265.1263,0.99988,M0604,2021-07-01
2021-06-03,265.02213,265.0712,0.99981,M0603,2021-07-01
2021-06-02,264.94957,265.0161,0.99975,M0602,2021-07-01
2021-06-01,264.877,264.961,0.99968,M0601,2021-07-01
2021-05-31,264.8169,264.91642,0.99962,M0531,2021-07-01
2021-05-30,264.75681,264.87184,0.99957,M0530,2021-07-01
2021-05-29,264.69671,264.82726,0.99951,M0529,2021-07-01
2021-05-28,264.63661,264.78268,0.99945,M0528,2021-07-01
2021-05-27,264.57652,264.7381,0.99939,M0527,2021-07-01
2021-05-26,264.51642,264.69352,0.99933,M0526,2021-07-01
2021-05-25,264.45632,264.64894,0.99927,M0525,2021-07-01
2021-05-24,264.39623,264.60435,0.99921,M0524,2021-07-01
2021-05-23,264.33613,264.55977,0.99915,M0523,2021-07-01
2021-05-22,264.27603,264.51519,0.9991,M0522,2021-07-01
2021-05-21,264.21594,264.47061,0.99904,M0521,2021-07-01
2021-05-20,264.15584,264.42603,0.99898,M0520,2021-07-01
2021-05-19,264.09574,264.38145,0.99892,M0519,2021-07-01
2021-05-18,264.03565,264.33687,0.99886,M0518,2021-07-01
2021-05-17,263.97555,264.29229,0.9988,M0517,2021-07-01
2021-05-16,263.91545,264.24771,0.99874,M0516,2021-07-01
2021-05-15,263.85535,264.20313,0.99868,M0515,2021-07-01
2021-05-14,263.79526,264.15855,0.99862,M0514,2021-07-01
2021-05-13,263.73516,264.11397,0.99857,M0513,2021-07-01
2021-05-12,263.67506,264.06939,0.99851,M0512,2021-07-01
2021-05-11,263.61497,264.02481,0.99845,M0511,2021-06-01
2021-05-10,263.55487,263.98023,0.99839,M0510,2021-06-01
2021-05-09,263.49477,263.93565,0.99833,M0509,2021-06-01
2021-05-08,263.43468,263.89106,0.99827,M0508,2021-06-01
2021-05-07,263.37458,263.84648,0.99821,M0507,2021-06-01
2021-05-06,263.31448,263.8019,0.99815,M0506,2021-06-01
2021-05-05,263.25439,263.75732,0.99809,M0505,2021-06-01
2021-05-04,263.19429,263.71274,0.99803,M0504,2021-06-01
2021-05-03,263.13419,263.66816,0.99797,M0503,2021-06-01
2021-05-02,263.0741,263.62358,0.99792,M0502,2021-06-01
2021-05-01,263.014,263.579,0.99786,M0501,2021-06-01
2021-04-30,262.96627,263.54927,0.99779,M0430,2021-06-01
2021-04-29,262.91853,263.51953,0.99772,M0429,2021-06-01
2021-04-28,262.8708,263.4898,0.99765,M0428,2021-06-01
2021-04-27,262.82307,263.46007,0.99758,M0427,2021-06-01
2021-04-26,262.77533,263.43033,0.99751,M0426,2021-06-01
2021-04-25,262.7276,263.4006,0.99744,M0425,2021-06-01
2021-04-24,262.67987,263.37087,0.99738,M0424,2021-06-01
2021-04-23,262.63213,263.34113,0.99731,M0423,2021-06-01
2021-04-22,262.5844,263.3114,0.99724,M0422,2021-06-01
2021-04-21,262.53667,263.28167,0.99717,M0421,2021-06-01
2021-04-20,262.48893,263.25193,0.9971,M0420,2021-06-01
2021-04-19,262.4412,263.2222,0.99703,M0419,2021-06-01
2021-04-18,262.39347,263.19247,0.99696,M0418,2021-06-01
2021-04-17,262.34573,263.16273,0.9969,M0417,2021-06-01
2021-04-16,262.298,263.133,0.99683,M0416,2021-06-01
2021-04-15,262.25027,263.10327,0.99676,M0415,2021-06-01
2021-04-14,262.20253,263.07353,0.99669,M0414,2021-06-01
2021-04-13,262.1548,263.0438,0.99662,M0413,2021-06-01
2021-04-12,262.10707,263.01407,0.99655,M0412,2021-05-01
2021-04-11,262.05933,262.98433,0.99648,M0411,2021-05-01
2021-04-10,262.0116,262.9546,0.99641,M0410,2021-05-01
2021-04-09,261.96387,262.92487,0.99634,M0409,2021-05-01
2021-04-08,261.91613,262.89513,0.99628,M0408,2021-05-01
2021-04-07,261.8684,262.8654,0.99621,M0407,2021-05-01
2021-04-06,261.82067,262.83567,0.99614,M0406,2021-05-01
2021-04-05,261.77293,262.80593,0.99607,M0405,2021-05-01
2021-04-04,261.7252,262.7762,0.996,M0404,2021-05-01
2021-04-03,261.67747,262.74647,0.99593,M0403,2021-05-01
2021-04-02,261.62973,262.71673,0.99586,M0402,2021-05-01
2021-04-01,261.582,262.687,0.99579,M0401,2021-05-01
2021-03-31,261.54626,262.66629,0.99574,M0331,2021-05-01
2021-03-30,261.51052,262.64558,0.99568,M0330,2021-05-01
2021-03-29,261.47477,262.62487,0.99562,M0329,2021-05-01
2021-03-28,261.43903,262.60416,0.99556,M0328,2021-05-01
2021-03-27,261.40329,262.58345,0.99551,M0327,2021-05-01
2021-03-26,261.36755,262.56274,0.99545,M0326,2021-05-01
2021-03-25,261.33181,262.54203,0.99539,M0325,2021-05-01
2021-03-24,261.29606,262.52132,0.99533,M0324,2021-05-01
2021-03-23,261.26032,262.50061,0.99528,M0323,2021-05-01
2021-03-22,261.22458,262.4799,0.99522,M0322,2021-05-01
2021-03-21,261.18884,262.45919,0.99516,M0321,2021-05-01
2021-03-20,261.1531,262.43848,0.9951,M0320,2021-05-01
2021-03-19,261.11735,262.41777,0.99504,M0319,2021-05-01
2021-03-18,261.08161,262.39706,0.99499,M0318,2021-05-01
2021-03-17,261.04587,262.37635,0.99493,M0317,2021-05-01
2021-03-16,261.01013,262.35565,0.99487,M0316,2021-05-01
2021-03-15,260.97439,262.33494,0.99481,M0315,2021-05-01
2021-03-14,260.93865,262.31423,0.99476,M0314,2021-05-01
2021-03-13,260.9029,262.29352,0.9947,M0313,2021-05-01
2021-03-12,260.86716,262.27281,0.99464,M0312,2021-05-01
2021-03-11,260.83142,262.2521,0.99458,M0311,2021-05-01
2021-03-10,260.79568,262.23139,0.99453,M0310,2021-05-01
2021-03-09,260.75994,262.21068,0.99447,M0309,2021-04-01
2021-03-08,260.72419,262.18997,0.99441,M0308,2021-04-01
2021-03-07,260.68845,262.16926,0.99435,M0307,2021-04-01
2021-03-06,260.65271,262.14855,0.99429,M0306,2021-04-01
2021-03-05,260.61697,262.12784,0.99424,M0305,2021-04-01
2021-03-04,260.58123,262.10713,0.99418,M0304,2021-04-01
2021-03-03,260.54548,262.08642,0.99412,M0303,2021-04-01
2021-03-02,260.50974,262.06571,0.99406,M0302,2021-04-01
2021-03-01,260.474,262.045,0.994,M0301,2021-04-01
2021-02-28,260.46525,262.0045,0.99413,M0228,2021-04-01
2021-02-27,260.4565,261.964,0.99425,M0227,2021-04-01
2021-02-26,260.44775,261.9235,0.99437,M0226,2021-04-01
2021-02-25,260.439,261.883,0.99449,M0225,2021-04-01
2021-02-24,260.43025,261.8425,0.99461,M0224,2021-04-01
2021-02-23,260.4215,261.802,0.99473,M0223,2021-04-01
2021-02-22,260.41275,261.7615,0.99485,M0222,2021-04-01
2021-02-21,260.404,261.721,0.99497,M0221,2021-04-01
2021-02-20,260.39525,261.6805,0.99509,M0220,2021-04-01
2021-02-19,260.3865,261.64,0.99521,M0219,2021-04-01
2021-02-18,260.37775,261.5995,0.99533,M0218,2021-04-01
2021-02-17,260.369,261.559,0.99545,M0217,2021-04-01
2021-02-16,260.36025,261.5185,0.99557,M0216,2021-04-01
2021-02-15,260.3515,261.478,0.99569,M0215,2021-04-01
2021-02-14,260.34275,261.4375,0.99581,M0214,2021-04-01
2021-02-13,260.334,261.397,0.99593,M0213,2021-04-01
2021-02-12,260.32525,261.3565,0.99605,M0212,2021-04-01
2021-02-11,260.3165,261.316,0.99618,M0211,2021-04-01
2021-02-10,260.30775,261.2755,0.9963,M0210,2021-04-01
2021-02-09,260.299,261.235,0.99642,M0209,2021-04-01
2021-02-08,260.29025,261.1945,0.99654,M0208,2021-04-01
2021-02-07,260.2815,261.154,0.99666,M0207,2021-03-01
2021-02-06,260.27275,261.1135,0.99678,M0206,2021-03-01
2021-02-05,260.264,261.073,0.9969,M0205,2021-03-01
2021-02-04,260.25525,261.0325,0.99702,M0204,2021-03-01
2021-02-03,260.2465,260.992,0.99714,M0203,2021-03-01
2021-02-02,260.23775,260.9515,0.99726,M0202,2021-03-01
2021-02-01,260.229,260.911,0.99739,M0201,2021-03-01
2021-01-31,260.23413,260.8919,0.99748,M0131,2021-03-01
2021-01-30,260.23926,260.87281,0.99757,M0130,2021-03-01
2021-01-29,260.24439,260.85371,0.99766,M0129,2021-03-01
2021-01-28,260.24952,260.83461,0.99776,M0128,2021-03-01
2021-01-27,260.25465,260.81552,0.99785,M0127,2021-03-01
2021-01-26,260.25977,260.79642,0.99794,M0126,2021-03-01
2021-01-25,260.2649,260.77732,0.99804,M0125,2021-03-01
2021-01-24,260.27003,260.75823,0.99813,M0124,2021-03-01
2021-01-23,260.27516,260.73913,0.99822,M0123,2021-03-01
2021-01-22,260.28029,260.72003,0.99831,M0122,2021-03-01
2021-01-21,260.28542,260.70094,0.99841,M0121,2021-03-01
2021-01-20,260.29055,260.68184,0.9985,M0120,2021-03-01
2021-01-19,260.29568,260.66274,0.99859,M0119,2021-03-01
2021-01-18,260.30081,260.64365,0.99868,M0118,2021-03-01
2021-01-17,260.30594,260.62455,0.99878,M0117,2021-03-01
2021-01-16,260.31106,260.60545,0.99887,M0116,2021-03-01
2021-01-15,260.31619,260.58635,0.99896,M0115,2021-03-01
2021-01-14,260.32132,260.56726,0.99906,M0114,2021-03-01
2021-01-13,260.32645,260.54816,0.99915,M0113,2021-03-01
2021-01-12,260.33158,260.52906,0.99924,M0112,2021-02-01
2021-01-11,260.33671,260.50997,0.99933,M0111,2021-02-01
2021-01-10,260.34184,260.49087,0.99943,M0110,2021-02-01
2021-01-09,260.34697,260.47177,0.99952,M0109,2021-02-01
2021-01-08,260.3521,260.45268,0.99961,M0108,2021-02-01
2021-01-07,260.35723,260.43358,0.99971,M0107,2021-02-01
2021-01-06,260.36235,260.41448,0.9998,M0106,2021-02-01
2021-01-05,260.36748,260.39539,0.99989,M0105,2021-02-01
2021-01-04,260.37261,260.37629,0.99999,M0104,2021-02-01
2021-01-03,260.37774,260.35719,1.00008,M0103,2021-02-01
2021-01-02,260.38287,260.3381,1.00017,M0102,2021-02-01
2021-01-01,260.388,260.319,1.00027,M0101,2021-02-01
2020-12-31,260.38452,260.30861,1.00029,M1231,2021-02-01
2020-12-30,260.38103,260.29823,1.00032,M1230,2021-02-01
2020-12-29,260.37755,260.28784,1.00034,M1229,2021-02-01
2020-12-28,260.37406,260.27745,1.00037,M1228,2021-02-01
2020-12-27,260.37058,260.26706,1.0004,M1227,2021-02-01
2020-12-26,260.3671,260.25668,1.00042,M1226,2021-02-01
2020-12-25,260.36361,260.24629,1.00045,M1225,2021-02-01
2020-12-24,260.36013,260.2359,1.00048,M1224,2021-02-01
2020-12-23,260.35665,260.22552,1.0005,M1223,2021-02-01
2020-12-22,260.35316,260.21513,1.00053,M1222,2021-02-01
2020-12-21,260.34968,260.20474,1.00056,M1221,2021-02-01
2020-12-20,260.34619,260.19435,1.00058,M1220,2021-02-01
2020-12-19,260.34271,260.18397,1.00061,M1219,2021-02-01
2020-12-18,260.33923,260.17358,1.00064,M1218,2021-02-01
2020-12-17,260.33574,260.16319,1.00066,M1217,2021-02-01
2020-12-16,260.33226,260.15281,1.00069,M1216,2021-02-01
2020-12-15,260.32877,260.14242,1.00072,M1215,2021-02-01
2020-12-14,260.32529,260.13203,1.00074,M1214,2021-02-01
2020-12-13,260.32181,260.12165,1.00077,M1213,2021-02-01
2020-12-12,260.31832,260.11126,1.0008,M1212,2021-02-01
2020-12-11,260.31484,260.10087,1.00082,M1211,2021-02-01
2020-12-10,260.31135,260.09048,1.00085,M1210,2021-02-01
2020-12-09,260.30787,260.0801,1.00088,M1209,2021-01-01
2020-12-08,260.30439,260.06971,1.0009,M1208,2021-01-01
2020-12-07,260.3009,260.05932,1.00093,M1207,2021-01-01
2020-12-06,260.29742,260.04894,1.00096,M1206,2021-01-01
2020-12-05,260.29394,260.03855,1.00098,M1205,2021-01-01
2020-12-04,260.29045,260.02816,1.00101,M1204,2021-01-01
2020-12-03,260.28697,260.01777,1.00104,M1203,2021-01-01
2020-12-02,260.28348,260.00739,1.00106,M1202,2021-01-01
2020-12-01,260.28,259.997,1.00109,M1201,2021-01-01
2020-11-30,260.26793,259.9743,1.00113,M1130,2021-01-01
2020-11-29,260.25587,259.9516,1.00117,M1129,2021-01-01
2020-11-28,260.2438,259.9289,1.00121,M1128,2021-01-01
2020-11-27,260.23173,259.9062,1.00125,M1127,2021-01-01
2020-11-26,260.21967,259.8835,1.00129,M1126,2021-01-01
2020-11-25,260.2076,259.8608,1.00133,M1125,2021-01-01
2020-11-24,260.19553,259.8381,1.00138,M1124,2021-01-01
2020-11-23,260.18347,259.8154,1.00142,M1123,2021-01-01
2020-11-22,260.1714,259.7927,1.00146,M1122,2021-01-01
2020-11-21,260.15933,259.77,1.0015,M1121,2021-01-01
2020-11-20,260.14727,259.7473,1.00154,M1120,2021-01-01
2020-11-19,260.1352,259.7246,1.00158,M1119,2021-01-01
2020-11-18,260.12313,259.7019,1.00162,M1118,2021-01-01
2020-11-17,260.11107,259.6792,1.00166,M1117,2021-01-01
2020-11-16,260.099,259.6565,1.0017,M1116,2021-01-01
2020-11-15,260.08693,259.6338,1.00175,M1115,2021-01-01
2020-11-14,260.07487,259.6111,1.00179,M1114,2021-01-01
2020-11-13,260.0628,259.5884,1.00183,M1113,2021-01-01
2020-11-12,260.05073,259.5657,1.00187,M1112,2021-01-01
2020-11-11,260.03867,259.543,1.00191,M1111,2020-12-01
2020-11-10,260.0266,259.5203,1.00195,M1110,2020-12-01
2020-11-09,260.01453,259.4976,1.00199,M1109,2020-12-01
2020-11-08,260.00247,259.4749,1.00203,M1108,2020-12-01
2020-11-07,259.9904,259.4522,1.00207,M1107,2020-12-01
2020-11-06,259.97833,259.4295,1.00212,M1106,2020-12-01
2020-11-05,259.96627,259.4068,1.00216,M1105,2020-12-01
2020-11-04,259.9542,259.3841,1.0022,M1104,2020-12-01
2020-11-03,259.94213,259.3614,1.00224,M1103,2020-12-01
2020-11-02,259.93007,259.3387,1.00228,M1102,2020-12-01
2020-11-01,259.918,259.316,1.00232,M1101,2020-12-01
2020-10-31,259.89165,259.2849,1.00234,M1031,2020-12-01
2020-10-30,259.86529,259.25381,1.00236,M1030,2020-12-01
2020-10-29,259.83894,259.22271,1.00238,M1029,2020-12-01
2020-10-28,259.81258,259.19161,1.0024,M1028,2020-12-01
2020-10-27,259.78623,259.16052,1.00241,M1027,2020-12-01
2020-10-26,259.75987,259.12942,1.00243,M1026,2020-12-01
2020-10-25,259.73352,259.09832,1.00245,M1025,2020-12-01
2020-10-24,259.70716,259.06723,1.00247,M1024,2020-12-01
2020-10-23,259.68081,259.03613,1.00249,M1023,2020-12-01
2020-10-22,259.65445,259.00503,1.00251,M1022,2020-12-01
2020-10-21,259.6281,258.97394,1.00253,M1021,2020-12-01
2020-10-20,259.60174,258.94284,1.00254,M1020,2020-12-01
2020-10-19,259.57539,258.91174,1.00256,M1019,2020-12-01
2020-10-18,259.54903,258.88065,1.00258,M1018,2020-12-01
2020-10-17,259.52268,258.84955,1.0026,M1017,2020-12-01
2020-10-16,259.49632,258.81845,1.00262,M1016,2020-12-01
2020-10-15,259.46997,258.78735,1.00264,M1015,2020-12-01
2020-10-14,259.44361,258.75626,1.00266,M1014,2020-12-01
2020-10-13,259.41726,258.72516,1.00268,M1013,2020-12-01
2020-10-12,259.3909,258.69406,1.00269,M1012,2020-11-01
2020-10-11,259.36455,258.66297,1.00271,M1011,2020-11-01
2020-10-10,259.33819,258.63187,1.00273,M1010,2020-11-01
2020-10-09,259.31184,258.60077,1.00275,M1009,2020-11-01
2020-10-08,259.28548,258.56968,1.00277,M1008,2020-11-01
2020-10-07,259.25913,258.53858,1.00279,M1007,2020-11-01
2020-10-06,259.23277,258.50748,1.00281,M1006,2020-11-01
2020-10-05,259.20642,258.47639,1.00282,M1005,2020-11-01
2020-10-04,259.18006,258.44529,1.00284,M1004,2020-11-01
2020-10-03,259.15371,258.41419,1.00286,M1003,2020-11-01
2020-10-02,259.12735,258.3831,1.00288,M1002,2020-11-01
2020-10-01,259.101,258.352,1.0029,M1001,2020-11-01
2020-09-30,259.05753,258.30833,1.0029,M0930,2020-11-01
2020-09-29,259.01407,258.26467,1.0029,M0929,2020-11-01
2020-09-28,258.9706,258.221,1.0029,M0928,2020-11-01
2020-09-27,258.92713,258.17733,1.0029,M0927,2020-11-01
2020-09-26,258.88367,258.13367,1.00291,M0926,2020-11-01
2020-09-25,258.8402,258.09,1.00291,M0925,2020-11-01
2020-09-24,258.79673,258.04633,1.00291,M0924,2020-11-01
2020-09-23,258.75327,258.00267,1.00291,M0923,2020-11-01
2020-09-22,258.7098,257.959,1.00291,M0922,2020-11-01
2020-09-21,258.66633,257.91533,1.00291,M0921,2020-11-01
2020-09-20,258.62287,257.87167,1.00291,M0920,2020-11-01
2020-09-19,258.5794,257.828,1.00291,M0919,2020-11-01
2020-09-18,258.53593,257.78433,1.00292,M0918,2020-11-01
2020-09-17,258.49247,257.74067,1.00292,M0917,2020-11-01
2020-09-16,258.449,257.697,1.00292,M0916,2020-11-01
2020-09-15,258.40553,257.65333,1.00292,M0915,2020-11-01
2020-09-14,258.36207,257.60967,1.00292,M0914,2020-11-01
2020-09-13,258.3186,257.566,1.00292,M0913,2020-11-01
2020-09-12,258.27513,257.52233,1.00292,M0912,2020-11-01
2020-09-11,258.23167,257.47867,1.00292,M0911,2020-11-01
2020-09-10,258.1882,257.435,1.00293,M0910,2020-10-01
2020-09-09,258.14473,257.39133,1.00293,M0909,2020-10-01
2020-09-08,258.10127,257.34767,1.00293,M0908,2020-10-01
2020-09-07,258.0578,257.304,1.00293,M0907,2020-10-01
2020-09-06,258.01433,257.26033,1.00293,M0906,2020-10-01
2020-09-05,257.97087,257.21667,1.00293,M0905,2020-10-01
2020-09-04,257.9274,257.173,1.00293,M0904,2020-10-01
2020-09-03,257.88393,257.12933,1.00293,M0903,2020-10-01
2020-09-02,257.84047,257.08567,1.00294,M0902,2020-10-01
2020-09-01,257.797,257.042,1.00294,M0901,2020-10-01
2020-08-31,257.75174,257.002,1.00292,M0831,2020-10-01
2020-08-30,257.70648,256.962,1.0029,M0830,2020-10-01
2020-08-29,257.66123,256.922,1.00288,M0829,2020-10-01
2020-08-28,257.61597,256.882,1.00286,M0828,2020-10-01
2020-08-27,257.57071,256.842,1.00284,M0827,2020-10-01
2020-08-26,257.52545,256.802,1.00282,M0826,2020-10-01
2020-08-25,257.48019,256.762,1.0028,M0825,2020-10-01
2020-08-24,257.43494,256.722,1.00278,M0824,2020-10-01
2020-08-23,257.38968,256.682,1.00276,M0823,2020-10-01
2020-08-22,257.34442,256.642,1.00274,M0822,2020-10-01
2020-08-21,257.29916,256.602,1.00272,M0821,2020-10-01
2020-08-20,257.2539,256.562,1.0027,M0820,2020-10-01
2020-08-19,257.20865,256.522,1.00268,M0819,2020-10-01
2020-08-18,257.16339,256.482,1.00266,M0818,2020-10-01
2020-08-17,257.11813,256.442,1.00264,M0817,2020-10-01
2020-08-16,257.07287,256.402,1.00262,M0816,2020-10-01
2020-08-15,257.02761,256.362,1.0026,M0815,2020-10-01
2020-08-14,256.98235,256.322,1.00258,M0814,2020-10-01
2020-08-13,256.9371,256.282,1.00256,M0813,2020-10-01
2020-08-12,256.89184,256.242,1.00254,M0812,2020-10-01
2020-08-11,256.84658,256.202,1.00252,M0811,2020-09-01
2020-08-10,256.80132,256.162,1.0025,M0810,2020-09-01
2020-08-09,256.75606,256.122,1.00248,M0809,2020-09-01
2020-08-08,256.71081,256.082,1.00246,M0808,2020-09-01
2020-08-07,256.66555,256.042,1.00244,M0807,2020-09-01
2020-08-06,256.62029,256.002,1.00242,M0806,2020-09-01
2020-08-05,256.57503,255.962,1.0024,M0805,2020-09-01
2020-08-04,256.52977,255.922,1.00237,M0804,2020-09-01
2020-08-03,256.48452,255.882,1.00235,M0803,2020-09-01
2020-08-02,256.43926,255.842,1.00233,M0802,2020-09-01
2020-08-01,256.394,255.802,1.00231,M0801,2020-09-01
2020-07-31,256.39384,255.80942,1.00228,M0731,2020-09-01
2020-07-30,256.39368,255.81684,1.00225,M0730,2020-09-01
2020-07-29,256.39352,255.82426,1.00223,M0729,2020-09-01
2020-07-28,256.39335,255.83168,1.0022,M0728,2020-09-01
2020-07-27,256.39319,255.8391,1.00217,M0727,2020-09-01
2020-07-26,256.39303,255.84652,1.00214,M0726,2020-09-01
2020-07-25,256.39287,255.85394,1.00211,M0725,2020-09-01
2020-07-24,256.39271,255.86135,1.00208,M0724,2020-09-01
2020-07-23,256.39255,255.86877,1.00205,M0723,2020-09-01
2020-07-22,256.39239,255.87619,1.00202,M0722,2020-09-01
2020-07-21,256.39223,255.88361,1.00199,M0721,2020-09-01
2020-07-20,256.39206,255.89103,1.00196,M0720,2020-09-01
2020-07-19,256.3919,255.89845,1.00193,M0719,2020-09-01
2020-07-18,256.39174,255.90587,1.0019,M0718,2020-09-01
2020-07-17,256.39158,255.91329,1.00187,M0717,2020-09-01
2020-07-16,256.39142,255.92071,1.00184,M0716,2020-09-01
2020-07-15,256.39126,255.92813,1.00181,M0715,2020-09-01
2020-07-14,256.3911,255.93555,1.00178,M0714,2020-09-01
2020-07-13,256.39094,255.94297,1.00175,M0713,2020-08-01
2020-07-12,256.39077,255.95039,1.00172,M0712,2020-08-01
2020-07-11,256.39061,255.95781,1.00169,M0711,2020-08-01
2020-07-10,256.39045,255.96523,1.00166,M0710,2020-08-01
2020-07-09,256.39029,255.97265,1.00163,M0709,2020-08-01
2020-07-08,256.39013,255.98006,1.0016,M0708,2020-08-01
2020-07-07,256.38997,255.98748,1.00157,M0707,2020-08-01
2020-07-06,256.38981,255.9949,1.00154,M0706,2020-08-01
2020-07-05,256.38965,256.00232,1.00151,M0705,2020-08-01
2020-07-04,256.38948,256.00974,1.00148,M0704,2020-08-01
2020-07-03,256.38932,256.01716,1.00145,M0703,2020-08-01
2020-07-02,256.38916,256.02458,1.00142,M0702,2020-08-01
2020-07-01,256.389,256.032,1.00139,M0701,2020-08-01
2020-06-30,256.44653,256.10013,1.00135,M0630,2020-08-01
2020-06-29,256.50407,256.16827,1.00131,M0629,2020-08-01
2020-06-28,256.5616,256.2364,1.00127,M0628,2020-08-01
2020-06-27,256.61913,256.30453,1.00123,M0627,2020-08-01
2020-06-26,256.67667,256.37267,1.00119,M0626,2020-08-01
2020-06-25,256.7342,256.4408,1.00114,M0625,2020-08-01
2020-06-24,256.79173,256.50893,1.0011,M0624,2020-08-01
2020-06-23,256.84927,256.57707,1.00106,M0623,2020-08-01
2020-06-22,256.9068,256.6452,1.00102,M0622,2020-08-01
2020-06-21,256.96433,256.71333,1.00098,M0621,2020-08-01
2020-06-20,257.02187,256.78147,1.00094,M0620,2020-08-01
2020-06-19,257.0794,256.8496,1.00089,M0619,2020-08-01
2020-06-18,257.13693,256.91773,1.00085,M0618,2020-08-01
2020-06-17,257.19447,256.98587,1.00081,M0617,2020-08-01
2020-06-16,257.252,257.054,1.00077,M0616,2020-08-01
2020-06-15,257.30953,257.12213,1.00073,M0615,2020-08-01
2020-06-14,257.36707,257.19027,1.00069,M0614,2020-08-01
2020-06-13,257.4246,257.2584,1.00065,M0613,2020-08-01
2020-06-12,257.48213,257.32653,1.0006,M0612,2020-08-01
2020-06-11,257.53967,257.39467,1.00056,M0611,2020-08-01
2020-06-10,257.5972,257.4628,1.00052,M0610,2020-08-01
2020-06-09,257.65473,257.53093,1.00048,M0609,2020-07-01
2020-06-08,257.71227,257.59907,1.00044,M0608,2020-07-01
2020-06-07,257.7698,257.6672,1.0004,M0607,2020-07-01
2020-06-06,257.82733,257.73533,1.00036,M0606,2020-07-01
2020-06-05,257.88487,257.80347,1.00032,M0605,2020-07-01
2020-06-04,257.9424,257.8716,1.00027,M0604,2020-07-01
2020-06-03,257.99993,257.93973,1.00023,M0603,2020-07-01
2020-06-02,258.05747,258.00787,1.00019,M0602,2020-07-01
2020-06-01,258.115,258.076,1.00015,M0601,2020-07-01
2020-05-31,258.13316,258.11387,1.00007,M0531,2020-07-01
2020-05-30,258.15132,258.15174,1,M0530,2020-07-01
2020-05-29,258.16948,258.18961,0.99992,M0529,2020-07-01
2020-05-28,258.18765,258.22748,0.99985,M0528,2020-07-01
2020-05-27,258.20581,258.26535,0.99977,M0527,2020-07-01
2020-05-26,258.22397,258.30323,0.99969,M0526,2020-07-01
2020-05-25,258.24213,258.3411,0.99962,M0525,2020-07-01
2020-05-24,258.26029,258.37897,0.99954,M0524,2020-07-01
2020-05-23,258.27845,258.41684,0.99946,M0523,2020-07-01
2020-05-22,258.29661,258.45471,0.99939,M0522,2020-07-01
2020-05-21,258.31477,258.49258,0.99931,M0521,2020-07-01
2020-05-20,258.33294,258.53045,0.99924,M0520,2020-07-01
2020-05-19,258.3511,258.56832,0.99916,M0519,2020-07-01
2020-05-18,258.36926,258.60619,0.99908,M0518,2020-07-01
2020-05-17,258.38742,258.64406,0.99901,M0517,2020-07-01
2020-05-16,258.40558,258.68194,0.99893,M0516,2020-07-01
2020-05-15,258.42374,258.71981,0.99886,M0515,2020-07-01
2020-05-14,258.4419,258.75768,0.99878,M0514,2020-07-01
2020-05-13,258.46006,258.79555,0.9987,M0513,2020-07-01
2020-05-12,258.47823,258.83342,0.99863,M0512,2020-07-01
2020-05-11,258.49639,258.87129,0.99855,M0511,2020-06-01
2020-05-10,258.51455,258.90916,0.99848,M0510,2020-06-01
2020-05-09,258.53271,258.94703,0.9984,M0509,2020-06-01
2020-05-08,258.55087,258.9849,0.99832,M0508,2020-06-01
2020-05-07,258.56903,259.02277,0.99825,M0507,2020-06-01
2020-05-06,258.58719,259.06065,0.99817,M0506,2020-06-01
2020-05-05,258.60535,259.09852,0.9981,M0505,2020-06-01
2020-05-04,258.62352,259.13639,0.99802,M0504,2020-06-01
2020-05-03,258.64168,259.17426,0.99795,M0503,2020-06-01
2020-05-02,258.65984,259.21213,0.99787,M0502,2020-06-01
2020-05-01,258.678,259.25,0.99779,M0501,2020-06-01
2020-04-30,258.65443,259.2459,0.99772,M0430,2020-06-01
2020-04-29,258.63087,259.2418,0.99764,M0429,2020-06-01
2020-04-28,258.6073,259.2377,0.99757,M0428,2020-06-01
2020-04-27,258.58373,259.2336,0.99749,M0427,2020-06-01
2020-04-26,258.56017,259.2295,0.99742,M0426,2020-06-01
2020-04-25,258.5366,259.2254,0.99734,M0425,2020-06-01
2020-04-24,258.51303,259.2213,0.99727,M0424,2020-06-01
2020-04-23,258.48947,259.2172,0.99719,M0423,2020-06-01
2020-04-22,258.4659,259.2131,0.99712,M0422,2020-06-01
2020-04-21,258.44233,259.209,0.99704,M0421,2020-06-01
2020-04-20,258.41877,259.2049,0.99697,M0420,2020-06-01
2020-04-19,258.3952,259.2008,0.99689,M0419,2020-06-01
2020-04-18,258.37163,259.1967,0.99682,M0418,2020-06-01
2020-04-17,258.34807,259.1926,0.99674,M0417,2020-06-01
2020-04-16,258.3245,259.1885,0.99667,M0416,2020-06-01
2020-04-15,258.30093,259.1844,0.99659,M0415,2020-06-01
2020-04-14,258.27737,259.1803,0.99652,M0414,2020-06-01
2020-04-13,258.2538,259.1762,0.99644,M0413,2020-06-01
2020-04-12,258.23023,259.1721,0.99637,M0412,2020-06-01
2020-04-11,258.20667,259.168,0.99629,M0411,2020-06-01
2020-04-10,258.1831,259.1639,0.99622,M0410,2020-06-01
2020-04-09,258.15953,259.1598,0.99614,M0409,2020-05-01
2020-04-08,258.13597,259.1557,0.99607,M0408,2020-05-01
2020-04-07,258.1124,259.1516,0.99599,M0407,2020-05-01
2020-04-06,258.08883,259.1475,0.99591,M0406,2020-05-01
2020-04-05,258.06527,259.1434,0.99584,M0405,2020-05-01
2020-04-04,258.0417,259.1393,0.99576,M0404,2020-05-01
2020-04-03,258.01813,259.1352,0.99569,M0403,2020-05-01
2020-04-02,257.99457,259.1311,0.99561,M0402,2020-05-01
2020-04-01,257.971,259.127,0.99554,M0401,2020-05-01
2020-03-31,257.93884,259.11097,0.99548,M0331,2020-05-01
2020-03-30,257.90668,259.09494,0.99541,M0330,2020-05-01
2020-03-29,257.87452,259.0789,0.99535,M0329,2020-05-01
2020-03-28,257.84235,259.06287,0.99529,M0328,2020-05-01
2020-03-27,257.81019,259.04684,0.99523,M0327,2020-05-01
2020-03-26,257.77803,259.03081,0.99516,M0326,2020-05-01
2020-03-25,257.74587,259.01477,0.9951,M0325,2020-05-01
2020-03-24,257.71371,258.99874,0.99504,M0324,2020-05-01
2020-03-23,257.68155,258.98271,0.99498,M0323,2020-05-01
2020-03-22,257.64939,258.96668,0.99491,M0322,2020-05-01
2020-03-21,257.61723,258.95065,0.99485,M0321,2020-05-01
2020-03-20,257.58506,258.93461,0.99479,M0320,2020-05-01
2020-03-19,257.5529,258.91858,0.99473,M0319,2020-05-01
2020-03-18,257.52074,258.90255,0.99466,M0318,2020-05-01
2020-03-17,257.48858,258.88652,0.9946,M0317,2020-05-01
2020-03-16,257.45642,258.87048,0.99454,M0316,2020-05-01
2020-03-15,257.42426,258.85445,0.99447,M0315,2020-05-01
2020-03-14,257.3921,258.83842,0.99441,M0314,2020-05-01
2020-03-13,257.35994,258.82239,0.99435,M0313,2020-05-01
2020-03-12,257.32777,258.80635,0.99429,M0312,2020-05-01
2020-03-11,257.29561,258.79032,0.99422,M0311,2020-05-01
2020-03-10,257.26345,258.77429,0.99416,M0310,2020-04-01
2020-03-09,257.23129,258.75826,0.9941,M0309,2020-04-01
2020-03-08,257.19913,258.74223,0.99404,M0308,2020-04-01
2020-03-07,257.16697,258.72619,0.99397,M0307,2020-04-01
2020-03-06,257.13481,258.71016,0.99391,M0306,2020-04-01
2020-03-05,257.10265,258.69413,0.99385,M0305,2020-04-01
2020-03-04,257.07048,258.6781,0.99379,M0304,2020-04-01
2020-03-03,257.03832,258.66206,0.99372,M0303,2020-04-01
2020-03-02,257.00616,258.64603,0.99366,M0302,2020-04-01
2020-03-01,256.974,258.63,0.9936,M0301,2020-04-01
2020-02-29,256.98207,258.6041,0.99373,M0229,2020-04-01
2020-02-28,256.99014,258.57821,0.99386,M0228,2020-04-01
2020-02-27,256.99821,258.55231,0.99399,M0227,2020-04-01
2020-02-26,257.00628,258.52641,0.99412,M0226,2020-04-01
2020-02-25,257.01434,258.50052,0.99425,M0225,2020-04-01
2020-02-24,257.02241,258.47462,0.99438,M0224,2020-04-01
2020-02-23,257.03048,258.44872,0.99451,M0223,2020-04-01
2020-02-22,257.03855,258.42283,0.99464,M0222,2020-04-01
2020-02-21,257.04662,258.39693,0.99477,M0221,2020-04-01
2020-02-20,257.05469,258.37103,0.99491,M0220,2020-04-01
2020-02-19,257.06276,258.34514,0.99504,M0219,2020-04-01
2020-02-18,257.07083,258.31924,0.99517,M0218,2020-04-01
2020-02-17,257.0789,258.29334,0.9953,M0217,2020-04-01
2020-02-16,257.08697,258.26745,0.99543,M0216,2020-04-01
2020-02-15,257.09503,258.24155,0.99556,M0215,2020-04-01
2020-02-14,257.1031,258.21566,0.99569,M0214,2020-04-01
2020-02-13,257.11117,258.18976,0.99582,M0213,2020-04-01
2020-02-12,257.11924,258.16386,0.99595,M0212,2020-04-01
2020-02-11,257.12731,258.13797,0.99608,M0211,2020-04-01
2020-02-10,257.13538,258.11207,0.99622,M0210,2020-03-01
2020-02-09,257.14345,258.08617,0.99635,M0209,2020-03-01
2020-02-08,257.15152,258.06028,0.99648,M0208,2020-03-01
2020-02-07,257.15959,258.03438,0.99661,M0207,2020-03-01
2020-02-06,257.16766,258.00848,0.99674,M0206,2020-03-01
2020-02-05,257.17572,257.98259,0.99687,M0205,2020-03-01
2020-02-04,257.18379,257.95669,0.997,M0204,2020-03-01
2020-02-03,257.19186,257.93079,0.99714,M0203,2020-03-01
2020-02-02,257.19993,257.9049,0.99727,M0202,2020-03-01
2020-02-01,257.208,257.879,0.9974,M0201,2020-03-01
2020-01-31,257.21245,257.85565,0.99751,M0131,2020-03-01
2020-01-30,257.2169,257.83229,0.99761,M0130,2020-03-01
2020-01-29,257.22135,257.80894,0.99772,M0129,2020-03-01
2020-01-28,257.22581,257.78558,0.99783,M0128,2020-03-01
2020-01-27,257.23026,257.76223,0.99794,M0127,2020-03-01
2020-01-26,257.23471,257.73887,0.99804,M0126,2020-03-01
2020-01-25,257.23916,257.71552,0.99815,M0125,2020-03-01
2020-01-24,257.24361,257.69216,0.99826,M0124,2020-03-01
2020-01-23,257.24806,257.66881,0.99837,M0123,2020-03-01
2020-01-22,257.25252,257.64545,0.99847,M0122,2020-03-01
2020-01-21,257.25697,257.6221,0.99858,M0121,2020-03-01
2020-01-20,257.26142,257.59874,0.99869,M0120,2020-03-01
2020-01-19,257.26587,257.57539,0.9988,M0119,2020-03-01
2020-01-18,257.27032,257.55203,0.99891,M0118,2020-03-01
2020-01-17,257.27477,257.52868,0.99901,M0117,2020-03-01
2020-01-16,257.27923,257.50532,0.99912,M0116,2020-03-01
2020-01-15,257.28368,257.48197,0.99923,M0115,2020-03-01
2020-01-14,257.28813,257.45861,0.99934,M0114,2020-03-01
2020-01-13,257.29258,257.43526,0.99945,M0113,2020-02-01
2020-01-12,257.29703,257.4119,0.99955,M0112,2020-02-01
2020-01-11,257.30148,257.38855,0.99966,M0111,2020-02-01
2020-01-10,257.30594,257.36519,0.99977,M0110,2020-02-01
2020-01-09,257.31039,257.34184,0.99988,M0109,2020-02-01
2020-01-08,257.31484,257.31848,0.99999,M0108,2020-02-01
2020-01-07,257.31929,257.29513,1.00009,M0107,2020-02-01
2020-01-06,257.32374,257.27177,1.0002,M0106,2020-02-01
2020-01-05,257.32819,257.24842,1.00031,M0105,2020-02-01
2020-01-04,257.33265,257.22506,1.00042,M0104,2020-02-01
2020-01-03,257.3371,257.20171,1.00053,M0103,2020-02-01
2020-01-02,257.34155,257.17835,1.00063,M0102,2020-02-01
2020-01-01,257.346,257.155,1.00074,M0101,2020-02-01
2019-12-31,257.32706,257.13161,1.00076,M1231,2020-02-01
2019-12-30,257.30813,257.10823,1.00078,M1230,2020-02-01
2019-12-29,257.28919,257.08484,1.00079,M1229,2020-02-01
2019-12-28,257.27026,257.06145,1.00081,M1228,2020-02-01
2019-12-27,257.25132,257.03806,1.00083,M1227,2020-02-01
2019-12-26,257.23239,257.01468,1.00085,M1226,2020-02-01
2019-12-25,257.21345,256.99129,1.00086,M1225,2020-02-01
2019-12-24,257.19452,256.9679,1.00088,M1224,2020-02-01
2019-12-23,257.17558,256.94452,1.0009,M1223,2020-02-01
2019-12-22,257.15665,256.92113,1.00092,M1222,2020-02-01
2019-12-21,257.13771,256.89774,1.00093,M1221,2020-02-01
2019-12-20,257.11877,256.87435,1.00095,M1220,2020-02-01
2019-12-19,257.09984,256.85097,1.00097,M1219,2020-02-01
2019-12-18,257.0809,256.82758,1.00099,M1218,2020-02-01
2019-12-17,257.06197,256.80419,1.001,M1217,2020-02-01
2019-12-16,257.04303,256.78081,1.00102,M1216,2020-02-01
2019-12-15,257.0241,256.75742,1.00104,M1215,2020-02-01
2019-12-14,257.00516,256.73403,1.00106,M1214,2020-02-01
2019-12-13,256.98623,256.71065,1.00107,M1213,2020-02-01
2019-12-12,256.96729,256.68726,1.00109,M1212,2020-02-01
2019-12-11,256.94835,256.66387,1.00111,M1211,2020-02-01
2019-12-10,256.92942,256.64048,1.00113,M1210,2020-01-01
2019-12-09,256.91048,256.6171,1.00114,M1209,2020-01-01
2019-12-08,256.89155,256.59371,1.00116,M1208,2020-01-01
2019-12-07,256.87261,256.57032,1.00118,M1207,2020-01-01
2019-12-06,256.85368,256.54694,1.0012,M1206,2020-01-01
2019-12-05,256.83474,256.52355,1.00121,M1205,2020-01-01
2019-12-04,256.81581,256.50016,1.00123,M1204,2020-01-01
2019-12-03,256.79687,256.47677,1.00125,M1203,2020-01-01
2019-12-02,256.77794,256.45339,1.00127,M1202,2020-01-01
2019-12-01,256.759,256.43,1.00128,M1201,2020-01-01
2019-11-30,256.7523,256.41687,1.00131,M1130,2020-01-01
2019-11-29,256.7456,256.40373,1.00133,M1129,2020-01-01
2019-11-28,256.7389,256.3906,1.00136,M1128,2020-01-01
2019-11-27,256.7322,256.37747,1.00138,M1127,2020-01-01
2019-11-26,256.7255,256.36433,1.00141,M1126,2020-01-01
2019-11-25,256.7188,256.3512,1.00143,M1125,2020-01-01
2019-11-24,256.7121,256.33807,1.00146,M1124,2020-01-01
2019-11-23,256.7054,256.32493,1.00148,M1123,2020-01-01
2019-11-22,256.6987,256.3118,1.00151,M1122,2020-01-01
2019-11-21,256.692,256.29867,1.00153,M1121,2020-01-01
2019-11-20,256.6853,256.28553,1.00156,M1120,2020-01-01
2019-11-19,256.6786,256.2724,1.00159,M1119,2020-01-01
2019-11-18,256.6719,256.25927,1.00161,M1118,2020-01-01
2019-11-17,256.6652,256.24613,1.00164,M1117,2020-01-01
2019-11-16,256.6585,256.233,1.00166,M1116,2020-01-01
2019-11-15,256.6518,256.21987,1.00169,M1115,2020-01-01
2019-11-14,256.6451,256.20673,1.00171,M1114,2020-01-01
2019-11-13,256.6384,256.1936,1.00174,M1113,2020-01-01
2019-11-12,256.6317,256.18047,1.00176,M1112,2019-12-01
2019-11-11,256.625,256.16733,1.00179,M1111,2019-12-01
2019-11-10,256.6183,256.1542,1.00181,M1110,2019-12-01
2019-11-09,256.6116,256.14107,1.00184,M1109,2019-12-01
2019-11-08,256.6049,256.12793,1.00186,M1108,2019-12-01
2019-11-07,256.5982,256.1148,1.00189,M1107,2019-12-01
2019-11-06,256.5915,256.10167,1.00191,M1106,2019-12-01
2019-11-05,256.5848,256.08853,1.00194,M1105,2019-12-01
2019-11-04,256.5781,256.0754,1.00196,M1104,2019-12-01
2019-11-03,256.5714,256.06227,1.00199,M1103,2019-12-01
2019-11-02,256.5647,256.04913,1.00201,M1102,2019-12-01
2019-11-01,256.558,256.036,1.00204,M1101,2019-12-01
2019-10-31,256.55842,256.02845,1.00207,M1031,2019-12-01
2019-10-30,256.55884,256.0209,1.0021,M1030,2019-12-01
2019-10-29,256.55926,256.01335,1.00213,M1029,2019-12-01
2019-10-28,256.55968,256.00581,1.00216,M1028,2019-12-01
2019-10-27,256.5601,255.99826,1.00219,M1027,2019-12-01
2019-10-26,256.56052,255.99071,1.00223,M1026,2019-12-01
2019-10-25,256.56094,255.98316,1.00226,M1025,2019-12-01
2019-10-24,256.56135,255.97561,1.00229,M1024,2019-12-01
2019-10-23,256.56177,255.96806,1.00232,M1023,2019-12-01
2019-10-22,256.56219,255.96052,1.00235,M1022,2019-12-01
2019-10-21,256.56261,255.95297,1.00238,M1021,2019-12-01
2019-10-20,256.56303,255.94542,1.00241,M1020,2019-12-01
2019-10-19,256.56345,255.93787,1.00244,M1019,2019-12-01
2019-10-18,256.56387,255.93032,1.00248,M1018,2019-12-01
2019-10-17,256.56429,255.92277,1.00251,M1017,2019-12-01
2019-10-16,256.56471,255.91523,1.00254,M1016,2019-12-01
2019-10-15,256.56513,255.90768,1.00257,M1015,2019-12-01
2019-10-14,256.56555,255.90013,1.0026,M1014,2019-12-01
2019-10-13,256.56597,255.89258,1.00263,M1013,2019-12-01
2019-10-12,256.56639,255.88503,1.00266,M1012,2019-12-01
2019-10-11,256.56681,255.87748,1.00269,M1011,2019-12-01
2019-10-10,256.56723,255.86994,1.00273,M1010,2019-12-01
2019-10-09,256.56765,255.86239,1.00276,M1009,2019-11-01
2019-10-08,256.56806,255.85484,1.00279,M1008,2019-11-01
2019-10-07,256.56848,255.84729,1.00282,M1007,2019-11-01
2019-10-06,256.5689,255.83974,1.00285,M1006,2019-11-01
2019-10-05,256.56932,255.83219,1.00288,M1005,2019-11-01
2019-10-04,256.56974,255.82465,1.00291,M1004,2019-11-01
2019-10-03,256.57016,255.8171,1.00294,M1003,2019-11-01
2019-10-02,256.57058,255.80955,1.00297,M1002,2019-11-01
2019-10-01,256.571,255.802,1.00301,M1001,2019-11-01
2019-09-30,256.55673,255.78237,1.00303,M0930,2019-11-01
2019-09-29,256.54247,255.76273,1.00305,M0929,2019-11-01
2019-09-28,256.5282,255.7431,1.00307,M0928,2019-11-01
2019-09-27,256.51393,255.72347,1.00309,M0927,2019-11-01
2019-09-26,256.49967,255.70383,1.00311,M0926,2019-11-01
2019-09-25,256.4854,255.6842,1.00313,M0925,2019-11-01
2019-09-24,256.47113,255.66457,1.00315,M0924,2019-11-01
2019-09-23,256.45687,255.64493,1.00318,M0923,2019-11-01
2019-09-22,256.4426,255.6253,1.0032,M0922,2019-11-01
2019-09-21,256.42833,255.60567,1.00322,M0921,2019-11-01
2019-09-20,256.41407,255.58603,1.00324,M0920,2019-11-01
2019-09-19,256.3998,255.5664,1.00326,M0919,2019-11-01
2019-09-18,256.38553,255.54677,1.00328,M0918,2019-11-01
2019-09-17,256.37127,255.52713,1.0033,M0917,2019-11-01
2019-09-16,256.357,255.5075,1.00332,M0916,2019-11-01
2019-09-15,256.34273,255.48787,1.00335,M0915,2019-11-01
2019-09-14,256.32847,255.46823,1.00337,M0914,2019-11-01
2019-09-13,256.3142,255.4486,1.00339,M0913,2019-11-01
2019-09-12,256.29993,255.42897,1.00341,M0912,2019-11-01
2019-09-11,256.28567,255.40933,1.00343,M0911,2019-10-01
2019-09-10,256.2714,255.3897,1.00345,M0910,2019-10-01
2019-09-09,256.25713,255.37007,1.00347,M0909,2019-10-01
2019-09-08,256.24287,255.35043,1.00349,M0908,2019-10-01
2019-09-07,256.2286,255.3308,1.00352,M0907,2019-10-01
2019-09-06,256.21433,255.31117,1.00354,M0906,2019-10-01
2019-09-05,256.20007,255.29153,1.00356,M0905,2019-10-01
2019-09-04,256.1858,255.2719,1.00358,M0904,2019-10-01
2019-09-03,256.17153,255.25227,1.0036,M0903,2019-10-01
2019-09-02,256.15727,255.23263,1.00362,M0902,2019-10-01
2019-09-01,256.143,255.213,1.00364,M0901,2019-10-01
2019-08-31,256.14135,255.21568,1.00363,M0831,2019-10-01
2019-08-30,256.13971,255.21835,1.00361,M0830,2019-10-01
2019-08-29,256.13806,255.22103,1.00359,M0829,2019-10-01
2019-08-28,256.13642,255.22371,1.00358,M0828,2019-10-01
2019-08-27,256.13477,255.22639,1.00356,M0827,2019-10-01
2019-08-26,256.13313,255.22906,1.00354,M0826,2019-10-01
2019-08-25,256.13148,255.23174,1.00353,M0825,2019-10-01
2019-08-24,256.12984,255.23442,1.00351,M0824,2019-10-01
2019-08-23,256.12819,255.2371,1.00349,M0823,2019-10-01
2019-08-22,256.12655,255.23977,1.00347,M0822,2019-10-01
2019-08-21,256.1249,255.24245,1.00346,M0821,2019-10-01
2019-08-20,256.12326,255.24513,1.00344,M0820,2019-10-01
2019-08-19,256.12161,255.24781,1.00342,M0819,2019-10-01
2019-08-18,256.11997,255.25048,1.00341,M0818,2019-10-01
2019-08-17,256.11832,255.25316,1.00339,M0817,2019-10-01
2019-08-16,256.11668,255.25584,1.00337,M0816,2019-10-01
2019-08-15,256.11503,255.25852,1.00336,M0815,2019-10-01
2019-08-14,256.11339,255.26119,1.00334,M0814,2019-10-01
2019-08-13,256.11174,255.26387,1.00332,M0813,2019-10-01
2019-08-12,256.1101,255.26655,1.0033,M0812,2019-09-01
2019-08-11,256.10845,255.26923,1.00329,M0811,2019-09-01
2019-08-10,256.10681,255.2719,1.00327,M0810,2019-09-01
2019-08-09,256.10516,255.27458,1.00325,M0809,2019-09-01
2019-08-08,256.10352,255.27726,1.00324,M0808,2019-09-01
2019-08-07,256.10187,255.27994,1.00322,M0807,2019-09-01
2019-08-06,256.10023,255.28261,1.0032,M0806,2019-09-01
2019-08-05,256.09858,255.28529,1.00319,M0805,2019-09-01
2019-08-04,256.09694,255.28797,1.00317,M0804,2019-09-01
2019-08-03,256.09529,255.29065,1.00315,M0803,2019-09-01
2019-08-02,256.09365,255.29332,1.00313,M0802,2019-09-01
2019-08-01,256.092,255.296,1.00312,M0801,2019-09-01
2019-07-31,256.07445,255.29397,1.00306,M0731,2019-09-01
2019-07-30,256.0569,255.29194,1.003,M0730,2019-09-01
2019-07-29,256.03935,255.2899,1.00294,M0729,2019-09-01
2019-07-28,256.02181,255.28787,1.00287,M0728,2019-09-01
2019-07-27,256.00426,255.28584,1.00281,M0727,2019-09-01
2019-07-26,255.98671,255.28381,1.00275,M0726,2019-09-01
2019-07-25,255.96916,255.28177,1.00269,M0725,2019-09-01
2019-07-24,255.95161,255.27974,1.00263,M0724,2019-09-01
2019-07-23,255.93406,255.27771,1.00257,M0723,2019-09-01
2019-07-22,255.91652,255.27568,1.00251,M0722,2019-09-01
2019-07-21,255.89897,255.27365,1.00245,M0721,2019-09-01
2019-07-20,255.88142,255.27161,1.00239,M0720,2019-09-01
2019-07-19,255.86387,255.26958,1.00233,M0719,2019-09-01
2019-07-18,255.84632,255.26755,1.00227,M0718,2019-09-01
2019-07-17,255.82877,255.26552,1.00221,M0717,2019-09-01
2019-07-16,255.81123,255.26348,1.00215,M0716,2019-09-01
2019-07-15,255.79368,255.26145,1.00209,M0715,2019-09-01
2019-07-14,255.77613,255.25942,1.00202,M0714,2019-09-01
2019-07-13,255.75858,255.25739,1.00196,M0713,2019-09-01
2019-07-12,255.74103,255.25535,1.0019,M0712,2019-09-01
2019-07-11,255.72348,255.25332,1.00184,M0711,2019-09-01
2019-07-10,255.70594,255.25129,1.00178,M0710,2019-08-01
2019-07-09,255.68839,255.24926,1.00172,M0709,2019-08-01
2019-07-08,255.67084,255.24723,1.00166,M0708,2019-08-01
2019-07-07,255.65329,255.24519,1.0016,M0707,2019-08-01
2019-07-06,255.63574,255.24316,1.00154,M0706,2019-08-01
2019-07-05,255.61819,255.24113,1.00148,M0705,2019-08-01
2019-07-04,255.60065,255.2391,1.00142,M0704,2019-08-01
2019-07-03,255.5831,255.23706,1.00136,M0703,2019-08-01
2019-07-02,255.56555,255.23503,1.00129,M0702,2019-08-01
2019-07-01,255.548,255.233,1.00123,M0701,2019-08-01
2019-06-30,255.50313,255.20113,1.00118,M0630,2019-08-01
2019-06-29,255.45827,255.16927,1.00113,M0629,2019-08-01
2019-06-28,255.4134,255.1374,1.00108,M0628,2019-08-01
2019-06-27,255.36853,255.10553,1.00103,M0627,2019-08-01
2019-06-26,255.32367,255.07367,1.00098,M0626,2019-08-01
2019-06-25,255.2788,255.0418,1.00093,M0625,2019-08-01
2019-06-24,255.23393,255.00993,1.00088,M0624,2019-08-01
2019-06-23,255.18907,254.97807,1.00083,M0623,2019-08-01
2019-06-22,255.1442,254.9462,1.00078,M0622,2019-08-01
2019-06-21,255.09933,254.91433,1.00073,M0621,2019-08-01
2019-06-20,255.05447,254.88247,1.00067,M0620,2019-08-01
2019-06-19,255.0096,254.8506,1.00062,M0619,2019-08-01
2019-06-18,254.96473,254.81873,1.00057,M0618,2019-08-01
2019-06-17,254.91987,254.78687,1.00052,M0617,2019-08-01
2019-06-16,254.875,254.755,1.00047,M0616,2019-08-01
2019-06-15,254.83013,254.72313,1.00042,M0615,2019-08-01
2019-06-14,254.78527,254.69127,1.00037,M0614,2019-08-01
2019-06-13,254.7404,254.6594,1.00032,M0613,2019-08-01
2019-06-12,254.69553,254.62753,1.00027,M0612,2019-08-01
2019-06-11,254.65067,254.59567,1.00022,M0611,2019-07-01
2019-06-10,254.6058,254.5638,1.00016,M0610,2019-07-01
2019-06-09,254.56093,254.53193,1.00011,M0609,2019-07-01
2019-06-08,254.51607,254.50007,1.00006,M0608,2019-07-01
2019-06-07,254.4712,254.4682,1.00001,M0607,2019-07-01
2019-06-06,254.42633,254.43633,0.99996,M0606,2019-07-01
2019-06-05,254.38147,254.40447,0.99991,M0605,2019-07-01
2019-06-04,254.3366,254.3726,0.99986,M0604,2019-07-01
2019-06-03,254.29173,254.34073,0.99981,M0603,2019-07-01
2019-06-02,254.24687,254.30887,0.99976,M0602,2019-07-01
2019-06-01,254.202,254.277,0.99971,M0601,2019-07-01
2019-05-31,254.156,254.2461,0.99965,M0531,2019-07-01
2019-05-30,254.11,254.21519,0.99959,M0530,2019-07-01
2019-05-29,254.064,254.18429,0.99953,M0529,2019-07-01
2019-05-28,254.018,254.15339,0.99947,M0528,2019-07-01
2019-05-27,253.972,254.12248,0.99941,M0527,2019-07-01
2019-05-26,253.926,254.09158,0.99935,M0526,2019-07-01
2019-05-25,253.88,254.06068,0.99929,M0525,2019-07-01
2019-05-24,253.834,254.02977,0.99923,M0524,2019-07-01
2019-05-23,253.788,253.99887,0.99917,M0523,2019-07-01
2019-05-22,253.742,253.96797,0.99911,M0522,2019-07-01
2019-05-21,253.696,253.93706,0.99905,M0521,2019-07-01
2019-05-20,253.65,253.90616,0.99899,M0520,2019-07-01
2019-05-19,253.604,253.87526,0.99893,M0519,2019-07-01
2019-05-18,253.558,253.84435,0.99887,M0518,2019-07-01
2019-05-17,253.512,253.81345,0.99881,M0517,2019-07-01
2019-05-16,253.466,253.78255,0.99875,M0516,2019-07-01
2019-05-15,253.42,253.75165,0.99869,M0515,2019-07-01
2019-05-14,253.374,253.72074,0.99863,M0514,2019-07-01
2019-05-13,253.328,253.68984,0.99857,M0513,2019-07-01
2019-05-12,253.282,253.65894,0.99851,M0512,2019-07-01
2019-05-11,253.236,253.62803,0.99845,M0511,2019-07-01
2019-05-10,253.19,253.59713,0.99839,M0510,2019-07-01
2019-05-09,253.144,253.56623,0.99833,M0509,2019-06-01
2019-05-08,253.098,253.53532,0.99828,M0508,2019-06-01
2019-05-07,253.052,253.50442,0.99822,M0507,2019-06-01
2019-05-06,253.006,253.47352,0.99816,M0506,2019-06-01
2019-05-05,252.96,253.44261,0.9981,M0505,2019-06-01
2019-05-04,252.914,253.41171,0.99804,M0504,2019-06-01
2019-05-03,252.868,253.38081,0.99798,M0503,2019-06-01
2019-05-02,252.822,253.3499,0.99792,M0502,2019-06-01
2019-05-01,252.776,253.319,0.99786,M0501,2019-06-01
2019-04-30,252.74053,253.29373,0.99782,M0430,2019-06-01
2019-04-29,252.70507,253.26847,0.99778,M0429,2019-06-01
2019-04-28,252.6696,253.2432,0.99773,M0428,2019-06-01
2019-04-27,252.63413,253.21793,0.99769,M0427,2019-06-01
2019-04-26,252.59867,253.19267,0.99765,M0426,2019-06-01
2019-04-25,252.5632,253.1674,0.99761,M0425,2019-06-01
2019-04-24,252.52773,253.14213,0.99757,M0424,2019-06-01
2019-04-23,252.49227,253.11687,0.99753,M0423,2019-06-01
2019-04-22,252.4568,253.0916,0.99749,M0422,2019-06-01
2019-04-21,252.42133,253.06633,0.99745,M0421,2019-06-01
2019-04-20,252.38587,253.04107,0.99741,M0420,2019-06-01
2019-04-19,252.3504,253.0158,0.99737,M0419,2019-06-01
2019-04-18,252.31493,252.99053,0.99733,M0418,2019-06-01
2019-04-17,252.27947,252.96527,0.99729,M0417,2019-06-01
2019-04-16,252.244,252.94,0.99725,M0416,2019-06-01
2019-04-15,252.20853,252.91473,0.99721,M0415,2019-06-01
2019-04-14,252.17307,252.88947,0.99717,M0414,2019-06-01
2019-04-13,252.1376,252.8642,0.99713,M0413,2019-06-01
2019-04-12,252.10213,252.83893,0.99709,M0412,2019-06-01
2019-04-11,252.06667,252.81367,0.99705,M0411,2019-06-01
2019-04-10,252.0312,252.7884,0.997,M0410,2019-06-01
2019-04-09,251.99573,252.76313,0.99696,M0409,2019-05-01
2019-04-08,251.96027,252.73787,0.99692,M0408,2019-05-01
2019-04-07,251.9248,252.7126,0.99688,M0407,2019-05-01
2019-04-06,251.88933,252.68733,0.99684,M0406,2019-05-01
2019-04-05,251.85387,252.66207,0.9968,M0405,2019-05-01
2019-04-04,251.8184,252.6368,0.99676,M0404,2019-05-01
2019-04-03,251.78293,252.61153,0.99672,M0403,2019-05-01
2019-04-02,251.74747,252.58627,0.99668,M0402,2019-05-01
2019-04-01,251.712,252.561,0.99664,M0401,2019-05-01
