asOfDate, cusip, securitytype, rate, maturitydate, bid, ask, frequency, description, key
"2026-10-05T1705","912797UJ4","Bill","","2026-10-08",99.978,99.98,"","UNITED STATES TREAS BILLS ZERO CPN, 0.000%, 08-OCT-2026","2026-10-08-912797UJ4"
"2026-10-05T1705","912797VL8","Bill","","2026-10-13",99.926,99.927,"","UNITED STATES TREAS BILLS ZERO CPN, 0.000%, 13-OCT-2026","2026-10-13-912797VL8"
"2026-10-05T1705","912797UK1","Bill","","2026-10-15",99.904,99.907,"","UNITED STATES TREAS BILLS ZERO CPN, 0.000%, 15-OCT-2026","2026-10-15-912797UK1"
"2026-10-05T1705","91282CDC2","TIPS",0.00125,"2026-10-15",99.921,100.079,"semi-annually","UNITED STATES TREAS NTS SER AE-2026, 0.125%, 15-OCT-2026","2026-10-15-91282CDC2"
"2026-10-05T1705","91282CJC6","Bond",0.04625,"2026-10-15",100.007,100.02,"semi-annually","UNITED STATES TREAS SER AT-2026, 4.625%, 15-OCT-2026","2026-10-15-91282CJC6"
"2026-10-05T1705","912797VM6","Bill","","2026-10-20",99.851,99.854,"","UNITED STATES TREAS BILLS ZERO CPN, 0.000%, 20-OCT-2026","2026-10-20-912797VM6"
"2026-10-05T1705","912797UL9","Bill","","2026-10-22",99.83,99.833,"","UNITED STATES TREAS BILLS ZERO CPN, 0.000%, 22-OCT-2026","2026-10-22-912797UL9"
"2026-10-05T1705","912797VN4","Bill","","2026-10-27",99.776,99.778,"","UNITED STATES TREAS BILLS ZERO CPN, 0.000%, 27-OCT-2026","2026-10-27-912797VN4"
"2026-10-05T1705","912797SK4","Bill","","2026-10-29",99.754,99.757,"","UNITED STATES TREAS BILLS ZERO CPN, 0.000%, 29-OCT-2026","2026-10-29-912797SK4"
"2026-10-05T1705","912828YQ7","Bond",0.01625,"2026-10-31",99.814,99.829,"semi-annually","UNITED STATES TREAS SER R-2026, 1.625%, 31-OCT-2026","2026-10-31-912828YQ7"
"2026-10-05T1705","91282CDG3","Bond",0.01125,"2026-10-31",99.781,99.8,"semi-annually","UNITED STATES TREAS SER AF-2026, 1.125%, 31-OCT-2026","2026-10-31-91282CDG3"
"2026-10-05T1705","91282CLS8","Bond",0.04125,"2026-10-31",99.982,99.996,"semi-annually","UNITED STATES TREAS SER BJ-2026, 4.125%, 31-OCT-2026","2026-10-31-91282CLS8"
"2026-10-05T1705","912797VP9","Bill","","2026-11-03",99.698,99.7,"","UNITED STATES TREAS BILLS ZERO CPN, 0.000%, 03-NOV-2026","2026-11-03-912797VP9"
"2026-10-05T1705","912797UM7","Bill","","2026-11-05",99.677,99.679,"","UNITED STATES TREAS BILLS ZERO CPN, 0.000%, 05-NOV-2026","2026-11-05-912797UM7"
"2026-10-05T1705","912797VW4","Bill","","2026-11-10",99.622,99.624,"","UNITED STATES TREAS BILLS ZERO CPN, 0.000%, 10-NOV-2026","2026-11-10-912797VW4"
"2026-10-05T1705","912797UY1","Bill","","2026-11-12",99.596,99.6,"","UNITED STATES TREAS BILLS ZERO CPN, 0.000%, 12-NOV-2026","2026-11-12-912797UY1"
"2026-10-05T1705","912803BJ1","STRIP","","2026-11-15",99.553,99.614,"","UNITED STATES TREAS BD STRIPP ZERO CPN, 0.000%, 15-NOV-2026","2026-11-15-912803BJ1"
"2026-10-05T1705","912810EY0","Bond",0.065,"2026-11-15",100.23,100.42,"semi-annually","UNITED STATES TREAS BDS, 6.500%, 15-NOV-2026","2026-11-15-912810EY0"
"2026-10-05T1705","9128205Y9","STRIP","","2026-11-15",99.54,99.593,"","U S TREAS SEC STRIPPED INT PMT, 0.000%, 15-NOV-2026","2026-11-15-9128205Y9"
"2026-10-05T1705","912828U24","Bond",0.02,"2026-11-15",99.757,99.778,"semi-annually","UNITED STATES TREAS SER F-2026, 2.000%, 15-NOV-2026","2026-11-15-912828U24"
"2026-10-05T1705","91282CJK8","Bond",0.04625,"2026-11-15",100.035,100.051,"semi-annually","UNITED STATES TREAS SER AU-2026, 4.625%, 15-NOV-2026","2026-11-15-91282CJK8"
"2026-10-05T1705","912833PB0","STRIP","","2026-11-15",99.546,99.603,"","U S TREAS SEC STRIPPED INT PMT, 0.000%, 15-NOV-2026","2026-11-15-912833PB0"
"2026-10-05T1705","912797VX2","Bill","","2026-11-17",99.542,99.545,"","UNITED STATES TREAS BILLS ZERO CPN, 0.000%, 17-NOV-2026","2026-11-17-912797VX2"
"2026-10-05T1705","912797UZ8","Bill","","2026-11-19",99.519,99.522,"","UNITED STATES TREAS BILLS ZERO CPN, 0.000%, 19-NOV-2026","2026-11-19-912797UZ8"
"2026-10-05T1705","912797VY0","Bill","","2026-11-24",99.462,99.464,"","UNITED STATES TREAS BILLS ZERO CPN, 0.000%, 24-NOV-2026","2026-11-24-912797VY0"
"2026-10-05T1705","912797SU2","Bill","","2026-11-27",99.427,99.431,"","UNITED STATES TREAS BILLS ZERO CPN, 0.000%, 27-NOV-2026","2026-11-27-912797SU2"
"2026-10-05T1705","912828YU8","Bond",0.01625,"2026-11-30",99.628,99.649,"semi-annually","UNITED STATES TREAS SER S-2026, 1.625%, 30-NOV-2026","2026-11-30-912828YU8"
"2026-10-05T1705","91282CDK4","Bond",0.0125,"2026-11-30",99.58,99.592,"semi-annually","UNITED STATES TREAS SER AG-2026, 1.250%, 30-NOV-2026","2026-11-30-91282CDK4"
"2026-10-05T1705","91282CLY5","Bond",0.0425,"2026-11-30",100.008,100.036,"semi-annually","UNITED STATES TREAS SER BL-2026, 4.250%, 30-NOV-2026","2026-11-30-91282CLY5"
"2026-10-05T1705","912797VZ7","Bill","","2026-12-01",99.382,99.385,"","UNITED STATES TREAS BILLS ZERO CPN, 0.000%, 01-DEC-2026","2026-12-01-912797VZ7"
"2026-10-05T1705","912797VA2","Bill","","2026-12-03",99.362,99.365,"","UNITED STATES TREAS BILLS ZERO CPN, 0.000%, 03-DEC-2026","2026-12-03-912797VA2"
"2026-10-05T1705","912797WE3","Bill","","2026-12-08",99.309,99.313,"","UNITED STATES TREAS BILLS ZERO CPN, 0.000%, 08-DEC-2026","2026-12-08-912797WE3"
"2026-10-05T1705","912797VG9","Bill","","2026-12-10",99.286,99.29,"","UNITED STATES TREAS BILLS ZERO CPN, 0.000%, 10-DEC-2026","2026-12-10-912797VG9"
"2026-10-05T1705","912797WF0","Bill","","2026-12-15",99.234,99.24,"","UNITED STATES TREAS BILLS ZERO CPN, 0.000%, 15-DEC-2026","2026-12-15-912797WF0"
"2026-10-05T1705","91282CJP7","Bond",0.04375,"2026-12-15",100.051,100.066,"semi-annually","UNITED STATES TREAS SER AV-2026, 4.375%, 15-DEC-2026","2026-12-15-91282CJP7"
"2026-10-05T1705","912797VH7","Bill","","2026-12-17",99.207,99.212,"","UNITED STATES TREAS BILLS ZERO CPN, 0.000%, 17-DEC-2026","2026-12-17-912797VH7"
"2026-10-05T1705","912797WG8","Bill","","2026-12-22",99.157,99.166,"","UNITED STATES TREAS BILLS ZERO CPN, 0.000%, 22-DEC-2026","2026-12-22-912797WG8"
"2026-10-05T1705","912797TC1","Bill","","2026-12-24",99.122,99.126,"","UNITED STATES TREAS BILLS ZERO CPN, 0.000%, 24-DEC-2026","2026-12-24-912797TC1"
"2026-10-05T1705","912797WH6","Bill","","2026-12-29",99.074,99.079,"","UNITED STATES TREAS BILLS ZERO CPN, 0.000%, 29-DEC-2026","2026-12-29-912797WH6"
"2026-10-05T1705","912797VJ3","Bill","","2026-12-31",99.038,99.042,"","UNITED STATES TREAS BILLS ZERO CPN, 0.000%, 31-DEC-2026","2026-12-31-912797VJ3"
"2026-10-05T1705","912828YX2","Bond",0.0175,"2026-12-31",99.449,99.469,"semi-annually","UNITED STATES TREAS SER T-2026, 1.750%, 31-DEC-2026","2026-12-31-912828YX2"
"2026-10-05T1705","91282CDQ1","Bond",0.0125,"2026-12-31",99.32,99.329,"semi-annually","UNITED STATES TREAS SER AH-2026, 1.250%, 31-DEC-2026","2026-12-31-91282CDQ1"
"2026-10-05T1705","91282CME8","Bond",0.0425,"2026-12-31",100,100.02,"semi-annually","UNITED STATES TREAS SER BM-2026, 4.250%, 31-DEC-2026","2026-12-31-91282CME8"
"2026-10-05T1705","912797WN3","Bill","","2027-01-05",98.981,98.984,"","UNITED STATES TREAS BILLS ZERO CPN, 0.000%, 05-JAN-2027","2027-01-05-912797WN3"
"2026-10-05T1705","912797VS3","Bill","","2027-01-07",98.956,98.959,"","UNITED STATES TREAS BILLS ZERO CPN, 0.000%, 07-JAN-2027","2027-01-07-912797VS3"
"2026-10-05T1705","912797WP8","Bill","","2027-01-12",98.904,98.91,"","UNITED STATES TREAS BILLS ZERO CPN, 0.000%, 12-JAN-2027","2027-01-12-912797WP8"
"2026-10-05T1705","912797VT1","Bill","","2027-01-14",98.887,98.891,"","UNITED STATES TREAS BILLS ZERO CPN, 0.000%, 14-JAN-2027","2027-01-14-912797VT1"
"2026-10-05T1705","912810PS1","TIPS",0.02375,"2027-01-15",100.234,100.375,"semi-annually","UNITED STATES TREAS BDS TIPS, 2.375%, 15-JAN-2027","2027-01-15-912810PS1"
"2026-10-05T1705","912828V49","TIPS",0.00375,"2027-01-15",99.695,99.821,"semi-annually","UNITED STATES TREAS NTS TIPS, 0.375%, 15-JAN-2027","2027-01-15-912828V49"
"2026-10-05T1705","91282CJT9","Bond",0.04,"2027-01-15",99.937,99.954,"semi-annually","UNITED STATES TREAS SER AJ-2027, 4.000%, 15-JAN-2027","2027-01-15-91282CJT9"
"2026-10-05T1705","912797WQ6","Bill","","2027-01-19",98.816,98.824,"","UNITED STATES TREAS BILLS ZERO CPN, 0.000%, 19-JAN-2027","2027-01-19-912797WQ6"
"2026-10-05T1705","912797TM9","Bill","","2027-01-21",98.797,98.807,"","UNITED STATES TREAS BILLS ZERO CPN, 0.000%, 21-JAN-2027","2027-01-21-912797TM9"
"2026-10-05T1705","912797WR4","Bill","","2027-01-26",98.733,98.742,"","UNITED STATES TREAS BILLS ZERO CPN, 0.000%, 26-JAN-2027","2027-01-26-912797WR4"
"2026-10-05T1705","912797VU8","Bill","","2027-01-28",98.716,98.728,"","UNITED STATES TREAS BILLS ZERO CPN, 0.000%, 28-JAN-2027","2027-01-28-912797VU8"
"2026-10-05T1705","912828Z78","Bond",0.015,"2027-01-31",99.14,99.152,"semi-annually","UNITED STATES TREAS SER G-2027, 1.500%, 31-JAN-2027","2027-01-31-912828Z78"
"2026-10-05T1705","91282CMH1","Bond",0.04125,"2027-01-31",99.964,99.978,"semi-annually","UNITED STATES TREAS SER AW-2027, 4.125%, 31-JAN-2027","2027-01-31-91282CMH1"
"2026-10-05T1705","912797VV6","Bill","","2027-02-04",98.635,98.649,"","UNITED STATES TREAS BILLS ZERO CPN, 0.000%, 04-FEB-2027","2027-02-04-912797VV6"
"2026-10-05T1705","912797WB9","Bill","","2027-02-11",98.554,98.56,"","UNITED STATES TREAS BILLS ZERO CPN, 0.000%, 11-FEB-2027","2027-02-11-912797WB9"
"2026-10-05T1705","912803BK8","STRIP","","2027-02-15",98.556,98.598,"","UNITED STATES TREAS BD STRIPP ZERO CPN, 0.000%, 15-FEB-2027","2027-02-15-912803BK8"
"2026-10-05T1705","912810EZ7","Bond",0.06625,"2027-02-15",100.93,101.229,"semi-annually","UNITED STATES TREAS BDS, 6.625%, 15-FEB-2027","2027-02-15-912810EZ7"
"2026-10-05T1705","9128206P7","STRIP","","2027-02-15",98.506,98.636,"","U S TREAS SEC STRIPPED INT PMT, 0.000%, 15-FEB-2027","2027-02-15-9128206P7"
"2026-10-05T1705","912828V98","Bond",0.0225,"2027-02-15",99.294,99.308,"semi-annually","UNITED STATES TREAS SER B-2027, 2.250%, 15-FEB-2027","2027-02-15-912828V98"
"2026-10-05T1705","91282CKA8","Bond",0.04125,"2027-02-15",99.958,99.971,"semi-annually","UNITED STATES TREAS SER AK-2027, 4.125%, 15-FEB-2027","2027-02-15-91282CKA8"
"2026-10-05T1705","912833PC8","STRIP","","2027-02-15",98.504,98.544,"","U S TREAS SEC STRIPPED INT PMT, 0.000%, 15-FEB-2027","2027-02-15-912833PC8"
"2026-10-05T1705","912797TV9","Bill","","2027-02-18",98.477,98.486,"","UNITED STATES TREAS BILLS ZERO CPN, 0.000%, 18-FEB-2027","2027-02-18-912797TV9"
"2026-10-05T1705","912797WC7","Bill","","2027-02-25",98.381,98.393,"","UNITED STATES TREAS BILLS ZERO CPN, 0.000%, 25-FEB-2027","2027-02-25-912797WC7"
"2026-10-05T1705","912828ZB9","Bond",0.01125,"2027-02-28",98.789,98.804,"semi-annually","UNITED STATES TREAS NOTE, 1.125%, 28-FEB-2027","2027-02-28-912828ZB9"
"2026-10-05T1705","91282CEC1","Bond",0.01875,"2027-02-28",99.083,99.097,"semi-annually","UNITED STATES TREAS SER V-2027, 1.875%, 28-FEB-2027","2027-02-28-91282CEC1"
"2026-10-05T1705","91282CMP3","Bond",0.04125,"2027-02-28",99.96,99.977,"semi-annually","UNITED STATES TREAS SER AY-2027, 4.125%, 28-FEB-2027","2027-02-28-91282CMP3"
"2026-10-05T1705","912797WD5","Bill","","2027-03-04",98.305,98.316,"","UNITED STATES TREAS BILLS ZERO CPN, 0.000%, 04-MAR-2027","2027-03-04-912797WD5"
"2026-10-05T1705","912797WK9","Bill","","2027-03-11",98.224,98.231,"","UNITED STATES TREAS BILLS ZERO CPN, 0.000%, 11-MAR-2027","2027-03-11-912797WK9"
"2026-10-05T1705","91282CKE0","Bond",0.0425,"2027-03-15",100.019,100.04,"semi-annually","UNITED STATES TREAS SER AL-2027, 4.250%, 15-MAR-2027","2027-03-15-91282CKE0"
"2026-10-05T1705","912797UD7","Bill","","2027-03-18",98.136,98.144,"","UNITED STATES TREAS BILLS, 0.000%, 18-MAR-2027","2027-03-18-912797UD7"
"2026-10-05T1705","912797WL7","Bill","","2027-03-25",98.056,98.062,"","UNITED STATES TREAS BILLS ZERO CPN, 0.000%, 25-MAR-2027","2027-03-25-912797WL7"
"2026-10-05T1705","912828ZE3","Bond",0.00625,"2027-03-31",98.289,98.3,"semi-annually","UNITED STATES TREAS NOTE, 0.625%, 31-MAR-2027","2027-03-31-912828ZE3"
"2026-10-05T1705","91282CEF4","Bond",0.025,"2027-03-31",99.164,99.18,"semi-annually","UNITED STATES TREAS SER W-2027, 2.500%, 31-MAR-2027","2027-03-31-91282CEF4"
"2026-10-05T1705","91282CMV0","Bond",0.03875,"2027-03-31",99.817,99.829,"semi-annually","UNITED STATES TREAS SER AZ-2027, 3.875%, 31-MAR-2027","2027-03-31-91282CMV0"
"2026-10-05T1705","912797WM5","Bill","","2027-04-01",97.962,97.967,"","UNITED STATES TREAS BILLS ZERO CPN, 0.000%, 01-APR-2027","2027-04-01-912797WM5"
"2026-10-05T1705","912797UE5","Bill","","2027-04-15",97.81,97.822,"","UNITED STATES TREAS BILLS ZERO CPN, 0.000%, 15-APR-2027","2027-04-15-912797UE5"
"2026-10-05T1705","91282CEJ6","TIPS",0.00125,"2027-04-15",98.898,99.021,"semi-annually","UNITED STATES TREAS NTS SER X-2027, 0.125%, 15-APR-2027","2027-04-15-91282CEJ6"
"2026-10-05T1705","91282CKJ9","Bond",0.045,"2027-04-15",100.113,100.127,"semi-annually","UNITED STATES TREAS SER AM-2027, 4.500%, 15-APR-2027","2027-04-15-91282CKJ9"
"2026-10-05T1705","912828ZN3","Bond",0.005,"2027-04-30",97.886,97.898,"semi-annually","UNITED STATES TREAS NOTE, 0.500%, 30-APR-2027","2027-04-30-912828ZN3"
"2026-10-05T1705","91282CEN7","Bond",0.0275,"2027-04-30",99.138,99.148,"semi-annually","UNITED STATES TREAS SER Y-2027, 2.750%, 30-APR-2027","2027-04-30-91282CEN7"
"2026-10-05T1705","91282CMY4","Bond",0.0375,"2027-04-30",99.682,99.699,"semi-annually","UNITED STATES TREAS SER BA-2027, 3.750%, 30-APR-2027","2027-04-30-91282CMY4"
"2026-10-05T1705","912797UX3","Bill","","2027-05-13",97.542,97.561,"","UNITED STATES TREAS BILLS ZERO CPN, 0.000%, 13-MAY-2027","2027-05-13-912797UX3"
"2026-10-05T1705","9128207D3","STRIP","","2027-05-15",97.414,97.503,"","U S TREAS SEC STRIPPED INT PMT, 0.000%, 15-MAY-2027","2027-05-15-9128207D3"
"2026-10-05T1705","912828X88","Bond",0.02375,"2027-05-15",98.82,98.833,"semi-annually","UNITED STATES TREAS SER C-2027, 2.375%, 15-MAY-2027","2027-05-15-912828X88"
"2026-10-05T1705","91282CKR1","Bond",0.045,"2027-05-15",100.078,100.098,"semi-annually","UNITED STATES TREAS SER AN-2027, 4.500%, 15-MAY-2027","2027-05-15-91282CKR1"
"2026-10-05T1705","912833PD6","STRIP","","2027-05-15",97.4,97.447,"","U S TREAS SEC STRIPPED INT PMT, 0.000%, 15-MAY-2027","2027-05-15-912833PD6"
"2026-10-05T1705","912828ZS2","Bond",0.005,"2027-05-31",97.541,97.557,"semi-annually","UNITED STATES TREAS SER L-2027, 0.500%, 31-MAY-2027","2027-05-31-912828ZS2"
"2026-10-05T1705","91282CET4","Bond",0.02625,"2027-05-31",98.891,98.905,"semi-annually","UNITED STATES TREAS SER Z-2027, 2.625%, 31-MAY-2027","2027-05-31-91282CET4"
"2026-10-05T1705","91282CNE7","Bond",0.03875,"2027-05-31",99.675,99.684,"semi-annually","UNITED STATES TREAS SER BC-2027, 3.875%, 31-MAY-2027","2027-05-31-91282CNE7"
"2026-10-05T1705","912797VF1","Bill","","2027-06-10",97.182,97.208,"","UNITED STATES TREAS BILLS ZERO CPN, 0.000%, 10-JUN-2027","2027-06-10-912797VF1"
"2026-10-05T1705","91282CKV2","Bond",0.04625,"2027-06-15",100.156,100.172,"semi-annually","UNITED STATES TREAS SER AP-2027, 4.625%, 15-JUN-2027","2027-06-15-91282CKV2"
"2026-10-05T1705","912828ZV5","Bond",0.005,"2027-06-30",97.216,97.23,"semi-annually","UNITED STATES TREAS SER M-2027, 0.500%, 30-JUN-2027","2027-06-30-912828ZV5"
"2026-10-05T1705","91282CEW7","Bond",0.0325,"2027-06-30",99.164,99.184,"semi-annually","UNITED STATES TREAS SER AA-2027, 3.250%, 30-JUN-2027","2027-06-30-91282CEW7"
"2026-10-05T1705","91282CNL1","Bond",0.0375,"2027-06-30",99.531,99.543,"semi-annually","UNITED STATES TREAS SER BD-2027, 3.750%, 30-JUN-2027","2027-06-30-91282CNL1"
"2026-10-05T1705","912797VQ7","Bill","","2027-07-08",96.823,96.839,"","UNITED STATES TREAS BILLS ZERO CPN, 0.000%, 08-JUL-2027","2027-07-08-912797VQ7"
"2026-10-05T1705","9128282L3","TIPS",0.00375,"2027-07-15",98.945,99.063,"semi-annually","UNITED STATES TREAS NTS SER D-2027, 0.375%, 15-JUL-2027","2027-07-15-9128282L3"
"2026-10-05T1705","91282CKZ3","Bond",0.04375,"2027-07-15",99.945,99.959,"semi-annually","UNITED STATES TREAS SER AQ-2027, 4.375%, 15-JUL-2027","2027-07-15-91282CKZ3"
"2026-10-05T1705","91282CAD3","Bond",0.00375,"2027-07-31",96.734,96.754,"semi-annually","UNITED STATES TREAS SER N-2027, 0.375%, 31-JUL-2027","2027-07-31-91282CAD3"
"2026-10-05T1705","91282CFB2","Bond",0.0275,"2027-07-31",98.613,98.627,"semi-annually","UNITED STATES TREAS SER AB-2027, 2.750%, 31-JUL-2027","2027-07-31-91282CFB2"
"2026-10-05T1705","91282CNP2","Bond",0.03875,"2027-07-31",99.5,99.516,"semi-annually","UNITED STATES TREAS SER BE-2027, 3.875%, 31-JUL-2027","2027-07-31-91282CNP2"
"2026-10-05T1705","912797VR5","Bill","","2027-08-05",96.465,96.495,"","UNITED STATES TREAS BILLS ZERO CPN, 0.000%, 05-AUG-2027","2027-08-05-912797VR5"
"2026-10-05T1705","912803BL6","STRIP","","2027-08-15",96.271,96.425,"","UNITED STATES TREAS BD STRIPP ZERO CPN, 0.000%, 15-AUG-2027","2027-08-15-912803BL6"
"2026-10-05T1705","912810FA1","Bond",0.06375,"2027-08-15",101.59,101.774,"semi-annually","UNITED STATES TREAS BDS, 6.375%, 15-AUG-2027","2027-08-15-912810FA1"
"2026-10-05T1705","9128203H8","STRIP","","2027-08-15",96.245,96.476,"","U S TREAS SEC STRIPPED INT PMT, 0.000%, 15-AUG-2027","2027-08-15-9128203H8"
"2026-10-05T1705","9128282R0","Bond",0.0225,"2027-08-15",98.125,98.141,"semi-annually","UNITED STATES TREAS SER E-2027, 2.250%, 15-AUG-2027","2027-08-15-9128282R0"
"2026-10-05T1705","91282CLG4","Bond",0.0375,"2027-08-15",99.367,99.387,"semi-annually","UNITED STATES TREAS SER AR-2027, 3.750%, 15-AUG-2027","2027-08-15-91282CLG4"
"2026-10-05T1705","912833PE4","STRIP","","2027-08-15",96.255,96.333,"","U S TREAS SEC STRIPPED INT PMT, 0.000%, 15-AUG-2027","2027-08-15-912833PE4"
"2026-10-05T1705","91282CAH4","Bond",0.005,"2027-08-31",96.496,96.516,"semi-annually","UNITED STATES TREAS SER P-2027, 0.500%, 31-AUG-2027","2027-08-31-91282CAH4"
"2026-10-05T1705","91282CFH9","Bond",0.03125,"2027-08-31",98.789,98.804,"semi-annually","UNITED STATES TREAS SER AC-2027, 3.125%, 31-AUG-2027","2027-08-31-91282CFH9"
"2026-10-05T1705","91282CNV9","Bond",0.03625,"2027-08-31",99.223,99.243,"semi-annually","UNITED STATES TREAS SER BG-2027, 3.625%, 31-AUG-2027","2027-08-31-91282CNV9"
"2026-10-05T1705","912797WA1","Bill","","2027-09-02",96.159,96.179,"","UNITED STATES TREAS BILLS ZERO CPN, 0.000%, 02-SEP-2027","2027-09-02-912797WA1"
"2026-10-05T1705","91282CLL3","Bond",0.03375,"2027-09-15",98.957,98.977,"semi-annually","UNITED STATES TREAS SER AS-2027, 3.375%, 15-SEP-2027","2027-09-15-91282CLL3"
"2026-10-05T1705","912797WJ2","Bill","","2027-09-30",95.753,95.774,"","UNITED STATES TREAS BILLS ZERO CPN, 0.000%, 30-SEP-2027","2027-09-30-912797WJ2"
"2026-10-05T1705","91282CAL5","Bond",0.00375,"2027-09-30",96.035,96.055,"semi-annually","UNITED STATES TREAS SER Q-2027, 0.375%, 30-SEP-2027","2027-09-30-91282CAL5"
"2026-10-05T1705","91282CFM8","Bond",0.04125,"2027-09-30",99.621,99.641,"semi-annually","UNITED STATES TREAS SER AD-2027, 4.125%, 30-SEP-2027","2027-09-30-91282CFM8"
"2026-10-05T1705","91282CPB1","Bond",0.035,"2027-09-30",99.016,99.033,"semi-annually","UNITED STATES TREAS SER BH-2027, 3.500%, 30-SEP-2027","2027-09-30-91282CPB1"
"2026-10-05T1705","91282CFR7","TIPS",0.01625,"2027-10-15",99.468,99.584,"semi-annually","UNITED STATES TREAS NTS SER AE-2027, 1.625%, 15-OCT-2027","2027-10-15-91282CFR7"
"2026-10-05T1705","91282CLQ2","Bond",0.03875,"2027-10-15",99.328,99.34,"semi-annually","UNITED STATES TREAS SER AT-2027, 3.875%, 15-OCT-2027","2027-10-15-91282CLQ2"
"2026-10-05T1705","91282CAU5","Bond",0.005,"2027-10-31",95.781,95.801,"semi-annually","UNITED STATES TREAS SER R-2027, 0.500%, 31-OCT-2027","2027-10-31-91282CAU5"
"2026-10-05T1705","91282CFU0","Bond",0.04125,"2027-10-31",99.523,99.532,"semi-annually","UNITED STATES TREAS SER AF-2027, 4.125%, 31-OCT-2027","2027-10-31-91282CFU0"
"2026-10-05T1705","91282CPE5","Bond",0.035,"2027-10-31",98.88,98.885,"semi-annually","UNITED STATES TREAS SER BJ-2027, 3.500%, 31-OCT-2027","2027-10-31-91282CPE5"
"2026-10-05T1705","912803BM4","STRIP","","2027-11-15",95.115,95.231,"","UNITED STATES TREAS BD STRIPP ZERO CPN, 0.000%, 15-NOV-2027","2027-11-15-912803BM4"
"2026-10-05T1705","912810FB9","Bond",0.06125,"2027-11-15",101.559,101.814,"semi-annually","UNITED STATES TREAS BDS, 6.125%, 15-NOV-2027","2027-11-15-912810FB9"
"2026-10-05T1705","9128203W5","STRIP","","2027-11-15",95.04,95.373,"","U S TREAS SEC STRIPPED INT PMT, 0.000%, 15-NOV-2027","2027-11-15-9128203W5"
"2026-10-05T1705","9128283F5","Bond",0.0225,"2027-11-15",97.468,97.489,"semi-annually","UNITED STATES TREAS SER F-2027, 2.250%, 15-NOV-2027","2027-11-15-9128283F5"
"2026-10-05T1705","91282CLX7","Bond",0.04125,"2027-11-15",99.484,99.493,"semi-annually","UNITED STATES TREAS SER AU-2027, 4.125%, 15-NOV-2027","2027-11-15-91282CLX7"
"2026-10-05T1705","912833QB9","STRIP","","2027-11-15",95.065,95.125,"","U S TREAS SEC STRIPPED INT PMT, 0.000%, 15-NOV-2027","2027-11-15-912833QB9"
"2026-10-05T1705","91282CAY7","Bond",0.00625,"2027-11-30",95.574,95.588,"semi-annually","UNITED STATES TREAS SER S-2027, 0.625%, 30-NOV-2027","2027-11-30-91282CAY7"
"2026-10-05T1705","91282CFZ9","Bond",0.03875,"2027-11-30",99.167,99.18,"semi-annually","UNITED STATES TREAS SER AG-2027, 3.875%, 30-NOV-2027","2027-11-30-91282CFZ9"
"2026-10-05T1705","91282CPL9","Bond",0.03375,"2027-11-30",98.612,98.626,"semi-annually","UNITED STATES TREAS SER BL-2027, 3.375%, 30-NOV-2027","2027-11-30-91282CPL9"
"2026-10-05T1705","91282CMB4","Bond",0.04,"2027-12-15",99.271,99.292,"semi-annually","UNITED STATES TREAS SER AV-2027, 4.000%, 15-DEC-2027","2027-12-15-91282CMB4"
"2026-10-05T1705","91282CBB6","Bond",0.00625,"2027-12-31",95.211,95.244,"semi-annually","UNITED STATES TREAS SER T-2027, 0.625%, 31-DEC-2027","2027-12-31-91282CBB6"
"2026-10-05T1705","91282CGC9","Bond",0.03875,"2027-12-31",99.074,99.105,"semi-annually","UNITED STATES TREAS SER AH-2027, 3.875%, 31-DEC-2027","2027-12-31-91282CGC9"
"2026-10-05T1705","91282CPS4","Bond",0.03375,"2027-12-31",98.472,98.5,"semi-annually","UNITED STATES TREAS SER BM-2027, 3.375%, 31-DEC-2027","2027-12-31-91282CPS4"
"2026-10-05T1705","912810PV4","TIPS",0.0175,"2028-01-15",98.976,99.125,"semi-annually","UNITED STATES TREASURY, 1.750%, 15-JAN-2028","2028-01-15-912810PV4"
"2026-10-05T1705","9128283R9","TIPS",0.005,"2028-01-15",97.446,97.555,"semi-annually","UNITED STATES TREAS NTS SER A-2028, 0.500%, 15-JAN-2028","2028-01-15-9128283R9"
"2026-10-05T1705","91282CMF5","Bond",0.0425,"2028-01-15",99.458,99.485,"semi-annually","UNITED STATES TREAS SER AJ-2028, 4.250%, 15-JAN-2028","2028-01-15-91282CMF5"
"2026-10-05T1705","91282CBJ9","Bond",0.0075,"2028-01-31",95.017,95.034,"semi-annually","UNITED STATES TREAS SER G-2028, 0.750%, 31-JAN-2028","2028-01-31-91282CBJ9"
"2026-10-05T1705","91282CGH8","Bond",0.035,"2028-01-31",98.497,98.511,"semi-annually","UNITED STATES TREAS SER U-2028, 3.500%, 31-JAN-2028","2028-01-31-91282CGH8"
"2026-10-05T1705","9128204M6","STRIP","","2028-02-15",93.843,93.921,"","U S TREAS SEC STRIPPED INT PMT, 0.000%, 15-FEB-2028","2028-02-15-9128204M6"
"2026-10-05T1705","9128283W8","Bond",0.0275,"2028-02-15",97.449,97.461,"semi-annually","UNITED STATES TREAS NOTES, 2.750%, 15-FEB-2028","2028-02-15-9128283W8"
"2026-10-05T1705","91282CMN8","Bond",0.0425,"2028-02-15",99.414,99.422,"semi-annually","UNITED STATES TREAS SER AK-2028, 4.250%, 15-FEB-2028","2028-02-15-91282CMN8"
"2026-10-05T1705","912833RY8","STRIP","","2028-02-15",93.836,93.904,"","U S TREAS SEC STRIPPED INT PMT, 0.000%, 15-FEB-2028","2028-02-15-912833RY8"
"2026-10-05T1705","91282CBP5","Bond",0.01125,"2028-02-29",95.19,95.21,"semi-annually","UNITED STATES TREAS SER H-2028, 1.125%, 29-FEB-2028","2028-02-29-91282CBP5"
"2026-10-05T1705","91282CGP0","Bond",0.04,"2028-02-29",99.052,99.067,"semi-annually","UNITED STATES TREAS SER V-2028, 4.000%, 29-FEB-2028","2028-02-29-91282CGP0"
"2026-10-05T1705","91282CQB0","Bond",0.03375,"2028-02-29",98.222,98.238,"semi-annually","UNITED STATES TREAS SER AY-2028, 3.375%, 29-FEB-2028","2028-02-29-91282CQB0"
"2026-10-05T1705","91282CMS7","Bond",0.03875,"2028-03-15",98.845,98.862,"semi-annually","UNITED STATES TREAS SER AL-2028, 3.875%, 15-MAR-2028","2028-03-15-91282CMS7"
"2026-10-05T1705","91282CBS9","Bond",0.0125,"2028-03-31",95.072,95.082,"semi-annually","UNITED STATES TREAS SER J-2028, 1.250%, 31-MAR-2028","2028-03-31-91282CBS9"
"2026-10-05T1705","91282CGT2","Bond",0.03625,"2028-03-31",98.439,98.451,"semi-annually","UNITED STATES TREAS SER W-2028, 3.625%, 31-MAR-2028","2028-03-31-91282CGT2"
"2026-10-05T1705","91282CQH7","Bond",0.03875,"2028-03-31",98.789,98.803,"semi-annually","UNITED STATES TREAS SER AZ-2028, 3.875%, 31-MAR-2028","2028-03-31-91282CQH7"
"2026-10-05T1705","912810FD5","TIPS",0.03625,"2028-04-15",101.447,101.602,"semi-annually","UNITED STATES TREAS BDS, 3.625%, 15-APR-2028","2028-04-15-912810FD5"
"2026-10-05T1705","91282CGW5","TIPS",0.0125,"2028-04-15",97.922,98.052,"semi-annually","UNITED STATES TREAS NTS SER X-2028, 1.250%, 15-APR-2028","2028-04-15-91282CGW5"
"2026-10-05T1705","91282CMW8","Bond",0.0375,"2028-04-15",98.558,98.567,"semi-annually","UNITED STATES TREAS SER AM-2028, 3.750%, 15-APR-2028","2028-04-15-91282CMW8"
"2026-10-05T1705","91282CBZ3","Bond",0.0125,"2028-04-30",94.761,94.785,"semi-annually","UNITED STATES TREAS SER K-2028, 1.250%, 30-APR-2028","2028-04-30-91282CBZ3"
"2026-10-05T1705","91282CHA2","Bond",0.035,"2028-04-30",98.132,98.149,"semi-annually","UNITED STATES TREAS SER Y-2028, 3.500%, 30-APR-2028","2028-04-30-91282CHA2"
"2026-10-05T1705","91282CQL8","Bond",0.0375,"2028-04-30",98.5,98.511,"semi-annually","UNITED STATES TREAS SER BA-2028, 3.750%, 30-APR-2028","2028-04-30-91282CQL8"
"2026-10-05T1705","9128205B9","STRIP","","2028-05-15",92.695,92.835,"","U S TREAS SEC STRIPPED INT PMT, 0.000%, 15-MAY-2028","2028-05-15-9128205B9"
"2026-10-05T1705","9128284N7","Bond",0.02875,"2028-05-15",97.113,97.132,"semi-annually","UNITED STATES TREAS SER C-2028, 2.875%, 15-MAY-2028","2028-05-15-9128284N7"
"2026-10-05T1705","91282CND9","Bond",0.0375,"2028-05-15",98.452,98.469,"semi-annually","UNITED STATES TREAS SER AN-2028, 3.750%, 15-MAY-2028","2028-05-15-91282CND9"
"2026-10-05T1705","912833WQ9","STRIP","","2028-05-15",92.676,92.75,"","U S TREAS SEC STRIPPED INT PMT, 0.000%, 15-MAY-2028","2028-05-15-912833WQ9"
"2026-10-05T1705","91282CCE9","Bond",0.0125,"2028-05-31",94.476,94.5,"semi-annually","UNITED STATES TREAS SER L-2028, 1.250%, 31-MAY-2028","2028-05-31-91282CCE9"
"2026-10-05T1705","91282CHE4","Bond",0.03625,"2028-05-31",98.203,98.227,"semi-annually","UNITED STATES TREAS SER Z-2028, 3.625%, 31-MAY-2028","2028-05-31-91282CHE4"
"2026-10-05T1705","91282CQS3","Bond",0.04,"2028-05-31",98.787,98.799,"semi-annually","UNITED STATES TREAS SER BC-2028, 4.000%, 31-MAY-2028","2028-05-31-91282CQS3"
"2026-10-05T1705","91282CNH0","Bond",0.03875,"2028-06-15",98.541,98.558,"semi-annually","UNITED STATES TREAS SER AP-2028, 3.875%, 15-JUN-2028","2028-06-15-91282CNH0"
"2026-10-05T1705","91282CCH2","Bond",0.0125,"2028-06-30",94.187,94.208,"semi-annually","UNITED STATES TREAS SER M-2028, 1.250%, 30-JUN-2028","2028-06-30-91282CCH2"
"2026-10-05T1705","91282CHK0","Bond",0.04,"2028-06-30",98.722,98.732,"semi-annually","UNITED STATES TREAS SER AA-2028, 4.000%, 30-JUN-2028","2028-06-30-91282CHK0"
"2026-10-05T1705","91282CQY0","Bond",0.04125,"2028-06-30",98.91,98.921,"semi-annually","UNITED STATES TREAS SER BD-2028, 4.125%, 30-JUN-2028","2028-06-30-91282CQY0"
"2026-10-05T1705","912828Y38","TIPS",0.0075,"2028-07-15",97.289,97.407,"semi-annually","UNITED STATES TREAS NTS SER D-2028, 0.750%, 15-JUL-2028","2028-07-15-912828Y38"
"2026-10-05T1705","91282CNM9","Bond",0.03875,"2028-07-15",98.453,98.461,"semi-annually","UNITED STATES TREAS SER AQ-2028, 3.875%, 15-JUL-2028","2028-07-15-91282CNM9"
"2026-10-05T1705","91282CCR0","Bond",0.01,"2028-07-31",93.46,93.481,"semi-annually","UNITED STATES TREAS SER N-2028, 1.000%, 31-JUL-2028","2028-07-31-91282CCR0"
"2026-10-05T1705","91282CHQ7","Bond",0.04125,"2028-07-31",98.843,98.864,"semi-annually","UNITED STATES TREAS SER AB-2028, 4.125%, 31-JUL-2028","2028-07-31-91282CHQ7"
"2026-10-05T1705","91282CRB9","Bond",0.0425,"2028-07-31",99.046,99.061,"semi-annually","UNITED STATES TREAS SER BE-2028, 4.250%, 31-JUL-2028","2028-07-31-91282CRB9"
"2026-10-05T1705","912803BP7","STRIP","","2028-08-15",91.58,91.726,"","UNITED STATES TREAS BD STRIPP ZERO CPN, 0.000%, 15-AUG-2028","2028-08-15-912803BP7"
"2026-10-05T1705","912810FE3","Bond",0.055,"2028-08-15",101.203,101.512,"semi-annually","UNITED STATES TREAS BDS, 5.500%, 15-AUG-2028","2028-08-15-912810FE3"
"2026-10-05T1705","912821AH8","STRIP","","2028-08-15",91.454,92.18,"","U S TREAS NT STRIPPED PRIN PMT, 0.000%, 15-AUG-2028","2028-08-15-912821AH8"
"2026-10-05T1705","9128284V9","Bond",0.02875,"2028-08-15",96.607,96.629,"semi-annually","UNITED STATES TREAS SER E-2028, 2.875%, 15-AUG-2028","2028-08-15-9128284V9"
"2026-10-05T1705","91282CNU1","Bond",0.03625,"2028-08-15",97.916,97.925,"semi-annually","UNITED STATES TREAS SER AR-2028, 3.625%, 15-AUG-2028","2028-08-15-91282CNU1"
"2026-10-05T1705","912833RZ5","STRIP","","2028-08-15",91.516,91.62,"","U S TREAS SEC STRIPPED INT PMT, 0.000%, 15-AUG-2028","2028-08-15-912833RZ5"
"2026-10-05T1705","91282CCV1","Bond",0.01125,"2028-08-31",93.383,93.399,"semi-annually","UNITED STATES TREAS SER P-2028, 1.125%, 31-AUG-2028","2028-08-31-91282CCV1"
"2026-10-05T1705","91282CHX2","Bond",0.04375,"2028-08-31",99.22,99.229,"semi-annually","UNITED STATES TREAS SER AC-2028, 4.375%, 31-AUG-2028","2028-08-31-91282CHX2"
"2026-10-05T1705","91282CRH6","Bond",0.04125,"2028-08-31",98.769,98.782,"semi-annually","UNITED STATES TREAS SER BG-2028, 4.125%, 31-AUG-2028","2028-08-31-91282CRH6"
"2026-10-05T1705","91282CNY3","Bond",0.03375,"2028-09-15",97.353,97.37,"semi-annually","UNITED STATES TREAS SER AS-2028, 3.375%, 15-SEP-2028","2028-09-15-91282CNY3"
"2026-10-05T1705","91282CCY5","Bond",0.0125,"2028-09-30",93.315,93.336,"semi-annually","UNITED STATES TREAS SER Q-2028, 1.250%, 30-SEP-2028","2028-09-30-91282CCY5"
"2026-10-05T1705","91282CJA0","Bond",0.04625,"2028-09-30",99.617,99.633,"semi-annually","UNITED STATES TREAS SER AD-2028, 4.625%, 30-SEP-2028","2028-09-30-91282CJA0"
"2026-10-05T1705","91282CRP8","Bond",0.0475,"2028-09-30",99.876,99.887,"semi-annually","UNITED STATES TREAS SER BH-2028, 4.750%, 30-SEP-2028","2028-09-30-91282CRP8"
"2026-10-05T1705","91282CJH5","TIPS",0.02375,"2028-10-15",99.969,100.077,"semi-annually","UNITED STATES TREAS NTS SER AE-2028, 2.375%, 15-OCT-2028","2028-10-15-91282CJH5"
"2026-10-05T1705","91282CPC9","Bond",0.035,"2028-10-15",97.437,97.461,"semi-annually","UNITED STATES TREAS SER AT-2028, 3.500%, 15-OCT-2028","2028-10-15-91282CPC9"
"2026-10-05T1705","91282CDF5","Bond",0.01375,"2028-10-31",93.25,93.278,"semi-annually","UNITED STATES TREAS SER R-2028, 1.375%, 31-OCT-2028","2028-10-31-91282CDF5"
"2026-10-05T1705","91282CJF9","Bond",0.04875,"2028-10-31",100.054,100.079,"semi-annually","UNITED STATES TREAS SER AF-2028, 4.875%, 31-OCT-2028","2028-10-31-91282CJF9"
"2026-10-05T1705","912803BV4","STRIP","","2028-11-15",90.451,90.595,"","UNITED STATES TREAS BD STRIPP ZERO CPN, 0.000%, 15-NOV-2028","2028-11-15-912803BV4"
"2026-10-05T1705","912810FF0","Bond",0.0525,"2028-11-15",100.797,101.083,"semi-annually","UNITED STATES TREAS BDS, 5.250%, 15-NOV-2028","2028-11-15-912810FF0"
"2026-10-05T1705","912821AW5","STRIP","","2028-11-15",90.278,90.659,"","U S TREAS NT STRIPPED PRIN PMT, 0.000%, 15-NOV-2028","2028-11-15-912821AW5"
"2026-10-05T1705","9128285M8","Bond",0.03125,"2028-11-15",96.589,96.622,"semi-annually","UNITED STATES TREAS SER F-2028, 3.125%, 15-NOV-2028","2028-11-15-9128285M8"
"2026-10-05T1705","91282CPK1","Bond",0.035,"2028-11-15",97.32,97.344,"semi-annually","UNITED STATES TREAS SER AU-2028, 3.500%, 15-NOV-2028","2028-11-15-91282CPK1"
"2026-10-05T1705","912833WR7","STRIP","","2028-11-15",90.34,90.43,"","U S TREAS SEC STRIPPED INT PMT, 0.000%, 15-NOV-2028","2028-11-15-912833WR7"
"2026-10-05T1705","91282CDL2","Bond",0.015,"2028-11-30",93.21,93.239,"semi-annually","UNITED STATES TREAS SER S-2028, 1.500%, 30-NOV-2028","2028-11-30-91282CDL2"
"2026-10-05T1705","91282CJN2","Bond",0.04375,"2028-11-30",99.012,99.061,"semi-annually","UNITED STATES TREAS SER AG-2028, 4.375%, 30-NOV-2028","2028-11-30-91282CJN2"
"2026-10-05T1705","91282CPP0","Bond",0.035,"2028-12-15",97.203,97.227,"semi-annually","UNITED STATES TREAS SER AV-2028, 3.500%, 15-DEC-2028","2028-12-15-91282CPP0"
"2026-10-05T1705","91282CDP3","Bond",0.01375,"2028-12-31",92.679,92.711,"semi-annually","UNITED STATES TREAS SER T-2028, 1.375%, 31-DEC-2028","2028-12-31-91282CDP3"
"2026-10-05T1705","91282CJR3","Bond",0.0375,"2028-12-31",97.66,97.684,"semi-annually","UNITED STATES TREAS SER AH-2028, 3.750%, 31-DEC-2028","2028-12-31-91282CJR3"
"2026-10-05T1705","912810PZ5","TIPS",0.025,"2029-01-15",99.852,99.993,"semi-annually","UNITED STATES TREAS BDS, 2.500%, 15-JAN-2029","2029-01-15-912810PZ5"
"2026-10-05T1705","9128285W6","TIPS",0.00875,"2029-01-15",96.338,96.422,"semi-annually","UNITED STATES TREAS NTS SER A-2029, 0.875%, 15-JAN-2029","2029-01-15-9128285W6"
"2026-10-05T1705","91282CPT2","Bond",0.035,"2029-01-15",97.055,97.079,"semi-annually","UNITED STATES TREAS SER AJ-2029, 3.500%, 15-JAN-2029","2029-01-15-91282CPT2"
"2026-10-05T1705","91282CDW8","Bond",0.0175,"2029-01-31",93.207,93.239,"semi-annually","UNITED STATES TREAS SER G-2029, 1.750%, 31-JAN-2029","2029-01-31-91282CDW8"
"2026-10-05T1705","91282CJW2","Bond",0.04,"2029-01-31",98.074,98.102,"semi-annually","UNITED STATES TREAS SER U-2029, 4.000%, 31-JAN-2029","2029-01-31-91282CJW2"
"2026-10-05T1705","912803BW2","STRIP","","2029-02-15",89.317,89.427,"","UNITED STATES TREAS BD STRIPP ZERO CPN, 0.000%, 15-FEB-2029","2029-02-15-912803BW2"
"2026-10-05T1705","912810FG8","Bond",0.0525,"2029-02-15",100.892,101.186,"semi-annually","UNITED STATES TREAS BDS, 5.250%, 15-FEB-2029","2029-02-15-912810FG8"
"2026-10-05T1705","912821BL8","STRIP","","2029-02-15",88.922,89.593,"","U S TREAS NT STRIPPED PRIN PMT, 0.000%, 15-FEB-2029","2029-02-15-912821BL8"
"2026-10-05T1705","9128286B1","Bond",0.02625,"2029-02-15",95.003,95.036,"semi-annually","UNITED STATES TREAS SER B-2029, 2.625%, 15-FEB-2029","2029-02-15-9128286B1"
"2026-10-05T1705","91282CQA2","Bond",0.035,"2029-02-15",96.923,96.946,"semi-annually","UNITED STATES TREAS SER AK-2029, 3.500%, 15-FEB-2029","2029-02-15-91282CQA2"
"2026-10-05T1705","912833XN5","STRIP","","2029-02-15",89.069,89.142,"","U S TREAS SEC STRIPPED INT PMT, 0.000%, 15-FEB-2029","2029-02-15-912833XN5"
"2026-10-05T1705","91282CEB3","Bond",0.01875,"2029-02-28",93.23,93.258,"semi-annually","UNITED STATES TREAS SER H-2029, 1.875%, 28-FEB-2029","2029-02-28-91282CEB3"
"2026-10-05T1705","91282CKD2","Bond",0.0425,"2029-02-28",98.574,98.603,"semi-annually","UNITED STATES TREAS SER V-2029, 4.250%, 28-FEB-2029","2029-02-28-91282CKD2"
"2026-10-05T1705","91282CQE4","Bond",0.035,"2029-03-15",96.824,96.848,"semi-annually","UNITED STATES TREAS SER AL-2029, 3.500%, 15-MAR-2029","2029-03-15-91282CQE4"
"2026-10-05T1705","91282CEE7","Bond",0.02375,"2029-03-31",94.137,94.165,"semi-annually","UNITED STATES TREAS SER J-2029, 2.375%, 31-MAR-2029","2029-03-31-91282CEE7"
"2026-10-05T1705","91282CKG5","Bond",0.04125,"2029-03-31",98.203,98.231,"semi-annually","UNITED STATES TREAS SER W-2029, 4.125%, 31-MAR-2029","2029-03-31-91282CKG5"
"2026-10-05T1705","912810FH6","TIPS",0.03875,"2029-04-15",103.007,103.149,"semi-annually","UNITED STATES TREAS BDS, 3.875%, 15-APR-2029","2029-04-15-912810FH6"
"2026-10-05T1705","91282CKL4","TIPS",0.02125,"2029-04-15",98.765,98.881,"semi-annually","UNITED STATES TREAS NTS SER X-2029, 2.125%, 15-APR-2029","2029-04-15-91282CKL4"
"2026-10-05T1705","91282CQJ3","Bond",0.03875,"2029-04-15",97.562,97.589,"semi-annually","UNITED STATES TREAS SER AM-2029, 3.875%, 15-APR-2029","2029-04-15-91282CQJ3"
"2026-10-05T1705","91282CEM9","Bond",0.02875,"2029-04-30",95.133,95.157,"semi-annually","UNITED STATES TREAS SER K-2029, 2.875%, 30-APR-2029","2029-04-30-91282CEM9"
"2026-10-05T1705","91282CKP5","Bond",0.04625,"2029-04-30",99.328,99.36,"semi-annually","UNITED STATES TREAS SER Y-2029, 4.625%, 30-APR-2029","2029-04-30-91282CKP5"
"2026-10-05T1705","912821CA1","STRIP","","2029-05-15",87.991,88.142,"","U S TREAS NT STRIPPED PRIN PMT, 0.000%, 15-MAY-2029","2029-05-15-912821CA1"
"2026-10-05T1705","9128286T2","Bond",0.02375,"2029-05-15",93.855,93.887,"semi-annually","UNITED STATES TREAS SER C-2029, 2.375%, 15-MAY-2029","2029-05-15-9128286T2"
"2026-10-05T1705","91282CQR5","Bond",0.03875,"2029-05-15",97.476,97.495,"semi-annually","UNITED STATES TREASURY NOTE, 3.875%, 15-MAY-2029","2029-05-15-91282CQR5"
"2026-10-05T1705","912833XS4","STRIP","","2029-05-15",87.935,88.043,"","U S TREAS SEC STRIPPED INT PMT, 0.000%, 15-MAY-2029","2029-05-15-912833XS4"
"2026-10-05T1705","91282CES6","Bond",0.0275,"2029-05-31",94.66,94.692,"semi-annually","UNITED STATES TREAS SER L-2029, 2.750%, 31-MAY-2029","2029-05-31-91282CES6"
"2026-10-05T1705","91282CKT7","Bond",0.045,"2029-05-31",98.96,98.989,"semi-annually","UNITED STATES TREAS SER Z-2029, 4.500%, 31-MAY-2029","2029-05-31-91282CKT7"
"2026-10-05T1705","91282CQV6","Bond",0.04125,"2029-06-15",98.003,98.028,"semi-annually","UNITED STATES TREAS SER AP-2029, 4.125%, 15-JUN-2029","2029-06-15-91282CQV6"
"2026-10-05T1705","91282CEV9","Bond",0.0325,"2029-06-30",95.746,95.774,"semi-annually","UNITED STATES TREAS SER M-2029, 3.250%, 30-JUN-2029","2029-06-30-91282CEV9"
"2026-10-05T1705","91282CKX8","Bond",0.0425,"2029-06-30",98.27,98.297,"semi-annually","UNITED STATES TREAS SER AA-2029, 4.250%, 30-JUN-2029","2029-06-30-91282CKX8"
"2026-10-05T1705","9128287D6","TIPS",0.0025,"2029-07-15",94.164,94.282,"semi-annually","UNITED STATES TREAS NTS SER D-2029, 0.250%, 15-JUL-2029","2029-07-15-9128287D6"
"2026-10-05T1705","91282CQZ7","Bond",0.04125,"2029-07-15",97.911,97.93,"semi-annually","UNITED STATES TREAS SER AQ-2029, 4.125%, 15-JUL-2029","2029-07-15-91282CQZ7"
"2026-10-05T1705","91282CFC0","Bond",0.02625,"2029-07-31",93.976,94,"semi-annually","UNITED STATES TREAS SER N-2029, 2.625%, 31-JUL-2029","2029-07-31-91282CFC0"
"2026-10-05T1705","91282CLC3","Bond",0.04,"2029-07-31",97.55,97.567,"semi-annually","UNITED STATES TREAS SER AB-2029, 4.000%, 31-JUL-2029","2029-07-31-91282CLC3"
"2026-10-05T1705","912803CG6","STRIP","","2029-08-15",86.977,87.105,"","UNITED STATES TREAS BD STRIPP ZERO CPN, 0.000%, 15-AUG-2029","2029-08-15-912803CG6"
"2026-10-05T1705","912810FJ2","Bond",0.06125,"2029-08-15",103.105,103.357,"semi-annually","UNITED STATES TREAS BDS, 6.125%, 15-AUG-2029","2029-08-15-912810FJ2"
"2026-10-05T1705","912821CR4","STRIP","","2029-08-15",86.843,87.576,"","U S TREAS NT STRIPPED PRIN PMT, 0.000%, 15-AUG-2029","2029-08-15-912821CR4"
"2026-10-05T1705","912828YB0","Bond",0.01625,"2029-08-15",91.307,91.34,"semi-annually","UNITED STATES TREAS SER E-2029, 1.625%, 15-AUG-2029","2029-08-15-912828YB0"
"2026-10-05T1705","91282CRG8","Bond",0.0425,"2029-08-15",98.171,98.186,"semi-annually","UNITED STATES TREAS SER AR-2029, 4.250%, 15-AUG-2029","2029-08-15-91282CRG8"
"2026-10-05T1705","912833XP0","STRIP","","2029-08-15",86.801,86.896,"","U S TREAS SEC STRIPPED INT PMT, 0.000%, 15-AUG-2029","2029-08-15-912833XP0"
"2026-10-05T1705","91282CFJ5","Bond",0.03125,"2029-08-31",95.121,95.145,"semi-annually","UNITED STATES TREAS SER P-2029, 3.125%, 31-AUG-2029","2029-08-31-91282CFJ5"
"2026-10-05T1705","91282CLK5","Bond",0.03625,"2029-08-31",96.457,96.469,"semi-annually","UNITED STATES TREAS SER AC-2029, 3.625%, 31-AUG-2029","2029-08-31-91282CLK5"
"2026-10-05T1705","91282CRL7","Bond",0.04375,"2029-09-15",98.445,98.453,"semi-annually","UNITED STATES TREAS SER AS-2029, 4.375%, 15-SEP-2029","2029-09-15-91282CRL7"
"2026-10-05T1705","91282CFL0","Bond",0.03875,"2029-09-30",97.042,97.075,"semi-annually","UNITED STATES TREAS SER Q-2029, 3.875%, 30-SEP-2029","2029-09-30-91282CFL0"
"2026-10-05T1705","91282CLN9","Bond",0.035,"2029-09-30",96.013,96.032,"semi-annually","UNITED STATES TREAS SER AD-2029, 3.500%, 30-SEP-2029","2029-09-30-91282CLN9"
"2026-10-05T1705","91282CLV1","TIPS",0.01625,"2029-10-15",97.478,97.583,"semi-annually","UNITED STATES TREAS NTS SER AE-2029, 1.625%, 15-OCT-2029","2029-10-15-91282CLV1"
"2026-10-05T1705","91282CFT3","Bond",0.04,"2029-10-31",97.285,97.317,"semi-annually","UNITED STATES TREAS SER R-2029, 4.000%, 31-OCT-2029","2029-10-31-91282CFT3"
"2026-10-05T1705","91282CLR0","Bond",0.04125,"2029-10-31",97.636,97.668,"semi-annually","UNITED STATES TREAS SER AF-2029, 4.125%, 31-OCT-2029","2029-10-31-91282CLR0"
"2026-10-05T1705","912821DF9","STRIP","","2029-11-15",85.896,86.162,"","U S TREAS NT STRIPPED PRIN PMT, 0.000%, 15-NOV-2029","2029-11-15-912821DF9"
"2026-10-05T1705","912828YS3","Bond",0.0175,"2029-11-15",90.878,90.915,"semi-annually","UNITED STATES TREAS SER F-2029, 1.750%, 15-NOV-2029","2029-11-15-912828YS3"
"2026-10-05T1705","912833XT2","STRIP","","2029-11-15",85.663,85.778,"","U S TREAS SEC STRIPPED INT PMT, 0.000%, 15-NOV-2029","2029-11-15-912833XT2"
"2026-10-05T1705","91282CFY2","Bond",0.03875,"2029-11-30",96.828,96.86,"semi-annually","UNITED STATES TREAS SER S-2029, 3.875%, 30-NOV-2029","2029-11-30-91282CFY2"
"2026-10-05T1705","91282CMA6","Bond",0.04125,"2029-11-30",97.562,97.586,"semi-annually","UNITED STATES TREAS SER AG-2029, 4.125%, 30-NOV-2029","2029-11-30-91282CMA6"
"2026-10-05T1705","91282CGB1","Bond",0.03875,"2029-12-31",96.734,96.762,"semi-annually","UNITED STATES TREAS SER T-2029, 3.875%, 31-DEC-2029","2029-12-31-91282CGB1"
"2026-10-05T1705","91282CMD0","Bond",0.04375,"2029-12-31",98.222,98.247,"semi-annually","UNITED STATES TREAS SER AH-2029, 4.375%, 31-DEC-2029","2029-12-31-91282CMD0"
"2026-10-05T1705","912828Z37","TIPS",0.00125,"2030-01-15",92.258,92.346,"semi-annually","UNITED STATES TREAS NTS SER A-2030, 0.125%, 15-JAN-2030","2030-01-15-912828Z37"
"2026-10-05T1705","91282CGJ4","Bond",0.035,"2030-01-31",95.5,95.524,"semi-annually","UNITED STATES TREAS SER G-2030, 3.500%, 31-JAN-2030","2030-01-31-91282CGJ4"
"2026-10-05T1705","91282CMG3","Bond",0.0425,"2030-01-31",97.773,97.797,"semi-annually","UNITED STATES TREAS SER U-2030, 4.250%, 31-JAN-2030","2030-01-31-91282CMG3"
"2026-10-05T1705","912821DV4","STRIP","","2030-02-15",84.749,85.043,"","U S TREAS NT STRIPPED PRIN PMT, 0.000%, 15-FEB-2030","2030-02-15-912821DV4"
"2026-10-05T1705","912828Z94","Bond",0.015,"2030-02-15",89.343,89.368,"semi-annually","UNITED STATES TREAS NTS NOTE, 1.500%, 15-FEB-2030","2030-02-15-912828Z94"
"2026-10-05T1705","912833XX3","STRIP","","2030-02-15",84.483,84.596,"","U S TREAS SEC STRIPPED INT PMT, 0.000%, 15-FEB-2030","2030-02-15-912833XX3"
"2026-10-05T1705","91282CGQ8","Bond",0.04,"2030-02-28",96.949,96.961,"semi-annually","UNITED STATES TREAS SER H-2030, 4.000%, 28-FEB-2030","2030-02-28-91282CGQ8"
"2026-10-05T1705","91282CGS4","Bond",0.03625,"2030-03-31",95.659,95.68,"semi-annually","UNITED STATES TREAS SER J-2030, 3.625%, 31-MAR-2030","2030-03-31-91282CGS4"
"2026-10-05T1705","91282CMU2","Bond",0.04,"2030-03-31",96.852,96.875,"semi-annually","UNITED STATES TREAS SER W-2030, 4.000%, 31-MAR-2030","2030-03-31-91282CMU2"
"2026-10-05T1705","91282CNB3","TIPS",0.01625,"2030-04-15",96.519,96.63,"semi-annually","UNITED STATES TREAS NTS SER X-2030, 1.625%, 15-APR-2030","2030-04-15-91282CNB3"
"2026-10-05T1705","91282CGZ8","Bond",0.035,"2030-04-30",95.14,95.165,"semi-annually","UNITED STATES TREAS SER K-2030, 3.500%, 30-APR-2030","2030-04-30-91282CGZ8"
"2026-10-05T1705","91282CMZ1","Bond",0.03875,"2030-04-30",96.375,96.395,"semi-annually","UNITED STATES TREAS SER Y-2030, 3.875%, 30-APR-2030","2030-04-30-91282CMZ1"
"2026-10-05T1705","912803CH4","STRIP","","2030-05-15",83.653,83.776,"","UNITED STATES TREAS BD STRIPP ZERO CPN, 0.000%, 15-MAY-2030","2030-05-15-912803CH4"
"2026-10-05T1705","912810FM5","Bond",0.0625,"2030-05-15",104.052,104.328,"semi-annually","UNITED STATES TREAS BDS, 6.250%, 15-MAY-2030","2030-05-15-912810FM5"
"2026-10-05T1705","912821EK7","STRIP","","2030-05-15",83.45,84.421,"","U S TREAS NT STRIPPED PRIN PMT, 0.000%, 15-MAY-2030","2030-05-15-912821EK7"
"2026-10-05T1705","912828ZQ6","Bond",0.00625,"2030-05-15",85.699,85.727,"semi-annually","UNITED STATES TREAS SER C-2030, 0.625%, 15-MAY-2030","2030-05-15-912828ZQ6"
"2026-10-05T1705","912833XU9","STRIP","","2030-05-15",83.409,83.524,"","U S TREAS SEC STRIPPED INT PMT, 0.000%, 15-MAY-2030","2030-05-15-912833XU9"
"2026-10-05T1705","91282CHF1","Bond",0.0375,"2030-05-31",95.839,95.895,"semi-annually","UNITED STATES TREAS SER L-2030, 3.750%, 31-MAY-2030","2030-05-31-91282CHF1"
"2026-10-05T1705","91282CNG2","Bond",0.04,"2030-05-31",96.673,96.694,"semi-annually","UNITED STATES TREAS SER Z-2030, 4.000%, 31-MAY-2030","2030-05-31-91282CNG2"
"2026-10-05T1705","91282CHJ3","Bond",0.0375,"2030-06-30",95.738,95.762,"semi-annually","UNITED STATES TREAS SER M-2030, 3.750%, 30-JUN-2030","2030-06-30-91282CHJ3"
"2026-10-05T1705","91282CNK3","Bond",0.03875,"2030-06-30",96.167,96.188,"semi-annually","UNITED STATES TREAS SER AA-2030, 3.875%, 30-JUN-2030","2030-06-30-91282CNK3"
"2026-10-05T1705","912828ZZ6","TIPS",0.00125,"2030-07-15",91.414,91.524,"semi-annually","UNITED STATES TREAS NTS SER D-2030, 0.125%, 15-JUL-2030","2030-07-15-912828ZZ6"
"2026-10-05T1705","91282CHR5","Bond",0.04,"2030-07-31",96.484,96.512,"semi-annually","UNITED STATES TREAS SER N-2030, 4.000%, 31-JUL-2030","2030-07-31-91282CHR5"
"2026-10-05T1705","91282CNN7","Bond",0.03875,"2030-07-31",96.078,96.098,"semi-annually","UNITED STATES TREAS SER AB-2030, 3.875%, 31-JUL-2030","2030-07-31-91282CNN7"
"2026-10-05T1705","912821EZ4","STRIP","","2030-08-15",82.573,82.774,"","U S TREAS NT STRIPPED PRIN PMT, 0.000%, 15-AUG-2030","2030-08-15-912821EZ4"
"2026-10-05T1705","91282CAE1","Bond",0.00625,"2030-08-15",84.73,84.762,"semi-annually","UNITED STATES TREAS SER E-2030, 0.625%, 15-AUG-2030","2030-08-15-91282CAE1"
"2026-10-05T1705","912833XY1","STRIP","","2030-08-15",82.31,82.414,"","U S TREAS SEC STRIPPED INT PMT, 0.000%, 15-AUG-2030","2030-08-15-912833XY1"
"2026-10-05T1705","91282CHW4","Bond",0.04125,"2030-08-31",96.839,96.868,"semi-annually","UNITED STATES TREAS SER P-2030, 4.125%, 31-AUG-2030","2030-08-31-91282CHW4"
"2026-10-05T1705","91282CNX5","Bond",0.03625,"2030-08-31",95.093,95.114,"semi-annually","UNITED STATES TREAS SER AC-2030, 3.625%, 31-AUG-2030","2030-08-31-91282CNX5"
"2026-10-05T1705","91282CHZ7","Bond",0.04625,"2030-09-30",98.573,98.598,"semi-annually","UNITED STATES TREAS SER Q-2030, 4.625%, 30-SEP-2030","2030-09-30-91282CHZ7"
"2026-10-05T1705","91282CPA3","Bond",0.03625,"2030-09-30",95,95.016,"semi-annually","UNITED STATES TREAS SER AD-2030, 3.625%, 30-SEP-2030","2030-09-30-91282CPA3"
"2026-10-05T1705","91282CPH8","TIPS",0.01125,"2030-10-15",94.556,94.664,"semi-annually","UNITED STATES TREAS NTS SER AE-2030, 1.125%, 15-OCT-2030","2030-10-15-91282CPH8"
"2026-10-05T1705","91282CJG7","Bond",0.04875,"2030-10-31",99.441,99.469,"semi-annually","UNITED STATES TREAS SER R-2030, 4.875%, 31-OCT-2030","2030-10-31-91282CJG7"
"2026-10-05T1705","91282CPD7","Bond",0.03625,"2030-10-31",94.875,94.895,"semi-annually","UNITED STATES TREAS SER AF-2030, 3.625%, 31-OCT-2030","2030-10-31-91282CPD7"
"2026-10-05T1705","912821FP5","STRIP","","2030-11-15",81.514,81.693,"","U S TREAS NT STRIPPED PRIN PMT, 0.000%, 15-NOV-2030","2030-11-15-912821FP5"
"2026-10-05T1705","91282CAV3","Bond",0.00875,"2030-11-15",84.722,84.75,"semi-annually","UNITED STATES TREAS SER F-2030, 0.875%, 15-NOV-2030","2030-11-15-91282CAV3"
"2026-10-05T1705","9128337N4","STRIP","","2030-11-15",81.195,81.322,"","U S TREAS SEC STRIPPED INT PMT, 0.000%, 15-NOV-2030","2030-11-15-9128337N4"
"2026-10-05T1705","91282CJM4","Bond",0.04375,"2030-11-30",97.546,97.575,"semi-annually","UNITED STATES TREAS SER S-2030, 4.375%, 30-NOV-2030","2030-11-30-91282CJM4"
"2026-10-05T1705","91282CPN5","Bond",0.035,"2030-11-30",94.281,94.297,"semi-annually","UNITED STATES TREAS SER AG-2030, 3.500%, 30-NOV-2030","2030-11-30-91282CPN5"
"2026-10-05T1705","91282CJQ5","Bond",0.0375,"2030-12-31",95.123,95.141,"semi-annually","UNITED STATES TREAS SER T-2030, 3.750%, 31-DEC-2030","2030-12-31-91282CJQ5"
"2026-10-05T1705","91282CPR6","Bond",0.03625,"2030-12-31",94.654,94.676,"semi-annually","UNITED STATES TREAS SER AH-2030, 3.625%, 31-DEC-2030","2030-12-31-91282CPR6"
"2026-10-05T1705","91282CBF7","TIPS",0.00125,"2031-01-15",89.945,90.055,"semi-annually","UNITED STATES TREAS NTS SER A-2031, 0.125%, 15-JAN-2031","2031-01-15-91282CBF7"
"2026-10-05T1705","91282CJX0","Bond",0.04,"2031-01-31",95.989,96.012,"semi-annually","UNITED STATES TREAS SER G-2031, 4.000%, 31-JAN-2031","2031-01-31-91282CJX0"
"2026-10-05T1705","91282CPW5","Bond",0.0375,"2031-01-31",95.011,95.032,"semi-annually","UNITED STATES TREAS SER U-2031, 3.750%, 31-JAN-2031","2031-01-31-91282CPW5"
"2026-10-05T1705","912803CK7","STRIP","","2031-02-15",80.569,80.796,"","UNITED STATES TREAS BD STRIPP ZERO CPN, 0.000%, 15-FEB-2031","2031-02-15-912803CK7"
"2026-10-05T1705","912810FP8","Bond",0.05375,"2031-02-15",101.32,101.534,"semi-annually","UNITED STATES TREAS BDS, 5.375%, 15-FEB-2031","2031-02-15-912810FP8"
"2026-10-05T1705","912821GD1","STRIP","","2031-02-15",80.11,81.378,"","U S TREAS NT STRIPPED PRIN PMT, 0.000%, 15-FEB-2031","2031-02-15-912821GD1"
"2026-10-05T1705","91282CBL4","Bond",0.01125,"2031-02-15",84.914,84.946,"semi-annually","UNITED STATES TREAS SER B-2031, 1.125%, 15-FEB-2031","2031-02-15-91282CBL4"
"2026-10-05T1705","912833XZ8","STRIP","","2031-02-15",80.121,80.227,"","U S TREAS SEC STRIPPED INT PMT, 0.000%, 15-FEB-2031","2031-02-15-912833XZ8"
"2026-10-05T1705","91282CKC4","Bond",0.0425,"2031-02-28",96.894,96.918,"semi-annually","UNITED STATES TREAS SER H-2031, 4.250%, 28-FEB-2031","2031-02-28-91282CKC4"
"2026-10-05T1705","91282CQD6","Bond",0.035,"2031-02-28",93.978,94.004,"semi-annually","UNITED STATES TREAS SER V-2031, 3.500%, 28-FEB-2031","2031-02-28-91282CQD6"
"2026-10-05T1705","91282CKF7","Bond",0.04125,"2031-03-31",96.324,96.344,"semi-annually","UNITED STATES TREAS SER J-2031, 4.125%, 31-MAR-2031","2031-03-31-91282CKF7"
"2026-10-05T1705","91282CQG9","Bond",0.03875,"2031-03-31",95.324,95.344,"semi-annually","UNITED STATES TREAS SER W-2031, 3.875%, 31-MAR-2031","2031-03-31-91282CQG9"
"2026-10-05T1705","91282CQP9","TIPS",0.0125,"2031-04-15",93.929,94.04,"semi-annually","UNITED STATES TREAS NTS SER X-2031, 1.250%, 15-APR-2031","2031-04-15-91282CQP9"
"2026-10-05T1705","91282CKN0","Bond",0.04625,"2031-04-30",98.265,98.293,"semi-annually","UNITED STATES TREAS SER K-2031, 4.625%, 30-APR-2031","2031-04-30-91282CKN0"
"2026-10-05T1705","91282CQK0","Bond",0.03875,"2031-04-30",95.242,95.262,"semi-annually","UNITED STATES TREAS SER Y-2031, 3.875%, 30-APR-2031","2031-04-30-91282CQK0"
"2026-10-05T1705","912821MH5","STRIP","","2031-05-15",79.407,79.588,"","U S TREAS NT STRIPPED PRIN PMT, 0.000%, 15-MAY-2031","2031-05-15-912821MH5"
"2026-10-05T1705","91282CCB5","Bond",0.01625,"2031-05-15",86.05,86.071,"semi-annually","UNITED STATES TREAS SER C-2031, 1.625%, 15-MAY-2031","2031-05-15-91282CCB5"
"2026-10-05T1705","9128337P9","STRIP","","2031-05-15",79.056,79.185,"","U S TREAS SEC STRIPPED INT PMT, 0.000%, 15-MAY-2031","2031-05-15-9128337P9"
"2026-10-05T1705","91282CKU4","Bond",0.04625,"2031-05-31",98.211,98.239,"semi-annually","UNITED STATES TREAS SER L-2031, 4.625%, 31-MAY-2031","2031-05-31-91282CKU4"
"2026-10-05T1705","91282CQU8","Bond",0.04125,"2031-05-31",96.167,96.188,"semi-annually","UNITED STATES TREAS SER Z-2031, 4.125%, 31-MAY-2031","2031-05-31-91282CQU8"
"2026-10-05T1705","91282CKW0","Bond",0.0425,"2031-06-30",96.597,96.625,"semi-annually","UNITED STATES TREAS SER M-2031, 4.250%, 30-JUN-2031","2031-06-30-91282CKW0"
"2026-10-05T1705","91282CQX2","Bond",0.04125,"2031-06-30",96.093,96.117,"semi-annually","UNITED STATES TREAS SER AA-2031, 4.125%, 30-JUN-2031","2031-06-30-91282CQX2"
"2026-10-05T1705","91282CCM1","TIPS",0.00125,"2031-07-15",89.056,89.157,"semi-annually","UNITED STATES TREAS NTS SER D-2031, 0.125%, 15-JUL-2031","2031-07-15-91282CCM1"
"2026-10-05T1705","91282CLD1","Bond",0.04125,"2031-07-31",96.007,96.036,"semi-annually","UNITED STATES TREAS SER N-2031, 4.125%, 31-JUL-2031","2031-07-31-91282CLD1"
"2026-10-05T1705","91282CRA1","Bond",0.04375,"2031-07-31",97.07,97.093,"semi-annually","UNITED STATES TREAS SER AB-2031, 4.375%, 31-JUL-2031","2031-07-31-91282CRA1"
"2026-10-05T1705","912821MX0","STRIP","","2031-08-15",78.371,78.597,"","U S TREAS NT STRIPPED PRIN PMT, 0.000%, 15-AUG-2031","2031-08-15-912821MX0"
"2026-10-05T1705","91282CCS8","Bond",0.0125,"2031-08-15",83.7,83.719,"semi-annually","UNITED STATES TREAS SER E-2031, 1.250%, 15-AUG-2031","2031-08-15-91282CCS8"
"2026-10-05T1705","9128334S6","STRIP","","2031-08-15",78.023,78.159,"","U S TREAS SEC STRIPPED INT PMT, 0.000%, 15-AUG-2031","2031-08-15-9128334S6"
"2026-10-05T1705","91282CLJ8","Bond",0.0375,"2031-08-31",94.324,94.344,"semi-annually","UNITED STATES TREAS SER P-2031, 3.750%, 31-AUG-2031","2031-08-31-91282CLJ8"
"2026-10-05T1705","91282CRK9","Bond",0.04375,"2031-08-31",97.053,97.067,"semi-annually","UNITED STATES TREAS SER AC-2031, 4.375%, 31-AUG-2031","2031-08-31-91282CRK9"
"2026-10-05T1705","91282CLM1","Bond",0.03625,"2031-09-30",93.675,93.704,"semi-annually","UNITED STATES TREAS SER Q-2031, 3.625%, 30-SEP-2031","2031-09-30-91282CLM1"
"2026-10-05T1705","91282CRN3","Bond",0.05,"2031-09-30",99.738,99.75,"semi-annually","UNITED STATES TREAS SER AD-2031, 5.000%, 30-SEP-2031","2031-09-30-91282CRN3"
"2026-10-05T1705","91282CLU3","Bond",0.04125,"2031-10-31",95.773,95.797,"semi-annually","UNITED STATES TREAS SER R-2031, 4.125%, 31-OCT-2031","2031-10-31-91282CLU3"
"2026-10-05T1705","912821GU3","STRIP","","2031-11-15",77.299,77.406,"","U S TREAS NT STRIPPED PRIN PMT, 0.000%, 15-NOV-2031","2031-11-15-912821GU3"
"2026-10-05T1705","91282CDJ7","Bond",0.01375,"2031-11-15",83.434,83.47,"semi-annually","UNITED STATES TREAS SER F-2031, 1.375%, 15-NOV-2031","2031-11-15-91282CDJ7"
"2026-10-05T1705","9128337Q7","STRIP","","2031-11-15",76.961,77.077,"","U S TREAS SEC STRIPPED INT PMT, 0.000%, 15-NOV-2031","2031-11-15-9128337Q7"
"2026-10-05T1705","91282CLZ2","Bond",0.04125,"2031-11-30",95.691,95.715,"semi-annually","UNITED STATES TREAS SER S-2031, 4.125%, 30-NOV-2031","2031-11-30-91282CLZ2"
"2026-10-05T1705","91282CMC2","Bond",0.045,"2031-12-31",97.318,97.344,"semi-annually","UNITED STATES TREAS SER T-2031, 4.500%, 31-DEC-2031","2031-12-31-91282CMC2"
"2026-10-05T1705","91282CDX6","TIPS",0.00125,"2032-01-15",87.47,87.584,"semi-annually","UNITED STATES TREAS NTS SER A-2032, 0.125%, 15-JAN-2032","2032-01-15-91282CDX6"
"2026-10-05T1705","91282CMK4","Bond",0.04375,"2032-01-31",96.66,96.684,"semi-annually","UNITED STATES TREAS SER G-2032, 4.375%, 31-JAN-2032","2032-01-31-91282CMK4"
"2026-10-05T1705","912821HJ7","STRIP","","2032-02-15",76.226,76.367,"","U S TREAS NT STRIPPED PRIN PMT, 0.000%, 15-FEB-2032","2032-02-15-912821HJ7"
"2026-10-05T1705","91282CDY4","Bond",0.01875,"2032-02-15",84.972,85.004,"semi-annually","UNITED STATES TREAS SER B-2032, 1.875%, 15-FEB-2032","2032-02-15-91282CDY4"
"2026-10-05T1705","9128334T4","STRIP","","2032-02-15",75.888,76.027,"","U S TREAS SEC STRIPPED INT PMT, 0.000%, 15-FEB-2032","2032-02-15-9128334T4"
"2026-10-05T1705","91282CMR9","Bond",0.04125,"2032-02-29",95.437,95.465,"semi-annually","UNITED STATES TREAS SER H-2032, 4.125%, 29-FEB-2032","2032-02-29-91282CMR9"
"2026-10-05T1705","91282CMT5","Bond",0.04125,"2032-03-31",95.359,95.399,"semi-annually","UNITED STATES TREAS SER J-2032, 4.125%, 31-MAR-2032","2032-03-31-91282CMT5"
"2026-10-05T1705","912810FQ6","TIPS",0.03375,"2032-04-15",103.31,103.548,"semi-annually","UNITED STATES TREASURY, 3.375%, 15-APR-2032","2032-04-15-912810FQ6"
"2026-10-05T1705","91282CNA5","Bond",0.04,"2032-04-30",94.685,94.719,"semi-annually","UNITED STATES TREAS SER K-2032, 4.000%, 30-APR-2032","2032-04-30-91282CNA5"
"2026-10-05T1705","912821HY4","STRIP","","2032-05-15",75.221,75.359,"","U S TREAS NT STRIPPED PRIN PMT, 0.000%, 15-MAY-2032","2032-05-15-912821HY4"
"2026-10-05T1705","91282CEP2","Bond",0.02875,"2032-05-15",89.138,89.172,"semi-annually","UNITED STATES TREAS SER C-2032, 2.875%, 15-MAY-2032","2032-05-15-91282CEP2"
"2026-10-05T1705","9128337R5","STRIP","","2032-05-15",74.914,75.049,"","U S TREAS SEC STRIPPED INT PMT, 0.000%, 15-MAY-2032","2032-05-15-9128337R5"
"2026-10-05T1705","91282CNF4","Bond",0.04125,"2032-05-31",95.173,95.211,"semi-annually","UNITED STATES TREAS SER L-2032, 4.125%, 31-MAY-2032","2032-05-31-91282CNF4"
"2026-10-05T1705","91282CNJ6","Bond",0.04,"2032-06-30",94.488,94.524,"semi-annually","UNITED STATES TREAS SER M-2032, 4.000%, 30-JUN-2032","2032-06-30-91282CNJ6"
"2026-10-05T1705","91282CEZ0","TIPS",0.00625,"2032-07-15",89.188,89.303,"semi-annually","UNITED STATES TREAS NTS SER D-2032, 0.625%, 15-JUL-2032","2032-07-15-91282CEZ0"
"2026-10-05T1705","91282CNR8","Bond",0.04,"2032-07-31",94.371,94.411,"semi-annually","UNITED STATES TREAS SER N-2032, 4.000%, 31-JUL-2032","2032-07-31-91282CNR8"
"2026-10-05T1705","912821JN6","STRIP","","2032-08-15",74.22,74.361,"","U S TREAS NT STRIPPED PRIN PMT, 0.000%, 15-AUG-2032","2032-08-15-912821JN6"
"2026-10-05T1705","91282CFF3","Bond",0.0275,"2032-08-15",88.045,88.083,"semi-annually","UNITED STATES TREAS SER E-2032, 2.750%, 15-AUG-2032","2032-08-15-91282CFF3"
"2026-10-05T1705","9128334U1","STRIP","","2032-08-15",73.823,73.954,"","U S TREAS SEC STRIPPED INT PMT, 0.000%, 15-AUG-2032","2032-08-15-9128334U1"
"2026-10-05T1705","91282CNW7","Bond",0.03875,"2032-08-31",93.668,93.7,"semi-annually","UNITED STATES TREAS SER P-2032, 3.875%, 31-AUG-2032","2032-08-31-91282CNW7"
"2026-10-05T1705","91282CNZ0","Bond",0.03875,"2032-09-30",93.558,93.594,"semi-annually","UNITED STATES TREAS SER Q-2032, 3.875%, 30-SEP-2032","2032-09-30-91282CNZ0"
"2026-10-05T1705","91282CPF2","Bond",0.0375,"2032-10-31",92.812,92.844,"semi-annually","UNITED STATES TREAS SER R-2032, 3.750%, 31-OCT-2032","2032-10-31-91282CPF2"
"2026-10-05T1705","912821KC8","STRIP","","2032-11-15",73.259,73.391,"","U S TREAS NT STRIPPED PRIN PMT, 0.000%, 15-NOV-2032","2032-11-15-912821KC8"
"2026-10-05T1705","91282CFV8","Bond",0.04125,"2032-11-15",94.714,94.746,"semi-annually","UNITED STATES TREAS SER F-2032, 4.125%, 15-NOV-2032","2032-11-15-91282CFV8"
"2026-10-05T1705","9128337S3","STRIP","","2032-11-15",72.863,72.97,"","U S TREAS SEC STRIPPED INT PMT, 0.000%, 15-NOV-2032","2032-11-15-9128337S3"
"2026-10-05T1705","91282CPM7","Bond",0.0375,"2032-11-30",92.71,92.747,"semi-annually","UNITED STATES TREAS SER S-2032, 3.750%, 30-NOV-2032","2032-11-30-91282CPM7"
"2026-10-05T1705","91282CPQ8","Bond",0.03875,"2032-12-31",93.245,93.282,"semi-annually","UNITED STATES TREAS SER T-2032, 3.875%, 31-DEC-2032","2032-12-31-91282CPQ8"
"2026-10-05T1705","91282CGK1","TIPS",0.01125,"2033-01-15",90.666,90.782,"semi-annually","UNITED STATES TREAS NTS SER A-2033, 1.125%, 15-JAN-2033","2033-01-15-91282CGK1"
"2026-10-05T1705","91282CPY1","Bond",0.04,"2033-01-31",93.816,93.848,"semi-annually","UNITED STATES TREAS SER G-2033, 4.000%, 31-JAN-2033","2033-01-31-91282CPY1"
"2026-10-05T1705","912821KS3","STRIP","","2033-02-15",72.236,72.363,"","U S TREAS NT STRIPPED PRIN PMT, 0.000%, 15-FEB-2033","2033-02-15-912821KS3"
"2026-10-05T1705","91282CGM7","Bond",0.035,"2033-02-15",91.062,91.106,"semi-annually","UNITED STATES TREAS SER B-2033, 3.500%, 15-FEB-2033","2033-02-15-91282CGM7"
"2026-10-05T1705","9128334V9","STRIP","","2033-02-15",71.831,71.958,"","U S TREAS SEC STRIPPED INT PMT, 0.000%, 15-FEB-2033","2033-02-15-9128334V9"
"2026-10-05T1705","91282CQC8","Bond",0.0375,"2033-02-28",92.411,92.438,"semi-annually","UNITED STATES TREAS SER H-2033, 3.750%, 28-FEB-2033","2033-02-28-91282CQC8"
"2026-10-05T1705","91282CQF1","Bond",0.0425,"2033-03-31",95.019,95.047,"semi-annually","UNITED STATES TREAS SER J-2033, 4.250%, 31-MAR-2033","2033-03-31-91282CQF1"
"2026-10-05T1705","91282CQN4","Bond",0.04125,"2033-04-30",94.235,94.265,"semi-annually","UNITED STATES TREAS SER K-2033, 4.125%, 30-APR-2033","2033-04-30-91282CQN4"
"2026-10-05T1705","912821LG8","STRIP","","2033-05-15",71.308,71.442,"","U S TREAS NT STRIPPED PRIN PMT, 0.000%, 15-MAY-2033","2033-05-15-912821LG8"
"2026-10-05T1705","91282CHC8","Bond",0.03375,"2033-05-15",90.018,90.055,"semi-annually","UNITED STATES TREAS SER C-2033, 3.375%, 15-MAY-2033","2033-05-15-91282CHC8"
"2026-10-05T1705","9128337T1","STRIP","","2033-05-15",70.875,70.996,"","U S TREAS SEC STRIPPED INT PMT, 0.000%, 15-MAY-2033","2033-05-15-9128337T1"
"2026-10-05T1705","91282CQT1","Bond",0.0425,"2033-05-31",94.855,94.887,"semi-annually","UNITED STATES TREAS SER L-2033, 4.250%, 31-MAY-2033","2033-05-31-91282CQT1"
"2026-10-05T1705","91282CQW4","Bond",0.0425,"2033-06-30",94.773,94.801,"semi-annually","UNITED STATES TREAS SER M-2033, 4.250%, 30-JUN-2033","2033-06-30-91282CQW4"
"2026-10-05T1705","91282CHP9","TIPS",0.01375,"2033-07-15",91.633,91.75,"semi-annually","UNITED STATES TREAS NTS SER D-2033, 1.375%, 15-JUL-2033","2033-07-15-91282CHP9"
"2026-10-05T1705","91282CRC7","Bond",0.04375,"2033-07-31",95.398,95.434,"semi-annually","UNITED STATES TREAS SER N-2033, 4.375%, 31-JUL-2033","2033-07-31-91282CRC7"
"2026-10-05T1705","912821LW3","STRIP","","2033-08-15",70.34,70.566,"","U S TREAS NT STRIPPED PRIN PMT, 0.000%, 15-AUG-2033","2033-08-15-912821LW3"
"2026-10-05T1705","91282CHT1","Bond",0.03875,"2033-08-15",92.5,92.543,"semi-annually","UNITED STATES TREAS SER E-2033, 3.875%, 15-AUG-2033","2033-08-15-91282CHT1"
"2026-10-05T1705","9128334W7","STRIP","","2033-08-15",69.84,69.969,"","U S TREAS SEC STRIPPED INT PMT, 0.000%, 15-AUG-2033","2033-08-15-9128334W7"
"2026-10-05T1705","91282CRJ2","Bond",0.045,"2033-08-31",96.085,96.113,"semi-annually","UNITED STATES TREAS SER P-2033, 4.500%, 31-AUG-2033","2033-08-31-91282CRJ2"
"2026-10-05T1705","91282CRM5","Bond",0.05,"2033-09-30",98.938,98.952,"semi-annually","UNITED STATES TREAS SER Q-2033, 5.000%, 30-SEP-2033","2033-09-30-91282CRM5"
"2026-10-05T1705","912821NP6","STRIP","","2033-11-15",69.362,69.484,"","U S TREAS NT STRIPPED PRIN PMT, 0.000%, 15-NOV-2033","2033-11-15-912821NP6"
"2026-10-05T1705","91282CJJ1","Bond",0.045,"2033-11-15",95.894,95.934,"semi-annually","UNITED STATES TREAS SER F-2033, 4.500%, 15-NOV-2033","2033-11-15-91282CJJ1"
"2026-10-05T1705","9128337U8","STRIP","","2033-11-15",68.903,69.033,"","U S TREAS SEC STRIPPED INT PMT, 0.000%, 15-NOV-2033","2033-11-15-9128337U8"
"2026-10-05T1705","91282CJY8","TIPS",0.0175,"2034-01-15",93.017,93.133,"semi-annually","UNITED STATES TREAS NTS SER A-2034, 1.750%, 15-JAN-2034","2034-01-15-91282CJY8"
"2026-10-05T1705","912821PD1","STRIP","","2034-02-15",68.349,68.472,"","U S TREAS NT STRIPPED PRIN PMT, 0.000%, 15-FEB-2034","2034-02-15-912821PD1"
"2026-10-05T1705","91282CJZ5","Bond",0.04,"2034-02-15",92.624,92.665,"semi-annually","UNITED STATES TREAS SER B-2034, 4.000%, 15-FEB-2034","2034-02-15-91282CJZ5"
"2026-10-05T1705","9128334X5","STRIP","","2034-02-15",67.892,68.024,"","U S TREAS SEC STRIPPED INT PMT, 0.000%, 15-FEB-2034","2034-02-15-9128334X5"
"2026-10-05T1705","912821PT6","STRIP","","2034-05-15",67.462,67.8,"","U S TREAS NT STRIPPED PRIN PMT, 0.000%, 15-MAY-2034","2034-05-15-912821PT6"
"2026-10-05T1705","91282CKQ3","Bond",0.04375,"2034-05-15",94.718,94.751,"semi-annually","UNITED STATES TREAS SER C-2034, 4.375%, 15-MAY-2034","2034-05-15-91282CKQ3"
"2026-10-05T1705","9128337V6","STRIP","","2034-05-15",66.892,67.047,"","U S TREAS SEC STRIPPED INT PMT, 0.000%, 15-MAY-2034","2034-05-15-9128337V6"
"2026-10-05T1705","91282CLE9","TIPS",0.01875,"2034-07-15",93.533,93.638,"semi-annually","UNITED STATES TREAS NTS SER D-2034, 1.875%, 15-JUL-2034","2034-07-15-91282CLE9"
"2026-10-05T1705","912821QH1","STRIP","","2034-08-15",66.514,66.779,"","U S TREAS NT STRIPPED PRIN PMT, 0.000%, 15-AUG-2034","2034-08-15-912821QH1"
"2026-10-05T1705","91282CLF6","Bond",0.03875,"2034-08-15",91.274,91.317,"semi-annually","UNITED STATES TREAS SER E-2034, 3.875%, 15-AUG-2034","2034-08-15-91282CLF6"
"2026-10-05T1705","9128334Y3","STRIP","","2034-08-15",66.009,66.131,"","U S TREAS SEC STRIPPED INT PMT, 0.000%, 15-AUG-2034","2034-08-15-9128334Y3"
"2026-10-05T1705","912821QX6","STRIP","","2034-11-15",65.573,65.954,"","U S TREAS NT STRIPPED PRIN PMT, 0.000%, 15-NOV-2034","2034-11-15-912821QX6"
"2026-10-05T1705","91282CLW9","Bond",0.0425,"2034-11-15",93.441,93.485,"semi-annually","UNITED STATES TREAS SER F-2034, 4.250%, 15-NOV-2034","2034-11-15-91282CLW9"
"2026-10-05T1705","9128337W4","STRIP","","2034-11-15",65.051,65.197,"","U S TREAS SEC STRIPPED INT PMT, 0.000%, 15-NOV-2034","2034-11-15-9128337W4"
"2026-10-05T1705","91282CML2","TIPS",0.02125,"2035-01-15",94.422,94.54,"semi-annually","UNITED STATES TREAS NTS SER A-2035, 2.125%, 15-JAN-2035","2035-01-15-91282CML2"
"2026-10-05T1705","912821RM9","STRIP","","2035-02-15",64.616,64.742,"","U S TREAS NT STRIPPED PRIN PMT, 0.000%, 15-FEB-2035","2035-02-15-912821RM9"
"2026-10-05T1705","91282CMM0","Bond",0.04625,"2035-02-15",95.71,95.747,"semi-annually","UNITED STATES TREAS SER B-2035, 4.625%, 15-FEB-2035","2035-02-15-91282CMM0"
"2026-10-05T1705","9128334Z0","STRIP","","2035-02-15",64.053,64.234,"","U S TREAS SEC STRIPPED INT PMT, 0.000%, 15-FEB-2035","2035-02-15-9128334Z0"
"2026-10-05T1705","912821SB2","STRIP","","2035-05-15",63.735,63.883,"","U S TREAS NT STRIPPED PRIN PMT, 0.000%, 15-MAY-2035","2035-05-15-912821SB2"
"2026-10-05T1705","91282CNC1","Bond",0.0425,"2035-05-15",92.964,93.008,"semi-annually","UNITED STATES TREAS SER C-2035, 4.250%, 15-MAY-2035","2035-05-15-91282CNC1"
"2026-10-05T1705","912833X88","STRIP","","2035-05-15",63.236,63.375,"","U S TREAS SEC STRIPPED INT PMT, 0.000%, 15-MAY-2035","2035-05-15-912833X88"
"2026-10-05T1705","91282CNS6","TIPS",0.01875,"2035-07-15",92.205,92.31,"semi-annually","UNITED STATES TREAS NTS SER D-2035, 1.875%, 15-JUL-2035","2035-07-15-91282CNS6"
"2026-10-05T1705","912821SR7","STRIP","","2035-08-15",62.692,63.127,"","U S TREAS NT STRIPPED PRIN PMT, 0.000%, 15-AUG-2035","2035-08-15-912821SR7"
"2026-10-05T1705","91282CNT4","Bond",0.0425,"2035-08-15",92.737,92.766,"semi-annually","UNITED STATES TREAS SER E-2035, 4.250%, 15-AUG-2035","2035-08-15-91282CNT4"
"2026-10-05T1705","9128335A4","STRIP","","2035-08-15",62.21,62.429,"","U S TREAS SEC STRIPPED INT PMT, 0.000%, 15-AUG-2035","2035-08-15-9128335A4"
"2026-10-05T1705","912821TF2","STRIP","","2035-11-15",61.778,62.257,"","U S TREAS NT STRIPPED PRIN PMT, 0.000%, 15-NOV-2035","2035-11-15-912821TF2"
"2026-10-05T1705","91282CPJ4","Bond",0.04,"2035-11-15",90.709,90.739,"semi-annually","UNITED STATES TREAS SER F-2035, 4.000%, 15-NOV-2035","2035-11-15-91282CPJ4"
"2026-10-05T1705","912833X96","STRIP","","2035-11-15",61.394,61.529,"","U S TREAS SEC STRIPPED INT PMT, 0.000%, 15-NOV-2035","2035-11-15-912833X96"
"2026-10-05T1705","91282CPU9","TIPS",0.01875,"2036-01-15",91.281,91.388,"semi-annually","UNITED STATES TREAS NTS SER A-2036, 1.875%, 15-JAN-2036","2036-01-15-91282CPU9"
"2026-10-05T1705","912803CX9","STRIP","","2036-02-15",61.892,62.087,"","UNITED STATES TREAS BD STRIPP ZERO CPN, 0.000%, 15-FEB-2036","2036-02-15-912803CX9"
"2026-10-05T1705","912810FT0","Bond",0.045,"2036-02-15",94.996,95.094,"semi-annually","UNITED STATES TREAS SER BONDS OF FEBRUARY 2036, 4.500%, 15-FEB-2036","2036-02-15-912810FT0"
"2026-10-05T1705","91282CPZ8","Bond",0.04125,"2036-02-15",91.403,91.434,"semi-annually","UNITED STATES TREAS SER B-2036, 4.125%, 15-FEB-2036","2036-02-15-91282CPZ8"
"2026-10-05T1705","9128335B2","STRIP","","2036-02-15",60.552,60.73,"","U S TREAS SEC STRIPPED INT PMT, 0.000%, 15-FEB-2036","2036-02-15-9128335B2"
"2026-10-05T1705","912821UK9","STRIP","","2036-05-15",60.34,60.588,"","U S TREAS NT STRIPPED PRIN PMT, 0.000%, 15-MAY-2036","2036-05-15-912821UK9"
"2026-10-05T1705","91282CQQ7","Bond",0.04375,"2036-05-15",93.035,93.063,"semi-annually","UNITED STATES TREAS SER C-2036, 4.375%, 15-MAY-2036","2036-05-15-91282CQQ7"
"2026-10-05T1705","912833Y20","STRIP","","2036-05-15",59.665,59.848,"","U S TREAS SEC STRIPPED INT PMT, 0.000%, 15-MAY-2036","2036-05-15-912833Y20"
"2026-10-05T1705","91282CRE3","TIPS",0.02375,"2036-07-15",95.126,95.249,"semi-annually","UNITED STATES TREAS NTS SER D-2036, 2.375%, 15-JUL-2036","2036-07-15-91282CRE3"
"2026-10-05T1705","91282CRF0","Bond",0.04625,"2036-08-15",94.812,94.827,"semi-annually","UNITED STATES TREAS NTS, 4.625%, 15-AUG-2036","2036-08-15-91282CRF0"
"2026-10-05T1705","9128337E4","STRIP","","2036-08-15",58.831,58.996,"","U S TREAS SEC STRIPPED INT PMT, 0.000%, 15-AUG-2036","2036-08-15-9128337E4"
"2026-10-05T1705","912833Y38","STRIP","","2036-11-15",57.996,58.183,"","U S TREAS SEC STRIPPED INT PMT, 0.000%, 15-NOV-2036","2036-11-15-912833Y38"
"2026-10-05T1705","912803CZ4","STRIP","","2037-02-15",58.551,58.729,"","UNITED STATES TREAS BD STRIPP ZERO CPN, 0.000%, 15-FEB-2037","2037-02-15-912803CZ4"
"2026-10-05T1705","912810PT9","Bond",0.0475,"2037-02-15",96.086,96.204,"semi-annually","UNITED STATES TREAS BDS, 4.750%, 15-FEB-2037","2037-02-15-912810PT9"
"2026-10-05T1705","9128337F1","STRIP","","2037-02-15",57.126,57.287,"","U S TREAS SEC STRIPPED INT PMT, 0.000%, 15-FEB-2037","2037-02-15-9128337F1"
"2026-10-05T1705","912803DA8","STRIP","","2037-05-15",57.772,57.89,"","UNITED STATES TREAS BD STRIPP ZERO CPN, 0.000%, 15-MAY-2037","2037-05-15-912803DA8"
"2026-10-05T1705","912810PU6","Bond",0.05,"2037-05-15",98.013,98.152,"semi-annually","UNITED STATES TREAS BDS, 5.000%, 15-MAY-2037","2037-05-15-912810PU6"
"2026-10-05T1705","912833Y46","STRIP","","2037-05-15",56.316,56.478,"","U S TREAS SEC STRIPPED INT PMT, 0.000%, 15-MAY-2037","2037-05-15-912833Y46"
"2026-10-05T1705","912833Z52","STRIP","","2037-08-15",55.479,55.644,"","U S TREAS SEC STRIPPED INT PMT, 0.000%, 15-AUG-2037","2037-08-15-912833Z52"
"2026-10-05T1705","912834AD0","STRIP","","2037-11-15",54.611,54.778,"","U S TREAS SEC STRIPPED INT PMT, 0.000%, 15-NOV-2037","2037-11-15-912834AD0"
"2026-10-05T1705","912803DC4","STRIP","","2038-02-15",55.42,55.593,"","UNITED STATES TREAS BD STRIPP ZERO CPN, 0.000%, 15-FEB-2038","2038-02-15-912803DC4"
"2026-10-05T1705","912810PW2","Bond",0.04375,"2038-02-15",92.393,92.497,"semi-annually","UNITED STATES TREAS BDS, 4.375%, 15-FEB-2038","2038-02-15-912810PW2"
"2026-10-05T1705","912833Z60","STRIP","","2038-02-15",53.827,53.989,"","U S TREAS SEC STRIPPED INT PMT, 0.000%, 15-FEB-2038","2038-02-15-912833Z60"
"2026-10-05T1705","912803DD2","STRIP","","2038-05-15",54.434,54.581,"","UNITED STATES TREAS BD STRIPP ZERO CPN, 0.000%, 15-MAY-2038","2038-05-15-912803DD2"
"2026-10-05T1705","912810PX0","Bond",0.045,"2038-05-15",93.058,93.161,"semi-annually","UNITED STATES TREAS BDS, 4.500%, 15-MAY-2038","2038-05-15-912810PX0"
"2026-10-05T1705","912834AE8","STRIP","","2038-05-15",52.94,53.102,"","U S TREAS SEC STRIPPED INT PMT, 0.000%, 15-MAY-2038","2038-05-15-912834AE8"
"2026-10-05T1705","912834AT5","STRIP","","2038-08-15",52.151,52.301,"","U S TREAS SEC STRIPPED INT PMT, 0.000%, 15-AUG-2038","2038-08-15-912834AT5"
"2026-10-05T1705","912834DU9","STRIP","","2038-11-15",51.282,51.461,"","U S TREAS SEC STRIPPED INT PMT, 0.000%, 15-NOV-2038","2038-11-15-912834DU9"
"2026-10-05T1705","912803DF7","STRIP","","2039-02-15",52,52.148,"","UNITED STATES TREAS BD STRIPP ZERO CPN, 0.000%, 15-FEB-2039","2039-02-15-912803DF7"
"2026-10-05T1705","912810QA9","Bond",0.035,"2039-02-15",83.416,83.477,"semi-annually","UNITED STATES TREAS BDS, 3.500%, 15-FEB-2039","2039-02-15-912810QA9"
"2026-10-05T1705","912834AU2","STRIP","","2039-02-15",50.494,50.644,"","U S TREAS SEC STRIPPED INT PMT, 0.000%, 15-FEB-2039","2039-02-15-912834AU2"
"2026-10-05T1705","912803DG5","STRIP","","2039-05-15",50.903,51.047,"","UNITED STATES TREAS BD STRIPP ZERO CPN, 0.000%, 15-MAY-2039","2039-05-15-912803DG5"
"2026-10-05T1705","912810QB7","Bond",0.0425,"2039-05-15",89.572,89.633,"semi-annually","UNITED STATES TREAS BDS, 4.250%, 15-MAY-2039","2039-05-15-912810QB7"
"2026-10-05T1705","912834DV7","STRIP","","2039-05-15",49.704,49.9,"","U S TREAS SEC STRIPPED INT PMT, 0.000%, 15-MAY-2039","2039-05-15-912834DV7"
"2026-10-05T1705","912803DH3","STRIP","","2039-08-15",49.975,50.16,"","UNITED STATES TREAS BD STRIPP ZERO CPN, 0.000%, 15-AUG-2039","2039-08-15-912803DH3"
"2026-10-05T1705","912810QC5","Bond",0.045,"2039-08-15",91.435,91.461,"semi-annually","UNITED STATES TREAS BDS, 4.500%, 15-AUG-2039","2039-08-15-912810QC5"
"2026-10-05T1705","912834EP9","STRIP","","2039-08-15",48.967,49.174,"","U S TREAS SEC STRIPPED INT PMT, 0.000%, 15-AUG-2039","2039-08-15-912834EP9"
"2026-10-05T1705","912803DJ9","STRIP","","2039-11-15",49.181,49.371,"","UNITED STATES TREAS BD STRIPP ZERO CPN, 0.000%, 15-NOV-2039","2039-11-15-912803DJ9"
"2026-10-05T1705","912810QD3","Bond",0.04375,"2039-11-15",89.975,90.004,"semi-annually","UNITED STATES TREAS BDS, 4.375%, 15-NOV-2039","2039-11-15-912810QD3"
"2026-10-05T1705","912834EV6","STRIP","","2039-11-15",48.206,48.374,"","U S TREAS SEC STRIPPED INT PMT, 0.000%, 15-NOV-2039","2039-11-15-912834EV6"
"2026-10-05T1705","912803DK6","STRIP","","2040-02-15",48.407,48.578,"","UNITED STATES TREAS BD STRIPP ZERO CPN, 0.000%, 15-FEB-2040","2040-02-15-912803DK6"
"2026-10-05T1705","912810QE1","Bond",0.04625,"2040-02-15",92.078,92.172,"semi-annually","UNITED STATES TREAS BDS, 4.625%, 15-FEB-2040","2040-02-15-912810QE1"
"2026-10-05T1705","912810QF8","TIPS",0.02125,"2040-02-15",88.648,88.875,"semi-annually","UNITED STATES TREAS BDS, 2.125%, 15-FEB-2040","2040-02-15-912810QF8"
"2026-10-05T1705","912834FB9","STRIP","","2040-02-15",47.425,47.595,"","U S TREAS SEC STRIPPED INT PMT, 0.000%, 15-FEB-2040","2040-02-15-912834FB9"
"2026-10-05T1705","912803DM2","STRIP","","2040-05-15",47.637,47.761,"","UNITED STATES TREAS BD STRIPP ZERO CPN, 0.000%, 15-MAY-2040","2040-05-15-912803DM2"
"2026-10-05T1705","912810QH4","Bond",0.04375,"2040-05-15",89.464,89.562,"semi-annually","UNITED STATES TREAS BDS, 4.375%, 15-MAY-2040","2040-05-15-912810QH4"
"2026-10-05T1705","912810SR0","Bond",0.01125,"2040-05-15",58.217,58.326,"semi-annually","UNITED STATES TREAS SER BONDS OF MAY 2040, 1.125%, 15-MAY-2040","2040-05-15-912810SR0"
"2026-10-05T1705","912834HV3","STRIP","","2040-05-15",46.657,46.813,"","U S TREAS SEC STRIPPED INT PMT, 0.000%, 15-MAY-2040","2040-05-15-912834HV3"
"2026-10-05T1705","912803DN0","STRIP","","2040-08-15",46.857,46.981,"","UNITED STATES TREAS BD STRIPP ZERO CPN, 0.000%, 15-AUG-2040","2040-08-15-912803DN0"
"2026-10-05T1705","912810QK7","Bond",0.03875,"2040-08-15",84.39,84.457,"semi-annually","UNITED STATES TREAS BDS, 3.875%, 15-AUG-2040","2040-08-15-912810QK7"
"2026-10-05T1705","912810SQ2","Bond",0.01125,"2040-08-15",57.56,57.656,"semi-annually","UNITED STATES TREAS SER BONDS OF AUGUST 2040, 1.125%, 15-AUG-2040","2040-08-15-912810SQ2"
"2026-10-05T1705","912834JB5","STRIP","","2040-08-15",45.942,46.152,"","U S TREAS SEC STRIPPED INT PMT, 0.000%, 15-AUG-2040","2040-08-15-912834JB5"
"2026-10-05T1705","912803DP5","STRIP","","2040-11-15",46.125,46.269,"","UNITED STATES TREAS BD STRIPP ZERO CPN, 0.000%, 15-NOV-2040","2040-11-15-912803DP5"
"2026-10-05T1705","912810QL5","Bond",0.0425,"2040-11-15",87.706,87.789,"semi-annually","UNITED STATES TREAS BDS, 4.250%, 15-NOV-2040","2040-11-15-912810QL5"
"2026-10-05T1705","912810ST6","Bond",0.01375,"2040-11-15",59.364,59.452,"semi-annually","UNITED STATES TREAS SER BONDS OF NOVEMBER 2040, 1.375%, 15-NOV-2040","2040-11-15-912810ST6"
"2026-10-05T1705","912834JH2","STRIP","","2040-11-15",45.141,45.305,"","U S TREAS SEC STRIPPED INT PMT, 0.000%, 15-NOV-2040","2040-11-15-912834JH2"
"2026-10-05T1705","912803DQ3","STRIP","","2041-02-15",45.301,45.457,"","UNITED STATES TREAS BD STRIPP ZERO CPN, 0.000%, 15-FEB-2041","2041-02-15-912803DQ3"
"2026-10-05T1705","912803FW8","STRIP","","2041-02-15",44.903,45.492,"","UNITED STATES TREAS BD STRIPP ZERO CPN, 0.000%, 15-FEB-2041","2041-02-15-912803FW8"
"2026-10-05T1705","912810QN1","Bond",0.0475,"2041-02-15",92.302,92.383,"semi-annually","UNITED STATES TREAS BDS, 4.750%, 15-FEB-2041","2041-02-15-912810QN1"
"2026-10-05T1705","912810QP6","TIPS",0.02125,"2041-02-15",87.383,87.616,"semi-annually","UNITED STATES TREAS BDS, 2.125%, 15-FEB-2041","2041-02-15-912810QP6"
"2026-10-05T1705","912810SW9","Bond",0.01875,"2041-02-15",63.699,63.804,"semi-annually","UNITED STATES TREAS SER BONDS OF FEBRUARY 2041, 1.875%, 15-FEB-2041","2041-02-15-912810SW9"
"2026-10-05T1705","912834JP4","STRIP","","2041-02-15",44.308,44.482,"","U S TREAS SEC STRIPPED INT PMT, 0.000%, 15-FEB-2041","2041-02-15-912834JP4"
"2026-10-05T1705","912803DS9","STRIP","","2041-05-15",44.566,44.695,"","UNITED STATES TREAS BD STRIPP ZERO CPN, 0.000%, 15-MAY-2041","2041-05-15-912803DS9"
"2026-10-05T1705","912810QQ4","Bond",0.04375,"2041-05-15",88.345,88.381,"semi-annually","UNITED STATES TREAS BDS, 4.375%, 15-MAY-2041","2041-05-15-912810QQ4"
"2026-10-05T1705","912810SY5","Bond",0.0225,"2041-05-15",66.935,67.008,"semi-annually","UNITED STATES TREAS SER BONDS OF MAY 2041, 2.250%, 15-MAY-2041","2041-05-15-912810SY5"
"2026-10-05T1705","912834KH0","STRIP","","2041-05-15",43.602,43.776,"","U S TREAS SEC STRIPPED INT PMT, 0.000%, 15-MAY-2041","2041-05-15-912834KH0"
"2026-10-05T1705","912803DT7","STRIP","","2041-08-15",43.836,43.967,"","UNITED STATES TREAS BD STRIPP ZERO CPN, 0.000%, 15-AUG-2041","2041-08-15-912803DT7"
"2026-10-05T1705","912810QS0","Bond",0.0375,"2041-08-15",81.791,81.83,"semi-annually","UNITED STATES TREAS BDS, 3.750%, 15-AUG-2041","2041-08-15-912810QS0"
"2026-10-05T1705","912810TA6","Bond",0.0175,"2041-08-15",61.372,61.471,"semi-annually","UNITED STATES TREAS SER BONDS OF AUGUST 2041, 1.750%, 15-AUG-2041","2041-08-15-912810TA6"
"2026-10-05T1705","912834KP2","STRIP","","2041-08-15",42.876,43.055,"","U S TREAS SEC STRIPPED INT PMT, 0.000%, 15-AUG-2041","2041-08-15-912834KP2"
"2026-10-05T1705","912803DU4","STRIP","","2041-11-15",43.05,43.203,"","UNITED STATES TREAS BD STRIPP ZERO CPN, 0.000%, 15-NOV-2041","2041-11-15-912803DU4"
"2026-10-05T1705","912810QT8","Bond",0.03125,"2041-11-15",74.967,74.992,"semi-annually","UNITED STATES TREAS BDS, 3.125%, 15-NOV-2041","2041-11-15-912810QT8"
"2026-10-05T1705","912810TC2","Bond",0.02,"2041-11-15",63.355,63.467,"semi-annually","UNITED STATES TREAS SER BONDS OF NOVEMBER 2041, 2.000%, 15-NOV-2041","2041-11-15-912810TC2"
"2026-10-05T1705","912834KV9","STRIP","","2041-11-15",42.16,42.341,"","U S TREAS SEC STRIPPED INT PMT, 0.000%, 15-NOV-2041","2041-11-15-912834KV9"
"2026-10-05T1705","912803DV2","STRIP","","2042-02-15",42.22,42.366,"","UNITED STATES TREAS BD STRIPP ZERO CPN, 0.000%, 15-FEB-2042","2042-02-15-912803DV2"
"2026-10-05T1705","912810QU5","Bond",0.03125,"2042-02-15",74.46,74.53,"semi-annually","UNITED STATES TREAS BDS, 3.125%, 15-FEB-2042","2042-02-15-912810QU5"
"2026-10-05T1705","912810QV3","TIPS",0.0075,"2042-02-15",69.446,69.677,"semi-annually","UNITED STATES TREAS BDS, 0.750%, 15-FEB-2042","2042-02-15-912810QV3"
"2026-10-05T1705","912810TF5","Bond",0.02375,"2042-02-15",66.742,66.813,"semi-annually","UNITED STATES TREAS SER BONDS OF FEBRUARY 2042, 2.375%, 15-FEB-2042","2042-02-15-912810TF5"
"2026-10-05T1705","912834LB2","STRIP","","2042-02-15",41.393,41.588,"","U S TREAS SEC STRIPPED INT PMT, 0.000%, 15-FEB-2042","2042-02-15-912834LB2"
"2026-10-05T1705","912803DX8","STRIP","","2042-05-15",41.506,41.663,"","UNITED STATES TREAS BD STRIPP ZERO CPN, 0.000%, 15-MAY-2042","2042-05-15-912803DX8"
"2026-10-05T1705","912803GJ6","STRIP","","2042-05-15",41.196,42.394,"","UNITED STATES TREAS BD STRIPP ZERO CPN, 0.000%, 15-MAY-2042","2042-05-15-912803GJ6"
"2026-10-05T1705","912810QW1","Bond",0.03,"2042-05-15",72.837,72.898,"semi-annually","UNITED STATES TREAS BDS, 3.000%, 15-MAY-2042","2042-05-15-912810QW1"
"2026-10-05T1705","912810TH1","Bond",0.0325,"2042-05-15",75.433,75.497,"semi-annually","UNITED STATES TREAS SER BONDS OF MAY 2042, 3.250%, 15-MAY-2042","2042-05-15-912810TH1"
"2026-10-05T1705","912834LK2","STRIP","","2042-05-15",40.637,40.87,"","U S TREAS SEC STRIPPED INT PMT, 0.000%, 15-MAY-2042","2042-05-15-912834LK2"
"2026-10-05T1705","912803DY6","STRIP","","2042-08-15",40.883,41.046,"","UNITED STATES TREAS BD STRIPP ZERO CPN, 0.000%, 15-AUG-2042","2042-08-15-912803DY6"
"2026-10-05T1705","912810QX9","Bond",0.0275,"2042-08-15",69.782,69.846,"semi-annually","UNITED STATES TREAS BDS, 2.750%, 15-AUG-2042","2042-08-15-912810QX9"
"2026-10-05T1705","912810TK4","Bond",0.03375,"2042-08-15",76.414,76.469,"semi-annually","UNITED STATES TREAS SER BONDS OF AUGUST 2042, 3.375%, 15-AUG-2042","2042-08-15-912810TK4"
"2026-10-05T1705","912834LR7","STRIP","","2042-08-15",40.046,40.212,"","U S TREAS SEC STRIPPED INT PMT, 0.000%, 15-AUG-2042","2042-08-15-912834LR7"
"2026-10-05T1705","912803DZ3","STRIP","","2042-11-15",40.188,40.35,"","UNITED STATES TREAS BD STRIPP ZERO CPN, 0.000%, 15-NOV-2042","2042-11-15-912803DZ3"
"2026-10-05T1705","912810QY7","Bond",0.0275,"2042-11-15",69.363,69.438,"semi-annually","UNITED STATES TREAS BDS, 2.750%, 15-NOV-2042","2042-11-15-912810QY7"
"2026-10-05T1705","912810TM0","Bond",0.04,"2042-11-15",82.664,82.735,"semi-annually","UNITED STATES TREAS SER BONDS OF NOVEMBER 2042, 4.000%, 15-NOV-2042","2042-11-15-912810TM0"
"2026-10-05T1705","912834LX4","STRIP","","2042-11-15",39.25,39.49,"","U S TREAS SEC STRIPPED INT PMT, 0.000%, 15-NOV-2042","2042-11-15-912834LX4"
"2026-10-05T1705","912803EA7","STRIP","","2043-02-15",39.497,39.636,"","UNITED STATES TREAS BD STRIPP ZERO CPN, 0.000%, 15-FEB-2043","2043-02-15-912803EA7"
"2026-10-05T1705","912810QZ4","Bond",0.03125,"2043-02-15",72.953,73.012,"semi-annually","UNITED STATES TREAS BDS, 3.125%, 15-FEB-2043","2043-02-15-912810QZ4"
"2026-10-05T1705","912810RA8","TIPS",0.00625,"2043-02-15",66.051,66.313,"semi-annually","UNITED STATES TREAS BDS, 0.625%, 15-FEB-2043","2043-02-15-912810RA8"
"2026-10-05T1705","912810TQ1","Bond",0.03875,"2043-02-15",81.045,81.114,"semi-annually","UNITED STATES TREAS SER BONDS OF FEBRUARY 2043, 3.875%, 15-FEB-2043","2043-02-15-912810TQ1"
"2026-10-05T1705","912834MD7","STRIP","","2043-02-15",38.714,38.899,"","U S TREAS SEC STRIPPED INT PMT, 0.000%, 15-FEB-2043","2043-02-15-912834MD7"
"2026-10-05T1705","912803EC3","STRIP","","2043-05-15",38.825,38.974,"","UNITED STATES TREAS BD STRIPP ZERO CPN, 0.000%, 15-MAY-2043","2043-05-15-912803EC3"
"2026-10-05T1705","912810RB6","Bond",0.02875,"2043-05-15",69.957,70.017,"semi-annually","UNITED STATES TREAS BDS, 2.875%, 15-MAY-2043","2043-05-15-912810RB6"
"2026-10-05T1705","912810TS7","Bond",0.03875,"2043-05-15",80.777,80.833,"semi-annually","UNITED STATES TREAS SER BONDS OF MAY 2043, 3.875%, 15-MAY-2043","2043-05-15-912810TS7"
"2026-10-05T1705","912834MM7","STRIP","","2043-05-15",38.008,38.259,"","U S TREAS SEC STRIPPED INT PMT, 0.000%, 15-MAY-2043","2043-05-15-912834MM7"
"2026-10-05T1705","912803ED1","STRIP","","2043-08-15",38.233,38.365,"","UNITED STATES TREAS BD STRIPP ZERO CPN, 0.000%, 15-AUG-2043","2043-08-15-912803ED1"
"2026-10-05T1705","912810RC4","Bond",0.03625,"2043-08-15",77.766,77.813,"semi-annually","UNITED STATES TREAS BDS, 3.625%, 15-AUG-2043","2043-08-15-912810RC4"
"2026-10-05T1705","912810TU2","Bond",0.04375,"2043-08-15",85.952,86.01,"semi-annually","UNITED STATES TREAS SER BONDS OF AUGUST 2043, 4.375%, 15-AUG-2043","2043-08-15-912810TU2"
"2026-10-05T1705","912834MT2","STRIP","","2043-08-15",37.33,37.576,"","U S TREAS SEC STRIPPED INT PMT, 0.000%, 15-AUG-2043","2043-08-15-912834MT2"
"2026-10-05T1705","912803EE9","STRIP","","2043-11-15",37.613,37.738,"","UNITED STATES TREAS BD STRIPP ZERO CPN, 0.000%, 15-NOV-2043","2043-11-15-912803EE9"
"2026-10-05T1705","912810RD2","Bond",0.0375,"2043-11-15",78.842,78.906,"semi-annually","UNITED STATES TREAS BDS, 3.750%, 15-NOV-2043","2043-11-15-912810RD2"
"2026-10-05T1705","912810TW8","Bond",0.0475,"2043-11-15",89.905,89.958,"semi-annually","UNITED STATES TREAS SER BONDS OF NOVEMBER 2043, 4.750%, 15-NOV-2043","2043-11-15-912810TW8"
"2026-10-05T1705","912834MZ8","STRIP","","2043-11-15",36.81,37.003,"","U S TREAS SEC STRIPPED INT PMT, 0.000%, 15-NOV-2043","2043-11-15-912834MZ8"
"2026-10-05T1705","912803EF6","STRIP","","2044-02-15",37.02,37.135,"","UNITED STATES TREAS BD STRIPP ZERO CPN, 0.000%, 15-FEB-2044","2044-02-15-912803EF6"
"2026-10-05T1705","912810RE0","Bond",0.03625,"2044-02-15",77.187,77.236,"semi-annually","UNITED STATES TREAS SER BONDS OF FEB 2044, 3.625%, 15-FEB-2044","2044-02-15-912810RE0"
"2026-10-05T1705","912810RF7","TIPS",0.01375,"2044-02-15",74.087,74.281,"semi-annually","UNITED STATES TREAS BDS, 1.375%, 15-FEB-2044","2044-02-15-912810RF7"
"2026-10-05T1705","912810TZ1","Bond",0.045,"2044-02-15",86.924,86.989,"semi-annually","UNITED STATES TREAS SER BONDS OF FEBRUARY 2044, 4.500%, 15-FEB-2044","2044-02-15-912810TZ1"
"2026-10-05T1705","912834NF1","STRIP","","2044-02-15",36.195,36.366,"","U S TREAS SEC STRIPPED INT PMT, 0.000%, 15-FEB-2044","2044-02-15-912834NF1"
"2026-10-05T1705","912803EH2","STRIP","","2044-05-15",36.477,36.603,"","UNITED STATES TREAS BD STRIPP ZERO CPN, 0.000%, 15-MAY-2044","2044-05-15-912803EH2"
"2026-10-05T1705","912810RG5","Bond",0.03375,"2044-05-15",74.202,74.247,"semi-annually","UNITED STATES TREAS BDS, 3.375%, 15-MAY-2044","2044-05-15-912810RG5"
"2026-10-05T1705","912810UB2","Bond",0.04625,"2044-05-15",88.166,88.227,"semi-annually","UNITED STATES TREAS SER BONDS OF MAY 2044, 4.625%, 15-MAY-2044","2044-05-15-912810UB2"
"2026-10-05T1705","912834NP9","STRIP","","2044-05-15",35.642,35.819,"","U S TREAS SEC STRIPPED INT PMT, 0.000%, 15-MAY-2044","2044-05-15-912834NP9"
"2026-10-05T1705","912803EJ8","STRIP","","2044-08-15",35.847,35.991,"","UNITED STATES TREAS BD STRIPP ZERO CPN, 0.000%, 15-AUG-2044","2044-08-15-912803EJ8"
"2026-10-05T1705","912810RH3","Bond",0.03125,"2044-08-15",71.111,71.168,"semi-annually","UNITED STATES TREAS BDS, 3.125%, 15-AUG-2044","2044-08-15-912810RH3"
"2026-10-05T1705","912810UD8","Bond",0.04125,"2044-08-15",82.335,82.391,"semi-annually","UNITED STATES TREAS SER BONDS OF AUGUST 2044, 4.125%, 15-AUG-2044","2044-08-15-912810UD8"
"2026-10-05T1705","912834NV6","STRIP","","2044-08-15",35.093,35.288,"","U S TREAS SEC STRIPPED INT PMT, 0.000%, 15-AUG-2044","2044-08-15-912834NV6"
"2026-10-05T1705","912803EK5","STRIP","","2044-11-15",35.337,35.47,"","UNITED STATES TREAS BD STRIPP ZERO CPN, 0.000%, 15-NOV-2044","2044-11-15-912803EK5"
"2026-10-05T1705","912810RJ9","Bond",0.03,"2044-11-15",69.385,69.448,"semi-annually","UNITED STATES TREAS BDS, 3.000%, 15-NOV-2044","2044-11-15-912810RJ9"
"2026-10-05T1705","912810UF3","Bond",0.04625,"2044-11-15",87.808,87.868,"semi-annually","UNITED STATES TREAS SER BONDS OF NOVEMBER 2044, 4.625%, 15-NOV-2044","2044-11-15-912810UF3"
"2026-10-05T1705","912834PB8","STRIP","","2044-11-15",34.618,34.809,"","U S TREAS SEC STRIPPED INT PMT, 0.000%, 15-NOV-2044","2044-11-15-912834PB8"
"2026-10-05T1705","912803EL3","STRIP","","2045-02-15",34.835,34.965,"","UNITED STATES TREAS BD STRIPP ZERO CPN, 0.000%, 15-FEB-2045","2045-02-15-912803EL3"
"2026-10-05T1705","912810RK6","Bond",0.025,"2045-02-15",63.41,63.469,"semi-annually","UNITED STATES TREAS BDS, 2.500%, 15-FEB-2045","2045-02-15-912810RK6"
"2026-10-05T1705","912810RL4","TIPS",0.0075,"2045-02-15",64.102,64.326,"semi-annually","UNITED STATES TREAS BDS, 0.750%, 15-FEB-2045","2045-02-15-912810RL4"
"2026-10-05T1705","912810UJ5","Bond",0.0475,"2045-02-15",89.091,89.141,"semi-annually","UNITED STATES TREAS SER BONDS OF FEBRUARY 2045, 4.750%, 15-FEB-2045","2045-02-15-912810UJ5"
"2026-10-05T1705","912834PH5","STRIP","","2045-02-15",34.009,34.207,"","U S TREAS SEC STRIPPED INT PMT, 0.000%, 15-FEB-2045","2045-02-15-912834PH5"
"2026-10-05T1705","912803EN9","STRIP","","2045-05-15",34.345,34.423,"","UNITED STATES TREAS BD STRIPP ZERO CPN, 0.000%, 15-MAY-2045","2045-05-15-912803EN9"
"2026-10-05T1705","912810RM2","Bond",0.03,"2045-05-15",68.879,68.935,"semi-annually","UNITED STATES TREAS BDS, 3.000%, 15-MAY-2045","2045-05-15-912810RM2"
"2026-10-05T1705","912810UL0","Bond",0.05,"2045-05-15",91.875,91.93,"semi-annually","UNITED STATES TREAS SER BONDS OF MAY 2045, 5.000%, 15-MAY-2045","2045-05-15-912810UL0"
"2026-10-05T1705","912834KB3","STRIP","","2045-05-15",33.553,33.721,"","U S TREAS SEC STRIPPED INT PMT, 0.000%, 15-MAY-2045","2045-05-15-912834KB3"
"2026-10-05T1705","912803EP4","STRIP","","2045-08-15",33.832,33.893,"","UNITED STATES TREAS BD STRIPP ZERO CPN, 0.000%, 15-AUG-2045","2045-08-15-912803EP4"
"2026-10-05T1705","912810RN0","Bond",0.02875,"2045-08-15",67.156,67.201,"semi-annually","UNITED STATES TREAS BDS, 2.875%, 15-AUG-2045","2045-08-15-912810RN0"
"2026-10-05T1705","912810UN6","Bond",0.04875,"2045-08-15",90.31,90.368,"semi-annually","UNITED STATES TREAS SER BONDS OF AUGUST 2045, 4.875%, 15-AUG-2045","2045-08-15-912810UN6"
"2026-10-05T1705","912834PM4","STRIP","","2045-08-15",33.013,33.191,"","U S TREAS SEC STRIPPED INT PMT, 0.000%, 15-AUG-2045","2045-08-15-912834PM4"
"2026-10-05T1705","912803EQ2","STRIP","","2045-11-15",33.348,33.475,"","UNITED STATES TREAS BD STRIPP ZERO CPN, 0.000%, 15-NOV-2045","2045-11-15-912803EQ2"
"2026-10-05T1705","912803HR7","STRIP","","2045-11-15",33.308,33.415,"","UNITED STATES TREAS BD STRIPP ZERO CPN, 0.000%, 15-NOV-2045","2045-11-15-912803HR7"
"2026-10-05T1705","912810RP5","Bond",0.03,"2045-11-15",68.379,68.434,"semi-annually","UNITED STATES TREAS SER BONDS OF NOVEMBER 2045, 3.000%, 15-NOV-2045","2045-11-15-912810RP5"
"2026-10-05T1705","912810UQ9","Bond",0.04625,"2045-11-15",87.318,87.368,"semi-annually","UNITED STATES TREAS SER BONDS OF NOVEMBER 20, 4.625%, 15-NOV-2045","2045-11-15-912810UQ9"
"2026-10-05T1705","912834PT9","STRIP","","2045-11-15",32.563,32.711,"","U S TREAS SEC STRIPPED INT PMT, 0.000%, 15-NOV-2045","2045-11-15-912834PT9"
"2026-10-05T1705","912803ER0","STRIP","","2046-02-15",32.892,32.996,"","UNITED STATES TREAS BD STRIPP ZERO CPN, 0.000%, 15-FEB-2046","2046-02-15-912803ER0"
"2026-10-05T1705","912810RQ3","Bond",0.025,"2046-02-15",62.278,62.336,"semi-annually","UNITED STATES TREAS SER BONDS OF FEBRUARY 2046, 2.500%, 15-FEB-2046","2046-02-15-912810RQ3"
"2026-10-05T1705","912810RR1","TIPS",0.01,"2046-02-15",66.126,66.344,"semi-annually","UNITED STATES TREAS BDS, 1.000%, 15-FEB-2046","2046-02-15-912810RR1"
"2026-10-05T1705","912810UT3","Bond",0.04625,"2046-02-15",87.23,87.273,"semi-annually","UNITED STATES TREAS SER BONDS OF FEBRUARY 2046, 4.625%, 15-FEB-2046","2046-02-15-912810UT3"
"2026-10-05T1705","912834PZ5","STRIP","","2046-02-15",32.156,32.322,"","U S TREAS SEC STRIPPED INT PMT, 0.000%, 15-FEB-2046","2046-02-15-912834PZ5"
"2026-10-05T1705","912803ET6","STRIP","","2046-05-15",32.402,32.527,"","UNITED STATES TREAS BD STRIPP ZERO CPN, 0.000%, 15-MAY-2046","2046-05-15-912803ET6"
"2026-10-05T1705","912810RS9","Bond",0.025,"2046-05-15",61.988,62.047,"semi-annually","UNITED STATES TREAS SER BONDS OF MAY 2046, 2.500%, 15-MAY-2046","2046-05-15-912810RS9"
"2026-10-05T1705","912810UV8","Bond",0.05,"2046-05-15",91.574,91.622,"semi-annually","UNITED STATES TREAS SER BONDS, 5.000%, 15-MAY-2046","2046-05-15-912810UV8"
"2026-10-05T1705","912834QH4","STRIP","","2046-05-15",31.647,31.828,"","U S TREAS SEC STRIPPED INT PMT, 0.000%, 15-MAY-2046","2046-05-15-912834QH4"
"2026-10-05T1705","912803EU3","STRIP","","2046-08-15",31.969,32.089,"","UNITED STATES TREAS BD STRIPP ZERO CPN, 0.000%, 15-AUG-2046","2046-08-15-912803EU3"
"2026-10-05T1705","912810RT7","Bond",0.0225,"2046-08-15",58.762,58.817,"semi-annually","UNITED STATES TREAS BOND, 2.250%, 15-AUG-2046","2046-08-15-912810RT7"
"2026-10-05T1705","912810UX4","Bond",0.05125,"2046-08-15",93.07,93.109,"semi-annually","UNITED STATES TREAS SER BONDS, 5.125%, 15-AUG-2046","2046-08-15-912810UX4"
"2026-10-05T1705","912834QP6","STRIP","","2046-08-15",31.21,31.392,"","U S TREAS SEC STRIPPED INT PMT, 0.000%, 15-AUG-2046","2046-08-15-912834QP6"
"2026-10-05T1705","912803EV1","STRIP","","2046-11-15",31.496,31.618,"","UNITED STATES TREAS BD STRIPP ZERO CPN, 0.000%, 15-NOV-2046","2046-11-15-912803EV1"
"2026-10-05T1705","912810RU4","Bond",0.02875,"2046-11-15",65.968,66.02,"semi-annually","UNITED STATES TREAS SER BONDS OF NOVEMBER 2046, 2.875%, 15-NOV-2046","2046-11-15-912810RU4"
"2026-10-05T1705","912834QV3","STRIP","","2046-11-15",30.782,30.946,"","U S TREAS SEC STRIPPED INT PMT, 0.000%, 15-NOV-2046","2046-11-15-912834QV3"
"2026-10-05T1705","912803EW9","STRIP","","2047-02-15",31.017,31.125,"","UNITED STATES TREAS BD STRIPP ZERO CPN, 0.000%, 15-FEB-2047","2047-02-15-912803EW9"
"2026-10-05T1705","912810RV2","Bond",0.03,"2047-02-15",67.228,67.27,"semi-annually","UNITED STATES TREAS SER BONDS OF FEBRUARY 2047, 3.000%, 15-FEB-2047","2047-02-15-912810RV2"
"2026-10-05T1705","912810RW0","TIPS",0.00875,"2047-02-15",62.94,63.132,"semi-annually","UNITED STATES TREAS BDS TIPS, 0.875%, 15-FEB-2047","2047-02-15-912810RW0"
"2026-10-05T1705","912834RB6","STRIP","","2047-02-15",30.33,30.503,"","U S TREAS SEC STRIPPED INT PMT, 0.000%, 15-FEB-2047","2047-02-15-912834RB6"
"2026-10-05T1705","912803EY5","STRIP","","2047-05-15",30.574,30.67,"","UNITED STATES TREAS BD STRIPP ZERO CPN, 0.000%, 15-MAY-2047","2047-05-15-912803EY5"
"2026-10-05T1705","912810RX8","Bond",0.03,"2047-05-15",67.005,67.055,"semi-annually","UNITED STATES TREAS SER BONDS OF MAY 2047, 3.000%, 15-MAY-2047","2047-05-15-912810RX8"
"2026-10-05T1705","912834RK6","STRIP","","2047-05-15",29.989,30.15,"","U S TREAS SEC STRIPPED INT PMT, 0.000%, 15-MAY-2047","2047-05-15-912834RK6"
"2026-10-05T1705","912803EZ2","STRIP","","2047-08-15",30.143,30.215,"","UNITED STATES TREAS BD STRIPP ZERO CPN, 0.000%, 15-AUG-2047","2047-08-15-912803EZ2"
"2026-10-05T1705","912810RY6","Bond",0.0275,"2047-08-15",63.732,63.79,"semi-annually","UNITED STATES TREAS SER BONDS OF AUGUST 2047, 2.750%, 15-AUG-2047","2047-08-15-912810RY6"
"2026-10-05T1705","912834RR1","STRIP","","2047-08-15",29.597,29.781,"","U S TREAS SEC STRIPPED INT PMT, 0.000%, 15-AUG-2047","2047-08-15-912834RR1"
"2026-10-05T1705","912803FA6","STRIP","","2047-11-15",29.687,29.782,"","UNITED STATES TREAS BD STRIPP ZERO CPN, 0.000%, 15-NOV-2047","2047-11-15-912803FA6"
"2026-10-05T1705","912810RZ3","Bond",0.0275,"2047-11-15",63.502,63.555,"semi-annually","UNITED STATES TREAS SER BONDS OF NOVEMBER 2047, 2.750%, 15-NOV-2047","2047-11-15-912810RZ3"
"2026-10-05T1705","912834SZ2","STRIP","","2047-11-15",29.11,29.293,"","U S TREAS SEC STRIPPED INT PMT, 0.000%, 15-NOV-2047","2047-11-15-912834SZ2"
"2026-10-05T1705","912803FB4","STRIP","","2048-02-15",29.284,29.37,"","UNITED STATES TREAS BD STRIPP ZERO CPN, 0.000%, 15-FEB-2048","2048-02-15-912803FB4"
"2026-10-05T1705","912810SA7","Bond",0.03,"2048-02-15",66.359,66.422,"semi-annually","UNITED STATES TREAS SER BONDS OF FEBRUARY 2048, 3.000%, 15-FEB-2048","2048-02-15-912810SA7"
"2026-10-05T1705","912810SB5","TIPS",0.01,"2048-02-15",63.485,63.679,"semi-annually","UNITED STATES TREAS BONDS, 1.000%, 15-FEB-2048","2048-02-15-912810SB5"
"2026-10-05T1705","912834TF5","STRIP","","2048-02-15",28.722,28.887,"","U S TREAS SEC STRIPPED INT PMT, 0.000%, 15-FEB-2048","2048-02-15-912834TF5"
"2026-10-05T1705","912803FD0","STRIP","","2048-05-15",28.855,28.946,"","UNITED STATES TREAS BD STRIPP ZERO CPN, 0.000%, 15-MAY-2048","2048-05-15-912803FD0"
"2026-10-05T1705","912810SC3","Bond",0.03125,"2048-05-15",67.715,67.77,"semi-annually","UNITED STATES TREAS SER BONDS OF MAY 2048, 3.125%, 15-MAY-2048","2048-05-15-912810SC3"
"2026-10-05T1705","912834TP3","STRIP","","2048-05-15",28.171,28.392,"","U S TREAS SEC STRIPPED INT PMT, 0.000%, 15-MAY-2048","2048-05-15-912834TP3"
"2026-10-05T1705","912803FE8","STRIP","","2048-08-15",28.451,28.534,"","UNITED STATES TREAS BD STRIPP ZERO CPN, 0.000%, 15-AUG-2048","2048-08-15-912803FE8"
"2026-10-05T1705","912810SD1","Bond",0.03,"2048-08-15",65.938,65.986,"semi-annually","UNITED STATES TREAS SER BONDS OF AUGUST 2048, 3.000%, 15-AUG-2048","2048-08-15-912810SD1"
"2026-10-05T1705","912834TV0","STRIP","","2048-08-15",27.874,28.047,"","U S TREAS SEC STRIPPED INT PMT, 0.000%, 15-AUG-2048","2048-08-15-912834TV0"
"2026-10-05T1705","912803FF5","STRIP","","2048-11-15",28.036,28.136,"","UNITED STATES TREAS BD STRIPP ZERO CPN, 0.000%, 15-NOV-2048","2048-11-15-912803FF5"
"2026-10-05T1705","912810SE9","Bond",0.03375,"2048-11-15",70.464,70.524,"semi-annually","UNITED STATES TREAS SER BONDS OF NOVEMBER 2048, 3.375%, 15-NOV-2048","2048-11-15-912810SE9"
"2026-10-05T1705","912834UB2","STRIP","","2048-11-15",27.485,27.655,"","U S TREAS SEC STRIPPED INT PMT, 0.000%, 15-NOV-2048","2048-11-15-912834UB2"
"2026-10-05T1705","912803FG3","STRIP","","2049-02-15",27.628,27.738,"","UNITED STATES TREAS BD STRIPP ZERO CPN, 0.000%, 15-FEB-2049","2049-02-15-912803FG3"
"2026-10-05T1705","912810SF6","Bond",0.03,"2049-02-15",65.544,65.607,"semi-annually","UNITED STATES TREAS SER BONDS OF FEBRUARY 2049, 3.000%, 15-FEB-2049","2049-02-15-912810SF6"
"2026-10-05T1705","912810SG4","TIPS",0.01,"2049-02-15",62.415,62.61,"semi-annually","UNITED STATES TREAS BDS, 1.000%, 15-FEB-2049","2049-02-15-912810SG4"
"2026-10-05T1705","912834UH9","STRIP","","2049-02-15",27.103,27.291,"","U S TREAS SEC STRIPPED INT PMT, 0.000%, 15-FEB-2049","2049-02-15-912834UH9"
"2026-10-05T1705","912803FJ7","STRIP","","2049-05-15",27.28,27.371,"","UNITED STATES TREAS BD STRIPP ZERO CPN, 0.000%, 15-MAY-2049","2049-05-15-912803FJ7"
"2026-10-05T1705","912810SH2","Bond",0.02875,"2049-05-15",63.799,63.859,"semi-annually","UNITED STATES TREAS SER BONDS OF MAY 2049, 2.875%, 15-MAY-2049","2049-05-15-912810SH2"
"2026-10-05T1705","912834UR7","STRIP","","2049-05-15",26.736,26.912,"","U S TREAS SEC STRIPPED INT PMT, 0.000%, 15-MAY-2049","2049-05-15-912834UR7"
"2026-10-05T1705","912803FK4","STRIP","","2049-08-15",26.91,26.997,"","UNITED STATES TREAS BD STRIPP ZERO CPN, 0.000%, 15-AUG-2049","2049-08-15-912803FK4"
"2026-10-05T1705","912810SJ8","Bond",0.0225,"2049-08-15",55.636,55.68,"semi-annually","UNITED STATES TREAS SER BONDS OF AUGUST 2049, 2.250%, 15-AUG-2049","2049-08-15-912810SJ8"
"2026-10-05T1705","912834UY2","STRIP","","2049-08-15",26.286,26.531,"","U S TREAS SEC STRIPPED INT PMT, 0.000%, 15-AUG-2049","2049-08-15-912834UY2"
"2026-10-05T1705","912803FL2","STRIP","","2049-11-15",26.542,26.637,"","UNITED STATES TREAS BD STRIPP ZERO CPN, 0.000%, 15-NOV-2049","2049-11-15-912803FL2"
"2026-10-05T1705","912810SK5","Bond",0.02375,"2049-11-15",57.01,57.069,"semi-annually","UNITED STATES TREAS SER BONDS OF NOVEMBER 2049, 2.375%, 15-NOV-2049","2049-11-15-912810SK5"
"2026-10-05T1705","912834VE5","STRIP","","2049-11-15",25.996,26.172,"","U S TREAS SEC STRIPPED INT PMT, 0.000%, 15-NOV-2049","2049-11-15-912834VE5"
"2026-10-05T1705","912803FM0","STRIP","","2050-02-15",26.155,26.266,"","UNITED STATES TREAS BD STRIPP ZERO CPN, 0.000%, 15-FEB-2050","2050-02-15-912803FM0"
"2026-10-05T1705","912810SL3","Bond",0.02,"2050-02-15",51.984,52.04,"semi-annually","UNITED STATES TREAS SER BONDS OF FEBRUARY 2050, 2.000%, 15-FEB-2050","2050-02-15-912810SL3"
"2026-10-05T1705","912810SM1","TIPS",0.0025,"2050-02-15",49.227,49.43,"semi-annually","UNITED STATES TREAS BDS, 0.250%, 15-FEB-2050","2050-02-15-912810SM1"
"2026-10-05T1705","912834VM7","STRIP","","2050-02-15",25.712,25.87,"","U S TREAS SEC STRIPPED INT PMT, 0.000%, 15-FEB-2050","2050-02-15-912834VM7"
"2026-10-05T1705","912803FP3","STRIP","","2050-05-15",26.153,26.277,"","UNITED STATES TREAS BD STRIPP ZERO CPN, 0.000%, 15-MAY-2050","2050-05-15-912803FP3"
"2026-10-05T1705","912810SN9","Bond",0.0125,"2050-05-15",42.359,42.418,"semi-annually","UNITED STATES TREAS SER BONDS OF MAY 2050, 1.250%, 15-MAY-2050","2050-05-15-912810SN9"
"2026-10-05T1705","912834VV7","STRIP","","2050-05-15",25.366,25.531,"","U S TREAS SEC STRIPPED INT PMT, 0.000%, 15-MAY-2050","2050-05-15-912834VV7"
"2026-10-05T1705","912803FR9","STRIP","","2050-08-15",25.664,25.808,"","UNITED STATES TREAS BD STRIPP ZERO CPN, 0.000%, 15-AUG-2050","2050-08-15-912803FR9"
"2026-10-05T1705","912810SP4","Bond",0.01375,"2050-08-15",43.546,43.594,"semi-annually","UNITED STATES TREAS SER BONDS OF AUGUST 2050, 1.375%, 15-AUG-2050","2050-08-15-912810SP4"
"2026-10-05T1705","912834WC8","STRIP","","2050-08-15",24.988,25.168,"","U S TREAS SEC STRIPPED INT PMT, 0.000%, 15-AUG-2050","2050-08-15-912834WC8"
"2026-10-05T1705","912803FT5","STRIP","","2050-11-15",25.155,25.264,"","UNITED STATES TREAS BD STRIPP ZERO CPN, 0.000%, 15-NOV-2050","2050-11-15-912803FT5"
"2026-10-05T1705","912810SS8","Bond",0.01625,"2050-11-15",46.446,46.477,"semi-annually","UNITED STATES TREAS SER BONDS OF NOVEMBER 2050, 1.625%, 15-NOV-2050","2050-11-15-912810SS8"
"2026-10-05T1705","912834WJ3","STRIP","","2050-11-15",24.686,24.877,"","U S TREAS SEC STRIPPED INT PMT, 0.000%, 15-NOV-2050","2050-11-15-912834WJ3"
"2026-10-05T1705","912803FV0","STRIP","","2051-02-15",24.757,24.883,"","UNITED STATES TREAS BD STRIPP ZERO CPN, 0.000%, 15-FEB-2051","2051-02-15-912803FV0"
"2026-10-05T1705","912810SU3","Bond",0.01875,"2051-02-15",49.399,49.442,"semi-annually","UNITED STATES TREAS SER BONDS OF FEBRUARY 2051, 1.875%, 15-FEB-2051","2051-02-15-912810SU3"
"2026-10-05T1705","912810SV1","TIPS",0.00125,"2051-02-15",45.816,46.055,"semi-annually","UNITED STATES TREAS BDS, 0.125%, 15-FEB-2051","2051-02-15-912810SV1"
"2026-10-05T1705","912834WR5","STRIP","","2051-02-15",24.294,24.494,"","U S TREAS SEC STRIPPED INT PMT, 0.000%, 15-FEB-2051","2051-02-15-912834WR5"
"2026-10-05T1705","912803FY4","STRIP","","2051-05-15",24.344,24.487,"","UNITED STATES TREAS BD STRIPP ZERO CPN, 0.000%, 15-MAY-2051","2051-05-15-912803FY4"
"2026-10-05T1705","912810SX7","Bond",0.02375,"2051-05-15",55.769,55.825,"semi-annually","UNITED STATES TREAS SER BONDS OF MAY 2051, 2.375%, 15-MAY-2051","2051-05-15-912810SX7"
"2026-10-05T1705","912834WZ7","STRIP","","2051-05-15",23.956,24.121,"","U S TREAS SEC STRIPPED INT PMT, 0.000%, 15-MAY-2051","2051-05-15-912834WZ7"
"2026-10-05T1705","912803GA5","STRIP","","2051-08-15",24.092,24.171,"","UNITED STATES TREAS BD STRIPP ZERO CPN, 0.000%, 15-AUG-2051","2051-08-15-912803GA5"
"2026-10-05T1705","912810SZ2","Bond",0.02,"2051-08-15",50.597,50.645,"semi-annually","UNITED STATES TREAS SER BONDS OF AUGUST 2051, 2.000%, 15-AUG-2051","2051-08-15-912810SZ2"
"2026-10-05T1705","912834XG8","STRIP","","2051-08-15",23.684,23.849,"","U S TREAS SEC STRIPPED INT PMT, 0.000%, 15-AUG-2051","2051-08-15-912834XG8"
"2026-10-05T1705","912803GC1","STRIP","","2051-11-15",23.785,23.916,"","UNITED STATES TREAS BD STRIPP ZERO CPN, 0.000%, 15-NOV-2051","2051-11-15-912803GC1"
"2026-10-05T1705","912810TB4","Bond",0.01875,"2051-11-15",48.757,48.801,"semi-annually","UNITED STATES TREAS SER BONDS OF NOVEMBER 2051, 1.875%, 15-NOV-2051","2051-11-15-912810TB4"
"2026-10-05T1705","912834A65","STRIP","","2051-11-15",23.325,23.482,"","U S TREAS SEC STRIPPED INT PMT, 0.000%, 15-NOV-2051","2051-11-15-912834A65"
"2026-10-05T1705","912803GE7","STRIP","","2052-02-15",23.424,23.538,"","UNITED STATES TREAS BD STRIPP ZERO CPN, 0.000%, 15-FEB-2052","2052-02-15-912803GE7"
"2026-10-05T1705","912810TD0","Bond",0.0225,"2052-02-15",53.574,53.61,"semi-annually","UNITED STATES TREAS SER BONDS OF FEBRUARY 2052, 2.250%, 15-FEB-2052","2052-02-15-912810TD0"
"2026-10-05T1705","912810TE8","TIPS",0.00125,"2052-02-15",44.437,44.68,"semi-annually","UNITED STATES TREAS BDS, 0.125%, 15-FEB-2052","2052-02-15-912810TE8"
"2026-10-05T1705","912834B56","STRIP","","2052-02-15",22.936,23.123,"","U S TREAS SEC STRIPPED INT PMT, 0.000%, 15-FEB-2052","2052-02-15-912834B56"
"2026-10-05T1705","912803GH0","STRIP","","2052-05-15",23.157,23.261,"","UNITED STATES TREAS BD STRIPP ZERO CPN, 0.000%, 15-MAY-2052","2052-05-15-912803GH0"
"2026-10-05T1705","912810TG3","Bond",0.02875,"2052-05-15",61.789,61.836,"semi-annually","UNITED STATES TREAS SER BONDS OF MAY 2052, 2.875%, 15-MAY-2052","2052-05-15-912810TG3"
"2026-10-05T1705","912834C55","STRIP","","2052-05-15",22.627,22.87,"","U S TREAS SEC STRIPPED INT PMT, 0.000%, 15-MAY-2052","2052-05-15-912834C55"
"2026-10-05T1705","912803GK3","STRIP","","2052-08-15",22.858,22.982,"","UNITED STATES TREAS BD STRIPP ZERO CPN, 0.000%, 15-AUG-2052","2052-08-15-912803GK3"
"2026-10-05T1705","912810TJ7","Bond",0.03,"2052-08-15",63.32,63.372,"semi-annually","UNITED STATES TREASURY, 3.000%, 15-AUG-2052","2052-08-15-912810TJ7"
"2026-10-05T1705","912834D47","STRIP","","2052-08-15",22.452,22.559,"","U S TREAS SEC STRIPPED INT PMT, 0.000%, 15-AUG-2052","2052-08-15-912834D47"
"2026-10-05T1705","912803GM9","STRIP","","2052-11-15",22.545,22.611,"","UNITED STATES TREAS BD STRIPP ZERO CPN, 0.000%, 15-NOV-2052","2052-11-15-912803GM9"
"2026-10-05T1705","912810TL2","Bond",0.04,"2052-11-15",76.731,76.774,"semi-annually","UNITED STATES TREAS SER BONDS OF NOVEMBER 2052, 4.000%, 15-NOV-2052","2052-11-15-912810TL2"
"2026-10-05T1705","912834F29","STRIP","","2052-11-15",22.158,22.321,"","U S TREAS SEC STRIPPED INT PMT, 0.000%, 15-NOV-2052","2052-11-15-912834F29"
"2026-10-05T1705","912803GP2","STRIP","","2053-02-15",22.315,22.415,"","UNITED STATES TREAS BD STRIPP ZERO CPN, 0.000%, 15-FEB-2053","2053-02-15-912803GP2"
"2026-10-05T1705","912810TN8","Bond",0.03625,"2053-02-15",71.605,71.653,"semi-annually","UNITED STATES TREAS SER BONDS OF FEBRUARY 2053, 3.625%, 15-FEB-2053","2053-02-15-912810TN8"
"2026-10-05T1705","912810TP3","TIPS",0.015,"2053-02-15",66.847,67.015,"semi-annually","UNITED STATES TREAS BDS, 1.500%, 15-FEB-2053","2053-02-15-912810TP3"
"2026-10-05T1705","912834F94","STRIP","","2053-02-15",21.692,21.941,"","U S TREAS SEC STRIPPED INT PMT, 0.000%, 15-FEB-2053","2053-02-15-912834F94"
"2026-10-05T1705","912803GS6","STRIP","","2053-05-15",22.007,22.124,"","UNITED STATES TREAS BD STRIPP ZERO CPN, 0.000%, 15-MAY-2053","2053-05-15-912803GS6"
"2026-10-05T1705","912810TR9","Bond",0.03625,"2053-05-15",71.516,71.551,"semi-annually","UNITED STATES TREAS SER BONDS OF MAY 2053, 3.625%, 15-MAY-2053","2053-05-15-912810TR9"
"2026-10-05T1705","912834G93","STRIP","","2053-05-15",21.603,21.793,"","U S TREAS SEC STRIPPED INT PMT, 0.000%, 15-MAY-2053","2053-05-15-912834G93"
"2026-10-05T1705","912803GU1","STRIP","","2053-08-15",21.735,21.84,"","UNITED STATES TREAS BD STRIPP ZERO CPN, 0.000%, 15-AUG-2053","2053-08-15-912803GU1"
"2026-10-05T1705","912810TT5","Bond",0.04125,"2053-08-15",78.277,78.325,"semi-annually","UNITED STATES TREAS SER BONDS OF AUGUST 2053, 4.125%, 15-AUG-2053","2053-08-15-912810TT5"
"2026-10-05T1705","912834H84","STRIP","","2053-08-15",21.301,21.5,"","U S TREAS SEC STRIPPED INT PMT, 0.000%, 15-AUG-2053","2053-08-15-912834H84"
"2026-10-05T1705","912803GW7","STRIP","","2053-11-15",21.447,21.557,"","UNITED STATES TREAS BD STRIPP ZERO CPN, 0.000%, 15-NOV-2053","2053-11-15-912803GW7"
"2026-10-05T1705","912810TV0","Bond",0.0475,"2053-11-15",86.854,86.891,"semi-annually","UNITED STATES TREAS SER BONDS OF NOVEMBER 2053, 4.750%, 15-NOV-2053","2053-11-15-912810TV0"
"2026-10-05T1705","912834J66","STRIP","","2053-11-15",20.993,21.199,"","U S TREAS SEC STRIPPED INT PMT, 0.000%, 15-NOV-2053","2053-11-15-912834J66"
"2026-10-05T1705","912803GY3","STRIP","","2054-02-15",21.208,21.321,"","UNITED STATES TREAS BD STRIPP ZERO CPN, 0.000%, 15-FEB-2054","2054-02-15-912803GY3"
"2026-10-05T1705","912810TX6","Bond",0.0425,"2054-02-15",79.909,79.954,"semi-annually","UNITED STATES TREAS SER BONDS OF FEBRUARY 2054, 4.250%, 15-FEB-2054","2054-02-15-912810TX6"
"2026-10-05T1705","912810TY4","TIPS",0.02125,"2054-02-15",77.049,77.234,"semi-annually","UNITED STATES TREAS BDS, 2.125%, 15-FEB-2054","2054-02-15-912810TY4"
"2026-10-05T1705","912834K56","STRIP","","2054-02-15",20.579,20.831,"","U S TREAS SEC STRIPPED INT PMT, 0.000%, 15-FEB-2054","2054-02-15-912834K56"
"2026-10-05T1705","912803HB2","STRIP","","2054-05-15",21.002,21.133,"","UNITED STATES TREAS BD STRIPP ZERO CPN, 0.000%, 15-MAY-2054","2054-05-15-912803HB2"
"2026-10-05T1705","912810UA4","Bond",0.04625,"2054-05-15",85.113,85.165,"semi-annually","UNITED STATES TREAS SER BONDS OF MAY 2054, 4.625%, 15-MAY-2054","2054-05-15-912810UA4"
"2026-10-05T1705","912834XP8","STRIP","","2054-05-15",20.383,20.587,"","U S TREAS SEC STRIPPED INT PMT, 0.000%, 15-MAY-2054","2054-05-15-912834XP8"
"2026-10-05T1705","912803HD8","STRIP","","2054-08-15",20.725,20.844,"","UNITED STATES TREAS BD STRIPP ZERO CPN, 0.000%, 15-AUG-2054","2054-08-15-912803HD8"
"2026-10-05T1705","912810UC0","Bond",0.0425,"2054-08-15",79.843,79.895,"semi-annually","UNITED STATES TREAS SER BONDS OF AUGUST 2054, 4.250%, 15-AUG-2054","2054-08-15-912810UC0"
"2026-10-05T1705","912834XW3","STRIP","","2054-08-15",20.277,20.416,"","U S TREAS SEC STRIPPED INT PMT, 0.000%, 15-AUG-2054","2054-08-15-912834XW3"
"2026-10-05T1705","912803HF3","STRIP","","2054-11-15",20.411,20.529,"","UNITED STATES TREAS BD STRIPP ZERO CPN, 0.000%, 15-NOV-2054","2054-11-15-912803HF3"
"2026-10-05T1705","912810UE6","Bond",0.045,"2054-11-15",83.292,83.336,"semi-annually","UNITED STATES TREAS SER BONDS OF NOVEMBER 2054, 4.500%, 15-NOV-2054","2054-11-15-912810UE6"
"2026-10-05T1705","912834YC6","STRIP","","2054-11-15",20.067,20.205,"","U S TREAS SEC STRIPPED INT PMT, 0.000%, 15-NOV-2054","2054-11-15-912834YC6"
"2026-10-05T1705","912803HH9","STRIP","","2055-02-15",20.245,20.37,"","UNITED STATES TREAS BD STRIPP ZERO CPN, 0.000%, 15-FEB-2055","2055-02-15-912803HH9"
"2026-10-05T1705","912810UG1","Bond",0.04625,"2055-02-15",85.035,85.083,"semi-annually","UNITED STATES TREAS SER BONDS OF FEBRUARY 2055, 4.625%, 15-FEB-2055","2055-02-15-912810UG1"
"2026-10-05T1705","912810UH9","TIPS",0.02375,"2055-02-15",81.103,81.281,"semi-annually","UNITED STATES TREAS BDS, 2.375%, 15-FEB-2055","2055-02-15-912810UH9"
"2026-10-05T1705","912834YK8","STRIP","","2055-02-15",19.824,20.054,"","U S TREAS SEC STRIPPED INT PMT, 0.000%, 15-FEB-2055","2055-02-15-912834YK8"
"2026-10-05T1705","912803HL0","STRIP","","2055-05-15",20.045,20.243,"","UNITED STATES TREAS BD STRIPP ZERO CPN, 0.000%, 15-MAY-2055","2055-05-15-912803HL0"
"2026-10-05T1705","912810UK2","Bond",0.0475,"2055-05-15",86.812,86.86,"semi-annually","UNITED STATES TREAS SER BONDS OF MAY 2055, 4.750%, 15-MAY-2055","2055-05-15-912810UK2"
"2026-10-05T1705","912834YT9","STRIP","","2055-05-15",19.808,20.143,"","U S TREAS SEC STRIPPED INT PMT, 0.000%, 15-MAY-2055","2055-05-15-912834YT9"
"2026-10-05T1705","912803HN6","STRIP","","2055-08-15",19.782,19.891,"","UNITED STATES TREAS BD STRIPP ZERO CPN, 0.000%, 15-AUG-2055","2055-08-15-912803HN6"
"2026-10-05T1705","912810UM8","Bond",0.0475,"2055-08-15",86.785,86.829,"semi-annually","UNITED STATES TREAS SER BONDS OF AUGUST 2055, 4.750%, 15-AUG-2055","2055-08-15-912810UM8"
"2026-10-05T1705","912834ZA9","STRIP","","2055-08-15",19.621,19.799,"","U S TREAS SEC STRIPPED INT PMT, 0.000%, 15-AUG-2055","2055-08-15-912834ZA9"
"2026-10-05T1705","912803HQ9","STRIP","","2055-11-15",19.534,19.661,"","UNITED STATES TREAS BD STRIPP ZERO CPN, 0.000%, 15-NOV-2055","2055-11-15-912803HQ9"
"2026-10-05T1705","912810UP1","Bond",0.04625,"2055-11-15",85.006,85.047,"semi-annually","UNITED STATES TREAS SER BONDS OF NOVEMBER 2055, 4.625%, 15-NOV-2055","2055-11-15-912810UP1"
"2026-10-05T1705","912834ZG6","STRIP","","2055-11-15",19.655,19.926,"","U S TREAS SEC STRIPPED INT PMT, 0.000%, 15-NOV-2055","2055-11-15-912834ZG6"
"2026-10-05T1705","912803HS5","STRIP","","2056-02-15",19.379,19.502,"","UNITED STATES TREAS BD STRIPP ZERO CPN, 0.000%, 15-FEB-2056","2056-02-15-912803HS5"
"2026-10-05T1705","912810UR7","Bond",0.0475,"2056-02-15",86.854,86.883,"semi-annually","UNITED STATES TREAS SER BONDS OF FEBRUARY 2056, 4.750%, 15-FEB-2056","2056-02-15-912810UR7"
"2026-10-05T1705","912810US5","TIPS",0.02375,"2056-02-15",81.048,81.21,"semi-annually","UNITED STATES TREAS BDS, 2.375%, 15-FEB-2056","2056-02-15-912810US5"
"2026-10-05T1705","912834ZP6","STRIP","","2056-02-15",19.361,19.511,"","U S TREAS SEC STRIPPED INT PMT, 0.000%, 15-FEB-2056","2056-02-15-912834ZP6"
"2026-10-05T1705","912803HV8","STRIP","","2056-05-15",19.211,19.402,"","UNITED STATES TREAS BD STRIPP ZERO CPN, 0.000%, 15-MAY-2056","2056-05-15-912803HV8"
"2026-10-05T1705","912810UU0","Bond",0.05,"2056-05-15",90.479,90.508,"semi-annually","UNITED STATES TREAS SER BONDS, 5.000%, 15-MAY-2056","2056-05-15-912810UU0"
"2026-10-05T1705","912803HX4","STRIP","","2056-08-15",18.96,19.053,"","UNITED STATES TREAS BD STRIPP ZERO CPN, 0.000%, 15-AUG-2056","2056-08-15-912803HX4"
"2026-10-05T1705","912810UW6","Bond",0.05125,"2056-08-15",92.266,92.281,"semi-annually","UNITED STATES TREAS BDS, 5.125%, 15-AUG-2056","2056-08-15-912810UW6"
"2026-10-05T1705","912834L48","STRIP","","2056-08-15",19.252,19.658,"","U S TREAS SEC STRIPPED INT PMT, 0.000%, 15-AUG-2056","2056-08-15-912834L48"
