asOfDate, cusip, securitytype, rate, maturitydate, bid, ask, frequency, description, key
"2026-10-06T0805","912797VL8","Bill","","2026-10-13",99.936,99.938,"","UNITED STATES TREAS BILLS ZERO CPN, 0.000%, 13-OCT-2026","2026-10-13-912797VL8"
"2026-10-06T0805","912797UK1","Bill","","2026-10-15",99.915,99.917,"","UNITED STATES TREAS BILLS ZERO CPN, 0.000%, 15-OCT-2026","2026-10-15-912797UK1"
"2026-10-06T0805","91282CDC2","TIPS",0.00125,"2026-10-15",99.965,100.036,"semi-annually","UNITED STATES TREAS NTS SER AE-2026, 0.125%, 15-OCT-2026","2026-10-15-91282CDC2"
"2026-10-06T0805","91282CJC6","Bond",0.04625,"2026-10-15",100.005,100.024,"semi-annually","UNITED STATES TREAS SER AT-2026, 4.625%, 15-OCT-2026","2026-10-15-91282CJC6"
"2026-10-06T0805","912797VM6","Bill","","2026-10-20",99.861,99.864,"","UNITED STATES TREAS BILLS ZERO CPN, 0.000%, 20-OCT-2026","2026-10-20-912797VM6"
"2026-10-06T0805","912797UL9","Bill","","2026-10-22",99.84,99.843,"","UNITED STATES TREAS BILLS ZERO CPN, 0.000%, 22-OCT-2026","2026-10-22-912797UL9"
"2026-10-06T0805","912797VN4","Bill","","2026-10-27",99.787,99.79,"","UNITED STATES TREAS BILLS ZERO CPN, 0.000%, 27-OCT-2026","2026-10-27-912797VN4"
"2026-10-06T0805","912797SK4","Bill","","2026-10-29",99.765,99.768,"","UNITED STATES TREAS BILLS ZERO CPN, 0.000%, 29-OCT-2026","2026-10-29-912797SK4"
"2026-10-06T0805","912828YQ7","Bond",0.01625,"2026-10-31",99.824,99.84,"semi-annually","UNITED STATES TREAS SER R-2026, 1.625%, 31-OCT-2026","2026-10-31-912828YQ7"
"2026-10-06T0805","91282CDG3","Bond",0.01125,"2026-10-31",99.793,99.805,"semi-annually","UNITED STATES TREAS SER AF-2026, 1.125%, 31-OCT-2026","2026-10-31-91282CDG3"
"2026-10-06T0805","91282CLS8","Bond",0.04125,"2026-10-31",99.988,99.997,"semi-annually","UNITED STATES TREAS SER BJ-2026, 4.125%, 31-OCT-2026","2026-10-31-91282CLS8"
"2026-10-06T0805","912797VP9","Bill","","2026-11-03",99.709,99.711,"","UNITED STATES TREAS BILLS ZERO CPN, 0.000%, 03-NOV-2026","2026-11-03-912797VP9"
"2026-10-06T0805","912797UM7","Bill","","2026-11-05",99.688,99.69,"","UNITED STATES TREAS BILLS ZERO CPN, 0.000%, 05-NOV-2026","2026-11-05-912797UM7"
"2026-10-06T0805","912797VW4","Bill","","2026-11-10",99.633,99.635,"","UNITED STATES TREAS BILLS ZERO CPN, 0.000%, 10-NOV-2026","2026-11-10-912797VW4"
"2026-10-06T0805","912797UY1","Bill","","2026-11-12",99.609,99.611,"","UNITED STATES TREAS BILLS ZERO CPN, 0.000%, 12-NOV-2026","2026-11-12-912797UY1"
"2026-10-06T0805","912803BJ1","STRIP","","2026-11-15",99.565,99.623,"","UNITED STATES TREAS BD STRIPP ZERO CPN, 0.000%, 15-NOV-2026","2026-11-15-912803BJ1"
"2026-10-06T0805","912810EY0","Bond",0.065,"2026-11-15",100.207,100.359,"semi-annually","UNITED STATES TREAS BDS, 6.500%, 15-NOV-2026","2026-11-15-912810EY0"
"2026-10-06T0805","9128205Y9","STRIP","","2026-11-15",99.555,99.605,"","U S TREAS SEC STRIPPED INT PMT, 0.000%, 15-NOV-2026","2026-11-15-9128205Y9"
"2026-10-06T0805","912828U24","Bond",0.02,"2026-11-15",99.769,99.786,"semi-annually","UNITED STATES TREAS SER F-2026, 2.000%, 15-NOV-2026","2026-11-15-912828U24"
"2026-10-06T0805","91282CJK8","Bond",0.04625,"2026-11-15",100.039,100.051,"semi-annually","UNITED STATES TREAS SER AU-2026, 4.625%, 15-NOV-2026","2026-11-15-91282CJK8"
"2026-10-06T0805","912833PB0","STRIP","","2026-11-15",99.554,99.591,"","U S TREAS SEC STRIPPED INT PMT, 0.000%, 15-NOV-2026","2026-11-15-912833PB0"
"2026-10-06T0805","912797VX2","Bill","","2026-11-17",99.553,99.556,"","UNITED STATES TREAS BILLS ZERO CPN, 0.000%, 17-NOV-2026","2026-11-17-912797VX2"
"2026-10-06T0805","912797UZ8","Bill","","2026-11-19",99.529,99.531,"","UNITED STATES TREAS BILLS ZERO CPN, 0.000%, 19-NOV-2026","2026-11-19-912797UZ8"
"2026-10-06T0805","912797VY0","Bill","","2026-11-24",99.474,99.476,"","UNITED STATES TREAS BILLS ZERO CPN, 0.000%, 24-NOV-2026","2026-11-24-912797VY0"
"2026-10-06T0805","912797SU2","Bill","","2026-11-27",99.439,99.441,"","UNITED STATES TREAS BILLS ZERO CPN, 0.000%, 27-NOV-2026","2026-11-27-912797SU2"
"2026-10-06T0805","912828YU8","Bond",0.01625,"2026-11-30",99.643,99.654,"semi-annually","UNITED STATES TREAS SER S-2026, 1.625%, 30-NOV-2026","2026-11-30-912828YU8"
"2026-10-06T0805","91282CDK4","Bond",0.0125,"2026-11-30",99.589,99.598,"semi-annually","UNITED STATES TREAS SER AG-2026, 1.250%, 30-NOV-2026","2026-11-30-91282CDK4"
"2026-10-06T0805","91282CLY5","Bond",0.0425,"2026-11-30",100.009,100.023,"semi-annually","UNITED STATES TREAS SER BL-2026, 4.250%, 30-NOV-2026","2026-11-30-91282CLY5"
"2026-10-06T0805","912797VZ7","Bill","","2026-12-01",99.394,99.396,"","UNITED STATES TREAS BILLS ZERO CPN, 0.000%, 01-DEC-2026","2026-12-01-912797VZ7"
"2026-10-06T0805","912797VA2","Bill","","2026-12-03",99.373,99.375,"","UNITED STATES TREAS BILLS ZERO CPN, 0.000%, 03-DEC-2026","2026-12-03-912797VA2"
"2026-10-06T0805","912797WE3","Bill","","2026-12-08",99.32,99.323,"","UNITED STATES TREAS BILLS ZERO CPN, 0.000%, 08-DEC-2026","2026-12-08-912797WE3"
"2026-10-06T0805","912797VG9","Bill","","2026-12-10",99.298,99.301,"","UNITED STATES TREAS BILLS ZERO CPN, 0.000%, 10-DEC-2026","2026-12-10-912797VG9"
"2026-10-06T0805","912797WF0","Bill","","2026-12-15",99.246,99.249,"","UNITED STATES TREAS BILLS ZERO CPN, 0.000%, 15-DEC-2026","2026-12-15-912797WF0"
"2026-10-06T0805","91282CJP7","Bond",0.04375,"2026-12-15",100.052,100.064,"semi-annually","UNITED STATES TREAS SER AV-2026, 4.375%, 15-DEC-2026","2026-12-15-91282CJP7"
"2026-10-06T0805","912797VH7","Bill","","2026-12-17",99.216,99.219,"","UNITED STATES TREAS BILLS ZERO CPN, 0.000%, 17-DEC-2026","2026-12-17-912797VH7"
"2026-10-06T0805","912797WG8","Bill","","2026-12-22",99.17,99.172,"","UNITED STATES TREAS BILLS ZERO CPN, 0.000%, 22-DEC-2026","2026-12-22-912797WG8"
"2026-10-06T0805","912797TC1","Bill","","2026-12-24",99.136,99.139,"","UNITED STATES TREAS BILLS ZERO CPN, 0.000%, 24-DEC-2026","2026-12-24-912797TC1"
"2026-10-06T0805","912797WH6","Bill","","2026-12-29",99.085,99.088,"","UNITED STATES TREAS BILLS ZERO CPN, 0.000%, 29-DEC-2026","2026-12-29-912797WH6"
"2026-10-06T0805","912797VJ3","Bill","","2026-12-31",99.05,99.052,"","UNITED STATES TREAS BILLS ZERO CPN, 0.000%, 31-DEC-2026","2026-12-31-912797VJ3"
"2026-10-06T0805","912828YX2","Bond",0.0175,"2026-12-31",99.464,99.477,"semi-annually","UNITED STATES TREAS SER T-2026, 1.750%, 31-DEC-2026","2026-12-31-912828YX2"
"2026-10-06T0805","91282CDQ1","Bond",0.0125,"2026-12-31",99.328,99.338,"semi-annually","UNITED STATES TREAS SER AH-2026, 1.250%, 31-DEC-2026","2026-12-31-91282CDQ1"
"2026-10-06T0805","91282CME8","Bond",0.0425,"2026-12-31",100.003,100.014,"semi-annually","UNITED STATES TREAS SER BM-2026, 4.250%, 31-DEC-2026","2026-12-31-91282CME8"
"2026-10-06T0805","912797WN3","Bill","","2027-01-05",98.994,98.997,"","UNITED STATES TREAS BILLS ZERO CPN, 0.000%, 05-JAN-2027","2027-01-05-912797WN3"
"2026-10-06T0805","912797VS3","Bill","","2027-01-07",98.969,98.972,"","UNITED STATES TREAS BILLS ZERO CPN, 0.000%, 07-JAN-2027","2027-01-07-912797VS3"
"2026-10-06T0805","912797WP8","Bill","","2027-01-12",98.917,98.921,"","UNITED STATES TREAS BILLS ZERO CPN, 0.000%, 12-JAN-2027","2027-01-12-912797WP8"
"2026-10-06T0805","912797VT1","Bill","","2027-01-14",98.894,98.897,"","UNITED STATES TREAS BILLS ZERO CPN, 0.000%, 14-JAN-2027","2027-01-14-912797VT1"
"2026-10-06T0805","912810PS1","TIPS",0.02375,"2027-01-15",100.24,100.301,"semi-annually","UNITED STATES TREAS BDS TIPS, 2.375%, 15-JAN-2027","2027-01-15-912810PS1"
"2026-10-06T0805","912828V49","TIPS",0.00375,"2027-01-15",99.716,99.754,"semi-annually","UNITED STATES TREAS NTS TIPS, 0.375%, 15-JAN-2027","2027-01-15-912828V49"
"2026-10-06T0805","91282CJT9","Bond",0.04,"2027-01-15",99.945,99.96,"semi-annually","UNITED STATES TREAS SER AJ-2027, 4.000%, 15-JAN-2027","2027-01-15-91282CJT9"
"2026-10-06T0805","912797WQ6","Bill","","2027-01-19",98.832,98.835,"","UNITED STATES TREAS BILLS ZERO CPN, 0.000%, 19-JAN-2027","2027-01-19-912797WQ6"
"2026-10-06T0805","912797TM9","Bill","","2027-01-21",98.817,98.82,"","UNITED STATES TREAS BILLS ZERO CPN, 0.000%, 21-JAN-2027","2027-01-21-912797TM9"
"2026-10-06T0805","912797WR4","Bill","","2027-01-26",98.752,98.755,"","UNITED STATES TREAS BILLS ZERO CPN, 0.000%, 26-JAN-2027","2027-01-26-912797WR4"
"2026-10-06T0805","912797VU8","Bill","","2027-01-28",98.73,98.733,"","UNITED STATES TREAS BILLS ZERO CPN, 0.000%, 28-JAN-2027","2027-01-28-912797VU8"
"2026-10-06T0805","912828Z78","Bond",0.015,"2027-01-31",99.147,99.154,"semi-annually","UNITED STATES TREAS SER G-2027, 1.500%, 31-JAN-2027","2027-01-31-912828Z78"
"2026-10-06T0805","91282CMH1","Bond",0.04125,"2027-01-31",99.965,99.975,"semi-annually","UNITED STATES TREAS SER AW-2027, 4.125%, 31-JAN-2027","2027-01-31-91282CMH1"
"2026-10-06T0805","912797WS2","Bill","","2027-02-02",98.663,98.666,"","UNITED STATES TREAS BILLS ZERO CPN, 0.000%, 02-FEB-2027","2027-02-02-912797WS2"
"2026-10-06T0805","912797VV6","Bill","","2027-02-04",98.649,98.654,"","UNITED STATES TREAS BILLS ZERO CPN, 0.000%, 04-FEB-2027","2027-02-04-912797VV6"
"2026-10-06T0805","912797WB9","Bill","","2027-02-11",98.571,98.574,"","UNITED STATES TREAS BILLS ZERO CPN, 0.000%, 11-FEB-2027","2027-02-11-912797WB9"
"2026-10-06T0805","912803BK8","STRIP","","2027-02-15",98.578,98.607,"","UNITED STATES TREAS BD STRIPP ZERO CPN, 0.000%, 15-FEB-2027","2027-02-15-912803BK8"
"2026-10-06T0805","912810EZ7","Bond",0.06625,"2027-02-15",100.882,101.143,"semi-annually","UNITED STATES TREAS BDS, 6.625%, 15-FEB-2027","2027-02-15-912810EZ7"
"2026-10-06T0805","9128206P7","STRIP","","2027-02-15",98.528,98.644,"","U S TREAS SEC STRIPPED INT PMT, 0.000%, 15-FEB-2027","2027-02-15-9128206P7"
"2026-10-06T0805","912828V98","Bond",0.0225,"2027-02-15",99.308,99.317,"semi-annually","UNITED STATES TREAS SER B-2027, 2.250%, 15-FEB-2027","2027-02-15-912828V98"
"2026-10-06T0805","91282CKA8","Bond",0.04125,"2027-02-15",99.962,99.973,"semi-annually","UNITED STATES TREAS SER AK-2027, 4.125%, 15-FEB-2027","2027-02-15-91282CKA8"
"2026-10-06T0805","912833PC8","STRIP","","2027-02-15",98.523,98.551,"","U S TREAS SEC STRIPPED INT PMT, 0.000%, 15-FEB-2027","2027-02-15-912833PC8"
"2026-10-06T0805","912797TV9","Bill","","2027-02-18",98.492,98.496,"","UNITED STATES TREAS BILLS ZERO CPN, 0.000%, 18-FEB-2027","2027-02-18-912797TV9"
"2026-10-06T0805","912797WC7","Bill","","2027-02-25",98.4,98.403,"","UNITED STATES TREAS BILLS ZERO CPN, 0.000%, 25-FEB-2027","2027-02-25-912797WC7"
"2026-10-06T0805","912828ZB9","Bond",0.01125,"2027-02-28",98.8,98.812,"semi-annually","UNITED STATES TREAS NOTE, 1.125%, 28-FEB-2027","2027-02-28-912828ZB9"
"2026-10-06T0805","91282CEC1","Bond",0.01875,"2027-02-28",99.092,99.103,"semi-annually","UNITED STATES TREAS SER V-2027, 1.875%, 28-FEB-2027","2027-02-28-91282CEC1"
"2026-10-06T0805","91282CMP3","Bond",0.04125,"2027-02-28",99.97,99.983,"semi-annually","UNITED STATES TREAS SER AY-2027, 4.125%, 28-FEB-2027","2027-02-28-91282CMP3"
"2026-10-06T0805","912797WD5","Bill","","2027-03-04",98.32,98.326,"","UNITED STATES TREAS BILLS ZERO CPN, 0.000%, 04-MAR-2027","2027-03-04-912797WD5"
"2026-10-06T0805","912797WK9","Bill","","2027-03-11",98.24,98.243,"","UNITED STATES TREAS BILLS ZERO CPN, 0.000%, 11-MAR-2027","2027-03-11-912797WK9"
"2026-10-06T0805","91282CKE0","Bond",0.0425,"2027-03-15",100.02,100.037,"semi-annually","UNITED STATES TREAS SER AL-2027, 4.250%, 15-MAR-2027","2027-03-15-91282CKE0"
"2026-10-06T0805","912797UD7","Bill","","2027-03-18",98.154,98.157,"","UNITED STATES TREAS BILLS, 0.000%, 18-MAR-2027","2027-03-18-912797UD7"
"2026-10-06T0805","912797WL7","Bill","","2027-03-25",98.069,98.072,"","UNITED STATES TREAS BILLS ZERO CPN, 0.000%, 25-MAR-2027","2027-03-25-912797WL7"
"2026-10-06T0805","912828ZE3","Bond",0.00625,"2027-03-31",98.307,98.318,"semi-annually","UNITED STATES TREAS NOTE, 0.625%, 31-MAR-2027","2027-03-31-912828ZE3"
"2026-10-06T0805","91282CEF4","Bond",0.025,"2027-03-31",99.17,99.183,"semi-annually","UNITED STATES TREAS SER W-2027, 2.500%, 31-MAR-2027","2027-03-31-91282CEF4"
"2026-10-06T0805","91282CMV0","Bond",0.03875,"2027-03-31",99.82,99.827,"semi-annually","UNITED STATES TREAS SER AZ-2027, 3.875%, 31-MAR-2027","2027-03-31-91282CMV0"
"2026-10-06T0805","912797WM5","Bill","","2027-04-01",97.98,97.983,"","UNITED STATES TREAS BILLS ZERO CPN, 0.000%, 01-APR-2027","2027-04-01-912797WM5"
"2026-10-06T0805","912797UE5","Bill","","2027-04-15",97.825,97.837,"","UNITED STATES TREAS BILLS ZERO CPN, 0.000%, 15-APR-2027","2027-04-15-912797UE5"
"2026-10-06T0805","91282CEJ6","TIPS",0.00125,"2027-04-15",98.931,98.965,"semi-annually","UNITED STATES TREAS NTS SER X-2027, 0.125%, 15-APR-2027","2027-04-15-91282CEJ6"
"2026-10-06T0805","91282CKJ9","Bond",0.045,"2027-04-15",100.124,100.134,"semi-annually","UNITED STATES TREAS SER AM-2027, 4.500%, 15-APR-2027","2027-04-15-91282CKJ9"
"2026-10-06T0805","912828ZN3","Bond",0.005,"2027-04-30",97.907,97.915,"semi-annually","UNITED STATES TREAS NOTE, 0.500%, 30-APR-2027","2027-04-30-912828ZN3"
"2026-10-06T0805","91282CEN7","Bond",0.0275,"2027-04-30",99.156,99.163,"semi-annually","UNITED STATES TREAS SER Y-2027, 2.750%, 30-APR-2027","2027-04-30-91282CEN7"
"2026-10-06T0805","91282CMY4","Bond",0.0375,"2027-04-30",99.703,99.712,"semi-annually","UNITED STATES TREAS SER BA-2027, 3.750%, 30-APR-2027","2027-04-30-91282CMY4"
"2026-10-06T0805","912797UX3","Bill","","2027-05-13",97.544,97.564,"","UNITED STATES TREAS BILLS ZERO CPN, 0.000%, 13-MAY-2027","2027-05-13-912797UX3"
"2026-10-06T0805","9128207D3","STRIP","","2027-05-15",97.439,97.505,"","U S TREAS SEC STRIPPED INT PMT, 0.000%, 15-MAY-2027","2027-05-15-9128207D3"
"2026-10-06T0805","912828X88","Bond",0.02375,"2027-05-15",98.821,98.831,"semi-annually","UNITED STATES TREAS SER C-2027, 2.375%, 15-MAY-2027","2027-05-15-912828X88"
"2026-10-06T0805","91282CKR1","Bond",0.045,"2027-05-15",100.085,100.101,"semi-annually","UNITED STATES TREAS SER AN-2027, 4.500%, 15-MAY-2027","2027-05-15-91282CKR1"
"2026-10-06T0805","912833PD6","STRIP","","2027-05-15",97.429,97.459,"","U S TREAS SEC STRIPPED INT PMT, 0.000%, 15-MAY-2027","2027-05-15-912833PD6"
"2026-10-06T0805","912828ZS2","Bond",0.005,"2027-05-31",97.561,97.574,"semi-annually","UNITED STATES TREAS SER L-2027, 0.500%, 31-MAY-2027","2027-05-31-912828ZS2"
"2026-10-06T0805","91282CET4","Bond",0.02625,"2027-05-31",98.903,98.914,"semi-annually","UNITED STATES TREAS SER Z-2027, 2.625%, 31-MAY-2027","2027-05-31-91282CET4"
"2026-10-06T0805","91282CNE7","Bond",0.03875,"2027-05-31",99.687,99.695,"semi-annually","UNITED STATES TREAS SER BC-2027, 3.875%, 31-MAY-2027","2027-05-31-91282CNE7"
"2026-10-06T0805","912797VF1","Bill","","2027-06-10",97.202,97.219,"","UNITED STATES TREAS BILLS ZERO CPN, 0.000%, 10-JUN-2027","2027-06-10-912797VF1"
"2026-10-06T0805","91282CKV2","Bond",0.04625,"2027-06-15",100.167,100.176,"semi-annually","UNITED STATES TREAS SER AP-2027, 4.625%, 15-JUN-2027","2027-06-15-91282CKV2"
"2026-10-06T0805","912828ZV5","Bond",0.005,"2027-06-30",97.23,97.241,"semi-annually","UNITED STATES TREAS SER M-2027, 0.500%, 30-JUN-2027","2027-06-30-912828ZV5"
"2026-10-06T0805","91282CEW7","Bond",0.0325,"2027-06-30",99.18,99.196,"semi-annually","UNITED STATES TREAS SER AA-2027, 3.250%, 30-JUN-2027","2027-06-30-91282CEW7"
"2026-10-06T0805","91282CNL1","Bond",0.0375,"2027-06-30",99.54,99.55,"semi-annually","UNITED STATES TREAS SER BD-2027, 3.750%, 30-JUN-2027","2027-06-30-91282CNL1"
"2026-10-06T0805","912797VQ7","Bill","","2027-07-08",96.845,96.865,"","UNITED STATES TREAS BILLS ZERO CPN, 0.000%, 08-JUL-2027","2027-07-08-912797VQ7"
"2026-10-06T0805","9128282L3","TIPS",0.00375,"2027-07-15",98.975,99.008,"semi-annually","UNITED STATES TREAS NTS SER D-2027, 0.375%, 15-JUL-2027","2027-07-15-9128282L3"
"2026-10-06T0805","91282CKZ3","Bond",0.04375,"2027-07-15",99.954,99.964,"semi-annually","UNITED STATES TREAS SER AQ-2027, 4.375%, 15-JUL-2027","2027-07-15-91282CKZ3"
"2026-10-06T0805","91282CAD3","Bond",0.00375,"2027-07-31",96.759,96.778,"semi-annually","UNITED STATES TREAS SER N-2027, 0.375%, 31-JUL-2027","2027-07-31-91282CAD3"
"2026-10-06T0805","91282CFB2","Bond",0.0275,"2027-07-31",98.633,98.641,"semi-annually","UNITED STATES TREAS SER AB-2027, 2.750%, 31-JUL-2027","2027-07-31-91282CFB2"
"2026-10-06T0805","91282CNP2","Bond",0.03875,"2027-07-31",99.523,99.528,"semi-annually","UNITED STATES TREAS SER BE-2027, 3.875%, 31-JUL-2027","2027-07-31-91282CNP2"
"2026-10-06T0805","912797VR5","Bill","","2027-08-05",96.491,96.507,"","UNITED STATES TREAS BILLS ZERO CPN, 0.000%, 05-AUG-2027","2027-08-05-912797VR5"
"2026-10-06T0805","912803BL6","STRIP","","2027-08-15",96.313,96.425,"","UNITED STATES TREAS BD STRIPP ZERO CPN, 0.000%, 15-AUG-2027","2027-08-15-912803BL6"
"2026-10-06T0805","912810FA1","Bond",0.06375,"2027-08-15",101.638,101.769,"semi-annually","UNITED STATES TREAS BDS, 6.375%, 15-AUG-2027","2027-08-15-912810FA1"
"2026-10-06T0805","9128203H8","STRIP","","2027-08-15",96.286,96.507,"","U S TREAS SEC STRIPPED INT PMT, 0.000%, 15-AUG-2027","2027-08-15-9128203H8"
"2026-10-06T0805","9128282R0","Bond",0.0225,"2027-08-15",98.137,98.149,"semi-annually","UNITED STATES TREAS SER E-2027, 2.250%, 15-AUG-2027","2027-08-15-9128282R0"
"2026-10-06T0805","91282CLG4","Bond",0.0375,"2027-08-15",99.381,99.399,"semi-annually","UNITED STATES TREAS SER AR-2027, 3.750%, 15-AUG-2027","2027-08-15-91282CLG4"
"2026-10-06T0805","912833PE4","STRIP","","2027-08-15",96.283,96.343,"","U S TREAS SEC STRIPPED INT PMT, 0.000%, 15-AUG-2027","2027-08-15-912833PE4"
"2026-10-06T0805","91282CAH4","Bond",0.005,"2027-08-31",96.521,96.532,"semi-annually","UNITED STATES TREAS SER P-2027, 0.500%, 31-AUG-2027","2027-08-31-91282CAH4"
"2026-10-06T0805","91282CFH9","Bond",0.03125,"2027-08-31",98.804,98.815,"semi-annually","UNITED STATES TREAS SER AC-2027, 3.125%, 31-AUG-2027","2027-08-31-91282CFH9"
"2026-10-06T0805","91282CNV9","Bond",0.03625,"2027-08-31",99.236,99.25,"semi-annually","UNITED STATES TREAS SER BG-2027, 3.625%, 31-AUG-2027","2027-08-31-91282CNV9"
"2026-10-06T0805","912797WA1","Bill","","2027-09-02",96.173,96.193,"","UNITED STATES TREAS BILLS ZERO CPN, 0.000%, 02-SEP-2027","2027-09-02-912797WA1"
"2026-10-06T0805","91282CLL3","Bond",0.03375,"2027-09-15",98.965,98.98,"semi-annually","UNITED STATES TREAS SER AS-2027, 3.375%, 15-SEP-2027","2027-09-15-91282CLL3"
"2026-10-06T0805","912797WJ2","Bill","","2027-09-30",95.786,95.796,"","UNITED STATES TREAS BILLS ZERO CPN, 0.000%, 30-SEP-2027","2027-09-30-912797WJ2"
"2026-10-06T0805","91282CAL5","Bond",0.00375,"2027-09-30",96.053,96.07,"semi-annually","UNITED STATES TREAS SER Q-2027, 0.375%, 30-SEP-2027","2027-09-30-91282CAL5"
"2026-10-06T0805","91282CFM8","Bond",0.04125,"2027-09-30",99.625,99.641,"semi-annually","UNITED STATES TREAS SER AD-2027, 4.125%, 30-SEP-2027","2027-09-30-91282CFM8"
"2026-10-06T0805","91282CPB1","Bond",0.035,"2027-09-30",99.026,99.036,"semi-annually","UNITED STATES TREAS SER BH-2027, 3.500%, 30-SEP-2027","2027-09-30-91282CPB1"
"2026-10-06T0805","91282CFR7","TIPS",0.01625,"2027-10-15",99.502,99.536,"semi-annually","UNITED STATES TREAS NTS SER AE-2027, 1.625%, 15-OCT-2027","2027-10-15-91282CFR7"
"2026-10-06T0805","91282CLQ2","Bond",0.03875,"2027-10-15",99.343,99.356,"semi-annually","UNITED STATES TREAS SER AT-2027, 3.875%, 15-OCT-2027","2027-10-15-91282CLQ2"
"2026-10-06T0805","91282CAU5","Bond",0.005,"2027-10-31",95.812,95.828,"semi-annually","UNITED STATES TREAS SER R-2027, 0.500%, 31-OCT-2027","2027-10-31-91282CAU5"
"2026-10-06T0805","91282CFU0","Bond",0.04125,"2027-10-31",99.54,99.548,"semi-annually","UNITED STATES TREAS SER AF-2027, 4.125%, 31-OCT-2027","2027-10-31-91282CFU0"
"2026-10-06T0805","91282CPE5","Bond",0.035,"2027-10-31",98.904,98.911,"semi-annually","UNITED STATES TREAS SER BJ-2027, 3.500%, 31-OCT-2027","2027-10-31-91282CPE5"
"2026-10-06T0805","912803BM4","STRIP","","2027-11-15",95.164,95.272,"","UNITED STATES TREAS BD STRIPP ZERO CPN, 0.000%, 15-NOV-2027","2027-11-15-912803BM4"
"2026-10-06T0805","912810FB9","Bond",0.06125,"2027-11-15",101.585,101.817,"semi-annually","UNITED STATES TREAS BDS, 6.125%, 15-NOV-2027","2027-11-15-912810FB9"
"2026-10-06T0805","9128203W5","STRIP","","2027-11-15",95.085,95.416,"","U S TREAS SEC STRIPPED INT PMT, 0.000%, 15-NOV-2027","2027-11-15-9128203W5"
"2026-10-06T0805","9128283F5","Bond",0.0225,"2027-11-15",97.5,97.513,"semi-annually","UNITED STATES TREAS SER F-2027, 2.250%, 15-NOV-2027","2027-11-15-9128283F5"
"2026-10-06T0805","91282CLX7","Bond",0.04125,"2027-11-15",99.5,99.505,"semi-annually","UNITED STATES TREAS SER AU-2027, 4.125%, 15-NOV-2027","2027-11-15-91282CLX7"
"2026-10-06T0805","912833QB9","STRIP","","2027-11-15",95.108,95.158,"","U S TREAS SEC STRIPPED INT PMT, 0.000%, 15-NOV-2027","2027-11-15-912833QB9"
"2026-10-06T0805","91282CAY7","Bond",0.00625,"2027-11-30",95.6,95.613,"semi-annually","UNITED STATES TREAS SER S-2027, 0.625%, 30-NOV-2027","2027-11-30-91282CAY7"
"2026-10-06T0805","91282CFZ9","Bond",0.03875,"2027-11-30",99.188,99.2,"semi-annually","UNITED STATES TREAS SER AG-2027, 3.875%, 30-NOV-2027","2027-11-30-91282CFZ9"
"2026-10-06T0805","91282CPL9","Bond",0.03375,"2027-11-30",98.634,98.644,"semi-annually","UNITED STATES TREAS SER BL-2027, 3.375%, 30-NOV-2027","2027-11-30-91282CPL9"
"2026-10-06T0805","91282CMB4","Bond",0.04,"2027-12-15",99.297,99.313,"semi-annually","UNITED STATES TREAS SER AV-2027, 4.000%, 15-DEC-2027","2027-12-15-91282CMB4"
"2026-10-06T0805","91282CBB6","Bond",0.00625,"2027-12-31",95.265,95.286,"semi-annually","UNITED STATES TREAS SER T-2027, 0.625%, 31-DEC-2027","2027-12-31-91282CBB6"
"2026-10-06T0805","91282CGC9","Bond",0.03875,"2027-12-31",99.104,99.122,"semi-annually","UNITED STATES TREAS SER AH-2027, 3.875%, 31-DEC-2027","2027-12-31-91282CGC9"
"2026-10-06T0805","91282CPS4","Bond",0.03375,"2027-12-31",98.507,98.528,"semi-annually","UNITED STATES TREAS SER BM-2027, 3.375%, 31-DEC-2027","2027-12-31-91282CPS4"
"2026-10-06T0805","912810PV4","TIPS",0.0175,"2028-01-15",99.046,99.089,"semi-annually","UNITED STATES TREASURY, 1.750%, 15-JAN-2028","2028-01-15-912810PV4"
"2026-10-06T0805","9128283R9","TIPS",0.005,"2028-01-15",97.496,97.534,"semi-annually","UNITED STATES TREAS NTS SER A-2028, 0.500%, 15-JAN-2028","2028-01-15-9128283R9"
"2026-10-06T0805","91282CMF5","Bond",0.0425,"2028-01-15",99.491,99.503,"semi-annually","UNITED STATES TREAS SER AJ-2028, 4.250%, 15-JAN-2028","2028-01-15-91282CMF5"
"2026-10-06T0805","91282CBJ9","Bond",0.0075,"2028-01-31",95.059,95.069,"semi-annually","UNITED STATES TREAS SER G-2028, 0.750%, 31-JAN-2028","2028-01-31-91282CBJ9"
"2026-10-06T0805","91282CGH8","Bond",0.035,"2028-01-31",98.527,98.539,"semi-annually","UNITED STATES TREAS SER U-2028, 3.500%, 31-JAN-2028","2028-01-31-91282CGH8"
"2026-10-06T0805","9128204M6","STRIP","","2028-02-15",93.889,93.959,"","U S TREAS SEC STRIPPED INT PMT, 0.000%, 15-FEB-2028","2028-02-15-9128204M6"
"2026-10-06T0805","9128283W8","Bond",0.0275,"2028-02-15",97.487,97.497,"semi-annually","UNITED STATES TREAS NOTES, 2.750%, 15-FEB-2028","2028-02-15-9128283W8"
"2026-10-06T0805","91282CMN8","Bond",0.0425,"2028-02-15",99.441,99.449,"semi-annually","UNITED STATES TREAS SER AK-2028, 4.250%, 15-FEB-2028","2028-02-15-91282CMN8"
"2026-10-06T0805","912833RY8","STRIP","","2028-02-15",93.892,93.945,"","U S TREAS SEC STRIPPED INT PMT, 0.000%, 15-FEB-2028","2028-02-15-912833RY8"
"2026-10-06T0805","91282CBP5","Bond",0.01125,"2028-02-29",95.231,95.243,"semi-annually","UNITED STATES TREAS SER H-2028, 1.125%, 29-FEB-2028","2028-02-29-91282CBP5"
"2026-10-06T0805","91282CGP0","Bond",0.04,"2028-02-29",99.087,99.096,"semi-annually","UNITED STATES TREAS SER V-2028, 4.000%, 29-FEB-2028","2028-02-29-91282CGP0"
"2026-10-06T0805","91282CQB0","Bond",0.03375,"2028-02-29",98.254,98.268,"semi-annually","UNITED STATES TREAS SER AY-2028, 3.375%, 29-FEB-2028","2028-02-29-91282CQB0"
"2026-10-06T0805","91282CMS7","Bond",0.03875,"2028-03-15",98.883,98.891,"semi-annually","UNITED STATES TREAS SER AL-2028, 3.875%, 15-MAR-2028","2028-03-15-91282CMS7"
"2026-10-06T0805","91282CBS9","Bond",0.0125,"2028-03-31",95.113,95.122,"semi-annually","UNITED STATES TREAS SER J-2028, 1.250%, 31-MAR-2028","2028-03-31-91282CBS9"
"2026-10-06T0805","91282CGT2","Bond",0.03625,"2028-03-31",98.48,98.485,"semi-annually","UNITED STATES TREAS SER W-2028, 3.625%, 31-MAR-2028","2028-03-31-91282CGT2"
"2026-10-06T0805","91282CQH7","Bond",0.03875,"2028-03-31",98.827,98.835,"semi-annually","UNITED STATES TREAS SER AZ-2028, 3.875%, 31-MAR-2028","2028-03-31-91282CQH7"
"2026-10-06T0805","912810FD5","TIPS",0.03625,"2028-04-15",101.528,101.572,"semi-annually","UNITED STATES TREAS BDS, 3.625%, 15-APR-2028","2028-04-15-912810FD5"
"2026-10-06T0805","91282CGW5","TIPS",0.0125,"2028-04-15",97.996,98.035,"semi-annually","UNITED STATES TREAS NTS SER X-2028, 1.250%, 15-APR-2028","2028-04-15-91282CGW5"
"2026-10-06T0805","91282CMW8","Bond",0.0375,"2028-04-15",98.601,98.606,"semi-annually","UNITED STATES TREAS SER AM-2028, 3.750%, 15-APR-2028","2028-04-15-91282CMW8"
"2026-10-06T0805","91282CBZ3","Bond",0.0125,"2028-04-30",94.81,94.832,"semi-annually","UNITED STATES TREAS SER K-2028, 1.250%, 30-APR-2028","2028-04-30-91282CBZ3"
"2026-10-06T0805","91282CHA2","Bond",0.035,"2028-04-30",98.178,98.186,"semi-annually","UNITED STATES TREAS SER Y-2028, 3.500%, 30-APR-2028","2028-04-30-91282CHA2"
"2026-10-06T0805","91282CQL8","Bond",0.0375,"2028-04-30",98.543,98.553,"semi-annually","UNITED STATES TREAS SER BA-2028, 3.750%, 30-APR-2028","2028-04-30-91282CQL8"
"2026-10-06T0805","9128205B9","STRIP","","2028-05-15",92.76,92.863,"","U S TREAS SEC STRIPPED INT PMT, 0.000%, 15-MAY-2028","2028-05-15-9128205B9"
"2026-10-06T0805","9128284N7","Bond",0.02875,"2028-05-15",97.156,97.172,"semi-annually","UNITED STATES TREAS SER C-2028, 2.875%, 15-MAY-2028","2028-05-15-9128284N7"
"2026-10-06T0805","91282CND9","Bond",0.0375,"2028-05-15",98.499,98.507,"semi-annually","UNITED STATES TREAS SER AN-2028, 3.750%, 15-MAY-2028","2028-05-15-91282CND9"
"2026-10-06T0805","912833WQ9","STRIP","","2028-05-15",92.735,92.795,"","U S TREAS SEC STRIPPED INT PMT, 0.000%, 15-MAY-2028","2028-05-15-912833WQ9"
"2026-10-06T0805","91282CCE9","Bond",0.0125,"2028-05-31",94.527,94.547,"semi-annually","UNITED STATES TREAS SER L-2028, 1.250%, 31-MAY-2028","2028-05-31-91282CCE9"
"2026-10-06T0805","91282CHE4","Bond",0.03625,"2028-05-31",98.248,98.26,"semi-annually","UNITED STATES TREAS SER Z-2028, 3.625%, 31-MAY-2028","2028-05-31-91282CHE4"
"2026-10-06T0805","91282CQS3","Bond",0.04,"2028-05-31",98.835,98.841,"semi-annually","UNITED STATES TREAS SER BC-2028, 4.000%, 31-MAY-2028","2028-05-31-91282CQS3"
"2026-10-06T0805","91282CNH0","Bond",0.03875,"2028-06-15",98.593,98.606,"semi-annually","UNITED STATES TREAS SER AP-2028, 3.875%, 15-JUN-2028","2028-06-15-91282CNH0"
"2026-10-06T0805","91282CCH2","Bond",0.0125,"2028-06-30",94.246,94.261,"semi-annually","UNITED STATES TREAS SER M-2028, 1.250%, 30-JUN-2028","2028-06-30-91282CCH2"
"2026-10-06T0805","91282CHK0","Bond",0.04,"2028-06-30",98.773,98.78,"semi-annually","UNITED STATES TREAS SER AA-2028, 4.000%, 30-JUN-2028","2028-06-30-91282CHK0"
"2026-10-06T0805","91282CQY0","Bond",0.04125,"2028-06-30",98.96,98.968,"semi-annually","UNITED STATES TREAS SER BD-2028, 4.125%, 30-JUN-2028","2028-06-30-91282CQY0"
"2026-10-06T0805","912828Y38","TIPS",0.0075,"2028-07-15",97.363,97.402,"semi-annually","UNITED STATES TREAS NTS SER D-2028, 0.750%, 15-JUL-2028","2028-07-15-912828Y38"
"2026-10-06T0805","91282CNM9","Bond",0.03875,"2028-07-15",98.502,98.511,"semi-annually","UNITED STATES TREAS SER AQ-2028, 3.875%, 15-JUL-2028","2028-07-15-91282CNM9"
"2026-10-06T0805","91282CCR0","Bond",0.01,"2028-07-31",93.52,93.535,"semi-annually","UNITED STATES TREAS SER N-2028, 1.000%, 31-JUL-2028","2028-07-31-91282CCR0"
"2026-10-06T0805","91282CHQ7","Bond",0.04125,"2028-07-31",98.897,98.912,"semi-annually","UNITED STATES TREAS SER AB-2028, 4.125%, 31-JUL-2028","2028-07-31-91282CHQ7"
"2026-10-06T0805","91282CRB9","Bond",0.0425,"2028-07-31",99.1,99.105,"semi-annually","UNITED STATES TREAS SER BE-2028, 4.250%, 31-JUL-2028","2028-07-31-91282CRB9"
"2026-10-06T0805","912803BP7","STRIP","","2028-08-15",91.649,91.777,"","UNITED STATES TREAS BD STRIPP ZERO CPN, 0.000%, 15-AUG-2028","2028-08-15-912803BP7"
"2026-10-06T0805","912810FE3","Bond",0.055,"2028-08-15",101.269,101.5,"semi-annually","UNITED STATES TREAS BDS, 5.500%, 15-AUG-2028","2028-08-15-912810FE3"
"2026-10-06T0805","912821AH8","STRIP","","2028-08-15",91.515,92.242,"","U S TREAS NT STRIPPED PRIN PMT, 0.000%, 15-AUG-2028","2028-08-15-912821AH8"
"2026-10-06T0805","9128284V9","Bond",0.02875,"2028-08-15",96.666,96.681,"semi-annually","UNITED STATES TREAS SER E-2028, 2.875%, 15-AUG-2028","2028-08-15-9128284V9"
"2026-10-06T0805","91282CNU1","Bond",0.03625,"2028-08-15",97.975,97.981,"semi-annually","UNITED STATES TREAS SER AR-2028, 3.625%, 15-AUG-2028","2028-08-15-91282CNU1"
"2026-10-06T0805","912833RZ5","STRIP","","2028-08-15",91.588,91.675,"","U S TREAS SEC STRIPPED INT PMT, 0.000%, 15-AUG-2028","2028-08-15-912833RZ5"
"2026-10-06T0805","91282CCV1","Bond",0.01125,"2028-08-31",93.446,93.458,"semi-annually","UNITED STATES TREAS SER P-2028, 1.125%, 31-AUG-2028","2028-08-31-91282CCV1"
"2026-10-06T0805","91282CHX2","Bond",0.04375,"2028-08-31",99.275,99.282,"semi-annually","UNITED STATES TREAS SER AC-2028, 4.375%, 31-AUG-2028","2028-08-31-91282CHX2"
"2026-10-06T0805","91282CRH6","Bond",0.04125,"2028-08-31",98.825,98.831,"semi-annually","UNITED STATES TREAS SER BG-2028, 4.125%, 31-AUG-2028","2028-08-31-91282CRH6"
"2026-10-06T0805","91282CNY3","Bond",0.03375,"2028-09-15",97.415,97.425,"semi-annually","UNITED STATES TREAS SER AS-2028, 3.375%, 15-SEP-2028","2028-09-15-91282CNY3"
"2026-10-06T0805","91282CCY5","Bond",0.0125,"2028-09-30",93.383,93.399,"semi-annually","UNITED STATES TREAS SER Q-2028, 1.250%, 30-SEP-2028","2028-09-30-91282CCY5"
"2026-10-06T0805","91282CJA0","Bond",0.04625,"2028-09-30",99.673,99.685,"semi-annually","UNITED STATES TREAS SER AD-2028, 4.625%, 30-SEP-2028","2028-09-30-91282CJA0"
"2026-10-06T0805","91282CRP8","Bond",0.0475,"2028-09-30",99.934,99.937,"semi-annually","UNITED STATES TREAS SER BH-2028, 4.750%, 30-SEP-2028","2028-09-30-91282CRP8"
"2026-10-06T0805","91282CJH5","TIPS",0.02375,"2028-10-15",100.042,100.075,"semi-annually","UNITED STATES TREAS NTS SER AE-2028, 2.375%, 15-OCT-2028","2028-10-15-91282CJH5"
"2026-10-06T0805","91282CPC9","Bond",0.035,"2028-10-15",97.509,97.521,"semi-annually","UNITED STATES TREAS SER AT-2028, 3.500%, 15-OCT-2028","2028-10-15-91282CPC9"
"2026-10-06T0805","91282CDF5","Bond",0.01375,"2028-10-31",93.323,93.341,"semi-annually","UNITED STATES TREAS SER R-2028, 1.375%, 31-OCT-2028","2028-10-31-91282CDF5"
"2026-10-06T0805","91282CJF9","Bond",0.04875,"2028-10-31",100.125,100.14,"semi-annually","UNITED STATES TREAS SER AF-2028, 4.875%, 31-OCT-2028","2028-10-31-91282CJF9"
"2026-10-06T0805","912803BV4","STRIP","","2028-11-15",90.535,90.649,"","UNITED STATES TREAS BD STRIPP ZERO CPN, 0.000%, 15-NOV-2028","2028-11-15-912803BV4"
"2026-10-06T0805","912810FF0","Bond",0.0525,"2028-11-15",100.89,101.106,"semi-annually","UNITED STATES TREAS BDS, 5.250%, 15-NOV-2028","2028-11-15-912810FF0"
"2026-10-06T0805","912821AW5","STRIP","","2028-11-15",90.352,90.726,"","U S TREAS NT STRIPPED PRIN PMT, 0.000%, 15-NOV-2028","2028-11-15-912821AW5"
"2026-10-06T0805","9128285M8","Bond",0.03125,"2028-11-15",96.66,96.688,"semi-annually","UNITED STATES TREAS SER F-2028, 3.125%, 15-NOV-2028","2028-11-15-9128285M8"
"2026-10-06T0805","91282CPK1","Bond",0.035,"2028-11-15",97.391,97.404,"semi-annually","UNITED STATES TREAS SER AU-2028, 3.500%, 15-NOV-2028","2028-11-15-91282CPK1"
"2026-10-06T0805","912833WR7","STRIP","","2028-11-15",90.42,90.488,"","U S TREAS SEC STRIPPED INT PMT, 0.000%, 15-NOV-2028","2028-11-15-912833WR7"
"2026-10-06T0805","91282CDL2","Bond",0.015,"2028-11-30",93.284,93.301,"semi-annually","UNITED STATES TREAS SER S-2028, 1.500%, 30-NOV-2028","2028-11-30-91282CDL2"
"2026-10-06T0805","91282CJN2","Bond",0.04375,"2028-11-30",99.089,99.111,"semi-annually","UNITED STATES TREAS SER AG-2028, 4.375%, 30-NOV-2028","2028-11-30-91282CJN2"
"2026-10-06T0805","91282CPP0","Bond",0.035,"2028-12-15",97.272,97.291,"semi-annually","UNITED STATES TREAS SER AV-2028, 3.500%, 15-DEC-2028","2028-12-15-91282CPP0"
"2026-10-06T0805","91282CDP3","Bond",0.01375,"2028-12-31",92.761,92.785,"semi-annually","UNITED STATES TREAS SER T-2028, 1.375%, 31-DEC-2028","2028-12-31-91282CDP3"
"2026-10-06T0805","91282CJR3","Bond",0.0375,"2028-12-31",97.735,97.75,"semi-annually","UNITED STATES TREAS SER AH-2028, 3.750%, 31-DEC-2028","2028-12-31-91282CJR3"
"2026-10-06T0805","912810PZ5","TIPS",0.025,"2029-01-15",99.933,99.984,"semi-annually","UNITED STATES TREAS BDS, 2.500%, 15-JAN-2029","2029-01-15-912810PZ5"
"2026-10-06T0805","9128285W6","TIPS",0.00875,"2029-01-15",96.387,96.418,"semi-annually","UNITED STATES TREAS NTS SER A-2029, 0.875%, 15-JAN-2029","2029-01-15-9128285W6"
"2026-10-06T0805","91282CPT2","Bond",0.035,"2029-01-15",97.128,97.145,"semi-annually","UNITED STATES TREAS SER AJ-2029, 3.500%, 15-JAN-2029","2029-01-15-91282CPT2"
"2026-10-06T0805","91282CDW8","Bond",0.0175,"2029-01-31",93.291,93.312,"semi-annually","UNITED STATES TREAS SER G-2029, 1.750%, 31-JAN-2029","2029-01-31-91282CDW8"
"2026-10-06T0805","91282CJW2","Bond",0.04,"2029-01-31",98.154,98.18,"semi-annually","UNITED STATES TREAS SER U-2029, 4.000%, 31-JAN-2029","2029-01-31-91282CJW2"
"2026-10-06T0805","912803BW2","STRIP","","2029-02-15",89.411,89.503,"","UNITED STATES TREAS BD STRIPP ZERO CPN, 0.000%, 15-FEB-2029","2029-02-15-912803BW2"
"2026-10-06T0805","912810FG8","Bond",0.0525,"2029-02-15",100.987,101.232,"semi-annually","UNITED STATES TREAS BDS, 5.250%, 15-FEB-2029","2029-02-15-912810FG8"
"2026-10-06T0805","912821BL8","STRIP","","2029-02-15",89.012,89.687,"","U S TREAS NT STRIPPED PRIN PMT, 0.000%, 15-FEB-2029","2029-02-15-912821BL8"
"2026-10-06T0805","9128286B1","Bond",0.02625,"2029-02-15",95.085,95.108,"semi-annually","UNITED STATES TREAS SER B-2029, 2.625%, 15-FEB-2029","2029-02-15-9128286B1"
"2026-10-06T0805","91282CQA2","Bond",0.035,"2029-02-15",97.005,97.019,"semi-annually","UNITED STATES TREAS SER AK-2029, 3.500%, 15-FEB-2029","2029-02-15-91282CQA2"
"2026-10-06T0805","912833XN5","STRIP","","2029-02-15",89.151,89.222,"","U S TREAS SEC STRIPPED INT PMT, 0.000%, 15-FEB-2029","2029-02-15-912833XN5"
"2026-10-06T0805","91282CEB3","Bond",0.01875,"2029-02-28",93.314,93.34,"semi-annually","UNITED STATES TREAS SER H-2029, 1.875%, 28-FEB-2029","2029-02-28-91282CEB3"
"2026-10-06T0805","91282CKD2","Bond",0.0425,"2029-02-28",98.653,98.673,"semi-annually","UNITED STATES TREAS SER V-2029, 4.250%, 28-FEB-2029","2029-02-28-91282CKD2"
"2026-10-06T0805","91282CQE4","Bond",0.035,"2029-03-15",96.914,96.926,"semi-annually","UNITED STATES TREAS SER AL-2029, 3.500%, 15-MAR-2029","2029-03-15-91282CQE4"
"2026-10-06T0805","91282CEE7","Bond",0.02375,"2029-03-31",94.222,94.243,"semi-annually","UNITED STATES TREAS SER J-2029, 2.375%, 31-MAR-2029","2029-03-31-91282CEE7"
"2026-10-06T0805","91282CKG5","Bond",0.04125,"2029-03-31",98.287,98.305,"semi-annually","UNITED STATES TREAS SER W-2029, 4.125%, 31-MAR-2029","2029-03-31-91282CKG5"
"2026-10-06T0805","912810FH6","TIPS",0.03875,"2029-04-15",103.095,103.139,"semi-annually","UNITED STATES TREAS BDS, 3.875%, 15-APR-2029","2029-04-15-912810FH6"
"2026-10-06T0805","91282CKL4","TIPS",0.02125,"2029-04-15",98.857,98.877,"semi-annually","UNITED STATES TREAS NTS SER X-2029, 2.125%, 15-APR-2029","2029-04-15-91282CKL4"
"2026-10-06T0805","91282CQJ3","Bond",0.03875,"2029-04-15",97.652,97.664,"semi-annually","UNITED STATES TREAS SER AM-2029, 3.875%, 15-APR-2029","2029-04-15-91282CQJ3"
"2026-10-06T0805","91282CEM9","Bond",0.02875,"2029-04-30",95.223,95.243,"semi-annually","UNITED STATES TREAS SER K-2029, 2.875%, 30-APR-2029","2029-04-30-91282CEM9"
"2026-10-06T0805","91282CKP5","Bond",0.04625,"2029-04-30",99.421,99.436,"semi-annually","UNITED STATES TREAS SER Y-2029, 4.625%, 30-APR-2029","2029-04-30-91282CKP5"
"2026-10-06T0805","912821CA1","STRIP","","2029-05-15",88.139,88.231,"","U S TREAS NT STRIPPED PRIN PMT, 0.000%, 15-MAY-2029","2029-05-15-912821CA1"
"2026-10-06T0805","9128286T2","Bond",0.02375,"2029-05-15",93.951,93.971,"semi-annually","UNITED STATES TREAS SER C-2029, 2.375%, 15-MAY-2029","2029-05-15-9128286T2"
"2026-10-06T0805","91282CQR5","Bond",0.03875,"2029-05-15",97.57,97.583,"semi-annually","UNITED STATES TREASURY NOTE, 3.875%, 15-MAY-2029","2029-05-15-91282CQR5"
"2026-10-06T0805","912833XS4","STRIP","","2029-05-15",88.032,88.124,"","U S TREAS SEC STRIPPED INT PMT, 0.000%, 15-MAY-2029","2029-05-15-912833XS4"
"2026-10-06T0805","91282CES6","Bond",0.0275,"2029-05-31",94.755,94.778,"semi-annually","UNITED STATES TREAS SER L-2029, 2.750%, 31-MAY-2029","2029-05-31-91282CES6"
"2026-10-06T0805","91282CKT7","Bond",0.045,"2029-05-31",99.054,99.071,"semi-annually","UNITED STATES TREAS SER Z-2029, 4.500%, 31-MAY-2029","2029-05-31-91282CKT7"
"2026-10-06T0805","91282CQV6","Bond",0.04125,"2029-06-15",98.096,98.108,"semi-annually","UNITED STATES TREAS SER AP-2029, 4.125%, 15-JUN-2029","2029-06-15-91282CQV6"
"2026-10-06T0805","91282CEV9","Bond",0.0325,"2029-06-30",95.844,95.868,"semi-annually","UNITED STATES TREAS SER M-2029, 3.250%, 30-JUN-2029","2029-06-30-91282CEV9"
"2026-10-06T0805","91282CKX8","Bond",0.0425,"2029-06-30",98.366,98.387,"semi-annually","UNITED STATES TREAS SER AA-2029, 4.250%, 30-JUN-2029","2029-06-30-91282CKX8"
"2026-10-06T0805","9128287D6","TIPS",0.0025,"2029-07-15",94.262,94.292,"semi-annually","UNITED STATES TREAS NTS SER D-2029, 0.250%, 15-JUL-2029","2029-07-15-9128287D6"
"2026-10-06T0805","91282CQZ7","Bond",0.04125,"2029-07-15",98.013,98.023,"semi-annually","UNITED STATES TREAS SER AQ-2029, 4.125%, 15-JUL-2029","2029-07-15-91282CQZ7"
"2026-10-06T0805","91282CFC0","Bond",0.02625,"2029-07-31",94.077,94.101,"semi-annually","UNITED STATES TREAS SER N-2029, 2.625%, 31-JUL-2029","2029-07-31-91282CFC0"
"2026-10-06T0805","91282CLC3","Bond",0.04,"2029-07-31",97.65,97.665,"semi-annually","UNITED STATES TREAS SER AB-2029, 4.000%, 31-JUL-2029","2029-07-31-91282CLC3"
"2026-10-06T0805","912803CG6","STRIP","","2029-08-15",87.079,87.196,"","UNITED STATES TREAS BD STRIPP ZERO CPN, 0.000%, 15-AUG-2029","2029-08-15-912803CG6"
"2026-10-06T0805","912810FJ2","Bond",0.06125,"2029-08-15",103.226,103.451,"semi-annually","UNITED STATES TREAS BDS, 6.125%, 15-AUG-2029","2029-08-15-912810FJ2"
"2026-10-06T0805","912821CR4","STRIP","","2029-08-15",86.943,87.67,"","U S TREAS NT STRIPPED PRIN PMT, 0.000%, 15-AUG-2029","2029-08-15-912821CR4"
"2026-10-06T0805","912828YB0","Bond",0.01625,"2029-08-15",91.416,91.442,"semi-annually","UNITED STATES TREAS SER E-2029, 1.625%, 15-AUG-2029","2029-08-15-912828YB0"
"2026-10-06T0805","91282CRG8","Bond",0.0425,"2029-08-15",98.273,98.279,"semi-annually","UNITED STATES TREAS SER AR-2029, 4.250%, 15-AUG-2029","2029-08-15-91282CRG8"
"2026-10-06T0805","912833XP0","STRIP","","2029-08-15",86.916,86.987,"","U S TREAS SEC STRIPPED INT PMT, 0.000%, 15-AUG-2029","2029-08-15-912833XP0"
"2026-10-06T0805","91282CFJ5","Bond",0.03125,"2029-08-31",95.226,95.247,"semi-annually","UNITED STATES TREAS SER P-2029, 3.125%, 31-AUG-2029","2029-08-31-91282CFJ5"
"2026-10-06T0805","91282CLK5","Bond",0.03625,"2029-08-31",96.555,96.567,"semi-annually","UNITED STATES TREAS SER AC-2029, 3.625%, 31-AUG-2029","2029-08-31-91282CLK5"
"2026-10-06T0805","91282CRL7","Bond",0.04375,"2029-09-15",98.547,98.552,"semi-annually","UNITED STATES TREAS SER AS-2029, 4.375%, 15-SEP-2029","2029-09-15-91282CRL7"
"2026-10-06T0805","91282CFL0","Bond",0.03875,"2029-09-30",97.147,97.172,"semi-annually","UNITED STATES TREAS SER Q-2029, 3.875%, 30-SEP-2029","2029-09-30-91282CFL0"
"2026-10-06T0805","91282CLN9","Bond",0.035,"2029-09-30",96.129,96.144,"semi-annually","UNITED STATES TREAS SER AD-2029, 3.500%, 30-SEP-2029","2029-09-30-91282CLN9"
"2026-10-06T0805","91282CLV1","TIPS",0.01625,"2029-10-15",97.588,97.615,"semi-annually","UNITED STATES TREAS NTS SER AE-2029, 1.625%, 15-OCT-2029","2029-10-15-91282CLV1"
"2026-10-06T0805","91282CFT3","Bond",0.04,"2029-10-31",97.394,97.422,"semi-annually","UNITED STATES TREAS SER R-2029, 4.000%, 31-OCT-2029","2029-10-31-91282CFT3"
"2026-10-06T0805","91282CLR0","Bond",0.04125,"2029-10-31",97.749,97.77,"semi-annually","UNITED STATES TREAS SER AF-2029, 4.125%, 31-OCT-2029","2029-10-31-91282CLR0"
"2026-10-06T0805","912821DF9","STRIP","","2029-11-15",86.01,86.113,"","U S TREAS NT STRIPPED PRIN PMT, 0.000%, 15-NOV-2029","2029-11-15-912821DF9"
"2026-10-06T0805","912828YS3","Bond",0.0175,"2029-11-15",90.996,91.023,"semi-annually","UNITED STATES TREAS SER F-2029, 1.750%, 15-NOV-2029","2029-11-15-912828YS3"
"2026-10-06T0805","912833XT2","STRIP","","2029-11-15",85.791,85.882,"","U S TREAS SEC STRIPPED INT PMT, 0.000%, 15-NOV-2029","2029-11-15-912833XT2"
"2026-10-06T0805","91282CFY2","Bond",0.03875,"2029-11-30",96.941,96.969,"semi-annually","UNITED STATES TREAS SER S-2029, 3.875%, 30-NOV-2029","2029-11-30-91282CFY2"
"2026-10-06T0805","91282CMA6","Bond",0.04125,"2029-11-30",97.678,97.694,"semi-annually","UNITED STATES TREAS SER AG-2029, 4.125%, 30-NOV-2029","2029-11-30-91282CMA6"
"2026-10-06T0805","91282CGB1","Bond",0.03875,"2029-12-31",96.849,96.868,"semi-annually","UNITED STATES TREAS SER T-2029, 3.875%, 31-DEC-2029","2029-12-31-91282CGB1"
"2026-10-06T0805","91282CMD0","Bond",0.04375,"2029-12-31",98.342,98.362,"semi-annually","UNITED STATES TREAS SER AH-2029, 4.375%, 31-DEC-2029","2029-12-31-91282CMD0"
"2026-10-06T0805","912828Z37","TIPS",0.00125,"2030-01-15",92.376,92.409,"semi-annually","UNITED STATES TREAS NTS SER A-2030, 0.125%, 15-JAN-2030","2030-01-15-912828Z37"
"2026-10-06T0805","91282CGJ4","Bond",0.035,"2030-01-31",95.629,95.644,"semi-annually","UNITED STATES TREAS SER G-2030, 3.500%, 31-JAN-2030","2030-01-31-91282CGJ4"
"2026-10-06T0805","91282CMG3","Bond",0.0425,"2030-01-31",97.887,97.901,"semi-annually","UNITED STATES TREAS SER U-2030, 4.250%, 31-JAN-2030","2030-01-31-91282CMG3"
"2026-10-06T0805","912821DV4","STRIP","","2030-02-15",84.885,85.01,"","U S TREAS NT STRIPPED PRIN PMT, 0.000%, 15-FEB-2030","2030-02-15-912821DV4"
"2026-10-06T0805","912828Z94","Bond",0.015,"2030-02-15",89.472,89.493,"semi-annually","UNITED STATES TREAS NTS NOTE, 1.500%, 15-FEB-2030","2030-02-15-912828Z94"
"2026-10-06T0805","912833XX3","STRIP","","2030-02-15",84.615,84.719,"","U S TREAS SEC STRIPPED INT PMT, 0.000%, 15-FEB-2030","2030-02-15-912833XX3"
"2026-10-06T0805","91282CGQ8","Bond",0.04,"2030-02-28",97.083,97.098,"semi-annually","UNITED STATES TREAS SER H-2030, 4.000%, 28-FEB-2030","2030-02-28-91282CGQ8"
"2026-10-06T0805","91282CGS4","Bond",0.03625,"2030-03-31",95.787,95.806,"semi-annually","UNITED STATES TREAS SER J-2030, 3.625%, 31-MAR-2030","2030-03-31-91282CGS4"
"2026-10-06T0805","91282CMU2","Bond",0.04,"2030-03-31",96.979,96.993,"semi-annually","UNITED STATES TREAS SER W-2030, 4.000%, 31-MAR-2030","2030-03-31-91282CMU2"
"2026-10-06T0805","91282CNB3","TIPS",0.01625,"2030-04-15",96.651,96.684,"semi-annually","UNITED STATES TREAS NTS SER X-2030, 1.625%, 15-APR-2030","2030-04-15-91282CNB3"
"2026-10-06T0805","91282CGZ8","Bond",0.035,"2030-04-30",95.285,95.306,"semi-annually","UNITED STATES TREAS SER K-2030, 3.500%, 30-APR-2030","2030-04-30-91282CGZ8"
"2026-10-06T0805","91282CMZ1","Bond",0.03875,"2030-04-30",96.503,96.52,"semi-annually","UNITED STATES TREAS SER Y-2030, 3.875%, 30-APR-2030","2030-04-30-91282CMZ1"
"2026-10-06T0805","912803CH4","STRIP","","2030-05-15",83.796,83.906,"","UNITED STATES TREAS BD STRIPP ZERO CPN, 0.000%, 15-MAY-2030","2030-05-15-912803CH4"
"2026-10-06T0805","912810FM5","Bond",0.0625,"2030-05-15",104.229,104.438,"semi-annually","UNITED STATES TREAS BDS, 6.250%, 15-MAY-2030","2030-05-15-912810FM5"
"2026-10-06T0805","912821EK7","STRIP","","2030-05-15",83.594,84.558,"","U S TREAS NT STRIPPED PRIN PMT, 0.000%, 15-MAY-2030","2030-05-15-912821EK7"
"2026-10-06T0805","912828ZQ6","Bond",0.00625,"2030-05-15",85.836,85.864,"semi-annually","UNITED STATES TREAS SER C-2030, 0.625%, 15-MAY-2030","2030-05-15-912828ZQ6"
"2026-10-06T0805","912833XU9","STRIP","","2030-05-15",83.568,83.659,"","U S TREAS SEC STRIPPED INT PMT, 0.000%, 15-MAY-2030","2030-05-15-912833XU9"
"2026-10-06T0805","91282CHF1","Bond",0.0375,"2030-05-31",95.982,96.01,"semi-annually","UNITED STATES TREAS SER L-2030, 3.750%, 31-MAY-2030","2030-05-31-91282CHF1"
"2026-10-06T0805","91282CNG2","Bond",0.04,"2030-05-31",96.813,96.832,"semi-annually","UNITED STATES TREAS SER Z-2030, 4.000%, 31-MAY-2030","2030-05-31-91282CNG2"
"2026-10-06T0805","91282CHJ3","Bond",0.0375,"2030-06-30",95.882,95.904,"semi-annually","UNITED STATES TREAS SER M-2030, 3.750%, 30-JUN-2030","2030-06-30-91282CHJ3"
"2026-10-06T0805","91282CNK3","Bond",0.03875,"2030-06-30",96.31,96.327,"semi-annually","UNITED STATES TREAS SER AA-2030, 3.875%, 30-JUN-2030","2030-06-30-91282CNK3"
"2026-10-06T0805","912828ZZ6","TIPS",0.00125,"2030-07-15",91.558,91.581,"semi-annually","UNITED STATES TREAS NTS SER D-2030, 0.125%, 15-JUL-2030","2030-07-15-912828ZZ6"
"2026-10-06T0805","91282CHR5","Bond",0.04,"2030-07-31",96.648,96.672,"semi-annually","UNITED STATES TREAS SER N-2030, 4.000%, 31-JUL-2030","2030-07-31-91282CHR5"
"2026-10-06T0805","91282CNN7","Bond",0.03875,"2030-07-31",96.219,96.234,"semi-annually","UNITED STATES TREAS SER AB-2030, 3.875%, 31-JUL-2030","2030-07-31-91282CNN7"
"2026-10-06T0805","912821EZ4","STRIP","","2030-08-15",82.72,82.907,"","U S TREAS NT STRIPPED PRIN PMT, 0.000%, 15-AUG-2030","2030-08-15-912821EZ4"
"2026-10-06T0805","91282CAE1","Bond",0.00625,"2030-08-15",84.884,84.911,"semi-annually","UNITED STATES TREAS SER E-2030, 0.625%, 15-AUG-2030","2030-08-15-91282CAE1"
"2026-10-06T0805","912833XY1","STRIP","","2030-08-15",82.47,82.559,"","U S TREAS SEC STRIPPED INT PMT, 0.000%, 15-AUG-2030","2030-08-15-912833XY1"
"2026-10-06T0805","91282CHW4","Bond",0.04125,"2030-08-31",96.988,97.008,"semi-annually","UNITED STATES TREAS SER P-2030, 4.125%, 31-AUG-2030","2030-08-31-91282CHW4"
"2026-10-06T0805","91282CNX5","Bond",0.03625,"2030-08-31",95.238,95.254,"semi-annually","UNITED STATES TREAS SER AC-2030, 3.625%, 31-AUG-2030","2030-08-31-91282CNX5"
"2026-10-06T0805","91282CHZ7","Bond",0.04625,"2030-09-30",98.724,98.746,"semi-annually","UNITED STATES TREAS SER Q-2030, 4.625%, 30-SEP-2030","2030-09-30-91282CHZ7"
"2026-10-06T0805","91282CPA3","Bond",0.03625,"2030-09-30",95.148,95.168,"semi-annually","UNITED STATES TREAS SER AD-2030, 3.625%, 30-SEP-2030","2030-09-30-91282CPA3"
"2026-10-06T0805","91282CPH8","TIPS",0.01125,"2030-10-15",94.716,94.744,"semi-annually","UNITED STATES TREAS NTS SER AE-2030, 1.125%, 15-OCT-2030","2030-10-15-91282CPH8"
"2026-10-06T0805","91282CJG7","Bond",0.04875,"2030-10-31",99.601,99.625,"semi-annually","UNITED STATES TREAS SER R-2030, 4.875%, 31-OCT-2030","2030-10-31-91282CJG7"
"2026-10-06T0805","91282CPD7","Bond",0.03625,"2030-10-31",95.031,95.05,"semi-annually","UNITED STATES TREAS SER AF-2030, 3.625%, 31-OCT-2030","2030-10-31-91282CPD7"
"2026-10-06T0805","912821FP5","STRIP","","2030-11-15",81.674,81.851,"","U S TREAS NT STRIPPED PRIN PMT, 0.000%, 15-NOV-2030","2030-11-15-912821FP5"
"2026-10-06T0805","91282CAV3","Bond",0.00875,"2030-11-15",84.873,84.899,"semi-annually","UNITED STATES TREAS SER F-2030, 0.875%, 15-NOV-2030","2030-11-15-91282CAV3"
"2026-10-06T0805","9128337N4","STRIP","","2030-11-15",81.358,81.468,"","U S TREAS SEC STRIPPED INT PMT, 0.000%, 15-NOV-2030","2030-11-15-9128337N4"
"2026-10-06T0805","91282CJM4","Bond",0.04375,"2030-11-30",97.703,97.731,"semi-annually","UNITED STATES TREAS SER S-2030, 4.375%, 30-NOV-2030","2030-11-30-91282CJM4"
"2026-10-06T0805","91282CPN5","Bond",0.035,"2030-11-30",94.441,94.461,"semi-annually","UNITED STATES TREAS SER AG-2030, 3.500%, 30-NOV-2030","2030-11-30-91282CPN5"
"2026-10-06T0805","91282CJQ5","Bond",0.0375,"2030-12-31",95.283,95.301,"semi-annually","UNITED STATES TREAS SER T-2030, 3.750%, 31-DEC-2030","2030-12-31-91282CJQ5"
"2026-10-06T0805","91282CPR6","Bond",0.03625,"2030-12-31",94.82,94.833,"semi-annually","UNITED STATES TREAS SER AH-2030, 3.625%, 31-DEC-2030","2030-12-31-91282CPR6"
"2026-10-06T0805","91282CBF7","TIPS",0.00125,"2031-01-15",90.111,90.14,"semi-annually","UNITED STATES TREAS NTS SER A-2031, 0.125%, 15-JAN-2031","2031-01-15-91282CBF7"
"2026-10-06T0805","91282CJX0","Bond",0.04,"2031-01-31",96.152,96.176,"semi-annually","UNITED STATES TREAS SER G-2031, 4.000%, 31-JAN-2031","2031-01-31-91282CJX0"
"2026-10-06T0805","91282CPW5","Bond",0.0375,"2031-01-31",95.183,95.204,"semi-annually","UNITED STATES TREAS SER U-2031, 3.750%, 31-JAN-2031","2031-01-31-91282CPW5"
"2026-10-06T0805","912803CK7","STRIP","","2031-02-15",80.74,80.867,"","UNITED STATES TREAS BD STRIPP ZERO CPN, 0.000%, 15-FEB-2031","2031-02-15-912803CK7"
"2026-10-06T0805","912810FP8","Bond",0.05375,"2031-02-15",101.505,101.651,"semi-annually","UNITED STATES TREAS BDS, 5.375%, 15-FEB-2031","2031-02-15-912810FP8"
"2026-10-06T0805","912821GD1","STRIP","","2031-02-15",80.278,81.546,"","U S TREAS NT STRIPPED PRIN PMT, 0.000%, 15-FEB-2031","2031-02-15-912821GD1"
"2026-10-06T0805","91282CBL4","Bond",0.01125,"2031-02-15",85.083,85.106,"semi-annually","UNITED STATES TREAS SER B-2031, 1.125%, 15-FEB-2031","2031-02-15-91282CBL4"
"2026-10-06T0805","912833XZ8","STRIP","","2031-02-15",80.291,80.379,"","U S TREAS SEC STRIPPED INT PMT, 0.000%, 15-FEB-2031","2031-02-15-912833XZ8"
"2026-10-06T0805","91282CKC4","Bond",0.0425,"2031-02-28",97.067,97.082,"semi-annually","UNITED STATES TREAS SER H-2031, 4.250%, 28-FEB-2031","2031-02-28-91282CKC4"
"2026-10-06T0805","91282CQD6","Bond",0.035,"2031-02-28",94.151,94.164,"semi-annually","UNITED STATES TREAS SER V-2031, 3.500%, 28-FEB-2031","2031-02-28-91282CQD6"
"2026-10-06T0805","91282CKF7","Bond",0.04125,"2031-03-31",96.496,96.52,"semi-annually","UNITED STATES TREAS SER J-2031, 4.125%, 31-MAR-2031","2031-03-31-91282CKF7"
"2026-10-06T0805","91282CQG9","Bond",0.03875,"2031-03-31",95.504,95.521,"semi-annually","UNITED STATES TREAS SER W-2031, 3.875%, 31-MAR-2031","2031-03-31-91282CQG9"
"2026-10-06T0805","91282CQP9","TIPS",0.0125,"2031-04-15",94.102,94.134,"semi-annually","UNITED STATES TREAS NTS SER X-2031, 1.250%, 15-APR-2031","2031-04-15-91282CQP9"
"2026-10-06T0805","91282CKN0","Bond",0.04625,"2031-04-30",98.445,98.469,"semi-annually","UNITED STATES TREAS SER K-2031, 4.625%, 30-APR-2031","2031-04-30-91282CKN0"
"2026-10-06T0805","91282CQK0","Bond",0.03875,"2031-04-30",95.426,95.437,"semi-annually","UNITED STATES TREAS SER Y-2031, 3.875%, 30-APR-2031","2031-04-30-91282CQK0"
"2026-10-06T0805","912821MH5","STRIP","","2031-05-15",79.589,79.737,"","U S TREAS NT STRIPPED PRIN PMT, 0.000%, 15-MAY-2031","2031-05-15-912821MH5"
"2026-10-06T0805","91282CCB5","Bond",0.01625,"2031-05-15",86.218,86.239,"semi-annually","UNITED STATES TREAS SER C-2031, 1.625%, 15-MAY-2031","2031-05-15-91282CCB5"
"2026-10-06T0805","9128337P9","STRIP","","2031-05-15",79.249,79.348,"","U S TREAS SEC STRIPPED INT PMT, 0.000%, 15-MAY-2031","2031-05-15-9128337P9"
"2026-10-06T0805","91282CKU4","Bond",0.04625,"2031-05-31",98.392,98.411,"semi-annually","UNITED STATES TREAS SER L-2031, 4.625%, 31-MAY-2031","2031-05-31-91282CKU4"
"2026-10-06T0805","91282CQU8","Bond",0.04125,"2031-05-31",96.352,96.364,"semi-annually","UNITED STATES TREAS SER Z-2031, 4.125%, 31-MAY-2031","2031-05-31-91282CQU8"
"2026-10-06T0805","91282CKW0","Bond",0.0425,"2031-06-30",96.785,96.809,"semi-annually","UNITED STATES TREAS SER M-2031, 4.250%, 30-JUN-2031","2031-06-30-91282CKW0"
"2026-10-06T0805","91282CQX2","Bond",0.04125,"2031-06-30",96.282,96.289,"semi-annually","UNITED STATES TREAS SER AA-2031, 4.125%, 30-JUN-2031","2031-06-30-91282CQX2"
"2026-10-06T0805","91282CCM1","TIPS",0.00125,"2031-07-15",89.223,89.257,"semi-annually","UNITED STATES TREAS NTS SER D-2031, 0.125%, 15-JUL-2031","2031-07-15-91282CCM1"
"2026-10-06T0805","91282CLD1","Bond",0.04125,"2031-07-31",96.202,96.223,"semi-annually","UNITED STATES TREAS SER N-2031, 4.125%, 31-JUL-2031","2031-07-31-91282CLD1"
"2026-10-06T0805","91282CRA1","Bond",0.04375,"2031-07-31",97.265,97.28,"semi-annually","UNITED STATES TREAS SER AB-2031, 4.375%, 31-JUL-2031","2031-07-31-91282CRA1"
"2026-10-06T0805","912821MX0","STRIP","","2031-08-15",78.562,78.718,"","U S TREAS NT STRIPPED PRIN PMT, 0.000%, 15-AUG-2031","2031-08-15-912821MX0"
"2026-10-06T0805","91282CCS8","Bond",0.0125,"2031-08-15",83.886,83.905,"semi-annually","UNITED STATES TREAS SER E-2031, 1.250%, 15-AUG-2031","2031-08-15-91282CCS8"
"2026-10-06T0805","9128334S6","STRIP","","2031-08-15",78.218,78.335,"","U S TREAS SEC STRIPPED INT PMT, 0.000%, 15-AUG-2031","2031-08-15-9128334S6"
"2026-10-06T0805","91282CLJ8","Bond",0.0375,"2031-08-31",94.516,94.534,"semi-annually","UNITED STATES TREAS SER P-2031, 3.750%, 31-AUG-2031","2031-08-31-91282CLJ8"
"2026-10-06T0805","91282CRK9","Bond",0.04375,"2031-08-31",97.25,97.257,"semi-annually","UNITED STATES TREAS SER AC-2031, 4.375%, 31-AUG-2031","2031-08-31-91282CRK9"
"2026-10-06T0805","91282CLM1","Bond",0.03625,"2031-09-30",93.871,93.891,"semi-annually","UNITED STATES TREAS SER Q-2031, 3.625%, 30-SEP-2031","2031-09-30-91282CLM1"
"2026-10-06T0805","91282CRN3","Bond",0.05,"2031-09-30",99.938,99.943,"semi-annually","UNITED STATES TREAS SER AD-2031, 5.000%, 30-SEP-2031","2031-09-30-91282CRN3"
"2026-10-06T0805","91282CLU3","Bond",0.04125,"2031-10-31",95.972,95.996,"semi-annually","UNITED STATES TREAS SER R-2031, 4.125%, 31-OCT-2031","2031-10-31-91282CLU3"
"2026-10-06T0805","912821GU3","STRIP","","2031-11-15",77.493,77.589,"","U S TREAS NT STRIPPED PRIN PMT, 0.000%, 15-NOV-2031","2031-11-15-912821GU3"
"2026-10-06T0805","91282CDJ7","Bond",0.01375,"2031-11-15",83.633,83.657,"semi-annually","UNITED STATES TREAS SER F-2031, 1.375%, 15-NOV-2031","2031-11-15-91282CDJ7"
"2026-10-06T0805","9128337Q7","STRIP","","2031-11-15",77.163,77.26,"","U S TREAS SEC STRIPPED INT PMT, 0.000%, 15-NOV-2031","2031-11-15-9128337Q7"
"2026-10-06T0805","91282CLZ2","Bond",0.04125,"2031-11-30",95.896,95.915,"semi-annually","UNITED STATES TREAS SER S-2031, 4.125%, 30-NOV-2031","2031-11-30-91282CLZ2"
"2026-10-06T0805","91282CMC2","Bond",0.045,"2031-12-31",97.534,97.552,"semi-annually","UNITED STATES TREAS SER T-2031, 4.500%, 31-DEC-2031","2031-12-31-91282CMC2"
"2026-10-06T0805","91282CDX6","TIPS",0.00125,"2032-01-15",87.666,87.695,"semi-annually","UNITED STATES TREAS NTS SER A-2032, 0.125%, 15-JAN-2032","2032-01-15-91282CDX6"
"2026-10-06T0805","91282CMK4","Bond",0.04375,"2032-01-31",96.879,96.895,"semi-annually","UNITED STATES TREAS SER G-2032, 4.375%, 31-JAN-2032","2032-01-31-91282CMK4"
"2026-10-06T0805","912821HJ7","STRIP","","2032-02-15",76.439,76.565,"","U S TREAS NT STRIPPED PRIN PMT, 0.000%, 15-FEB-2032","2032-02-15-912821HJ7"
"2026-10-06T0805","91282CDY4","Bond",0.01875,"2032-02-15",85.179,85.204,"semi-annually","UNITED STATES TREAS SER B-2032, 1.875%, 15-FEB-2032","2032-02-15-91282CDY4"
"2026-10-06T0805","9128334T4","STRIP","","2032-02-15",76.092,76.215,"","U S TREAS SEC STRIPPED INT PMT, 0.000%, 15-FEB-2032","2032-02-15-9128334T4"
"2026-10-06T0805","91282CMR9","Bond",0.04125,"2032-02-29",95.642,95.661,"semi-annually","UNITED STATES TREAS SER H-2032, 4.125%, 29-FEB-2032","2032-02-29-91282CMR9"
"2026-10-06T0805","91282CMT5","Bond",0.04125,"2032-03-31",95.578,95.602,"semi-annually","UNITED STATES TREAS SER J-2032, 4.125%, 31-MAR-2032","2032-03-31-91282CMT5"
"2026-10-06T0805","912810FQ6","TIPS",0.03375,"2032-04-15",103.556,103.593,"semi-annually","UNITED STATES TREASURY, 3.375%, 15-APR-2032","2032-04-15-912810FQ6"
"2026-10-06T0805","91282CNA5","Bond",0.04,"2032-04-30",94.906,94.93,"semi-annually","UNITED STATES TREAS SER K-2032, 4.000%, 30-APR-2032","2032-04-30-91282CNA5"
"2026-10-06T0805","912821HY4","STRIP","","2032-05-15",75.449,75.541,"","U S TREAS NT STRIPPED PRIN PMT, 0.000%, 15-MAY-2032","2032-05-15-912821HY4"
"2026-10-06T0805","91282CEP2","Bond",0.02875,"2032-05-15",89.355,89.375,"semi-annually","UNITED STATES TREAS SER C-2032, 2.875%, 15-MAY-2032","2032-05-15-91282CEP2"
"2026-10-06T0805","9128337R5","STRIP","","2032-05-15",75.132,75.209,"","U S TREAS SEC STRIPPED INT PMT, 0.000%, 15-MAY-2032","2032-05-15-9128337R5"
"2026-10-06T0805","91282CNF4","Bond",0.04125,"2032-05-31",95.4,95.426,"semi-annually","UNITED STATES TREAS SER L-2032, 4.125%, 31-MAY-2032","2032-05-31-91282CNF4"
"2026-10-06T0805","91282CNJ6","Bond",0.04,"2032-06-30",94.718,94.747,"semi-annually","UNITED STATES TREAS SER M-2032, 4.000%, 30-JUN-2032","2032-06-30-91282CNJ6"
"2026-10-06T0805","91282CEZ0","TIPS",0.00625,"2032-07-15",89.412,89.439,"semi-annually","UNITED STATES TREAS NTS SER D-2032, 0.625%, 15-JUL-2032","2032-07-15-91282CEZ0"
"2026-10-06T0805","91282CNR8","Bond",0.04,"2032-07-31",94.605,94.625,"semi-annually","UNITED STATES TREAS SER N-2032, 4.000%, 31-JUL-2032","2032-07-31-91282CNR8"
"2026-10-06T0805","912821JN6","STRIP","","2032-08-15",74.442,74.568,"","U S TREAS NT STRIPPED PRIN PMT, 0.000%, 15-AUG-2032","2032-08-15-912821JN6"
"2026-10-06T0805","91282CFF3","Bond",0.0275,"2032-08-15",88.277,88.305,"semi-annually","UNITED STATES TREAS SER E-2032, 2.750%, 15-AUG-2032","2032-08-15-91282CFF3"
"2026-10-06T0805","9128334U1","STRIP","","2032-08-15",74.063,74.175,"","U S TREAS SEC STRIPPED INT PMT, 0.000%, 15-AUG-2032","2032-08-15-9128334U1"
"2026-10-06T0805","91282CNW7","Bond",0.03875,"2032-08-31",93.905,93.926,"semi-annually","UNITED STATES TREAS SER P-2032, 3.875%, 31-AUG-2032","2032-08-31-91282CNW7"
"2026-10-06T0805","91282CNZ0","Bond",0.03875,"2032-09-30",93.802,93.829,"semi-annually","UNITED STATES TREAS SER Q-2032, 3.875%, 30-SEP-2032","2032-09-30-91282CNZ0"
"2026-10-06T0805","91282CPF2","Bond",0.0375,"2032-10-31",93.056,93.083,"semi-annually","UNITED STATES TREAS SER R-2032, 3.750%, 31-OCT-2032","2032-10-31-91282CPF2"
"2026-10-06T0805","912821KC8","STRIP","","2032-11-15",73.482,73.6,"","U S TREAS NT STRIPPED PRIN PMT, 0.000%, 15-NOV-2032","2032-11-15-912821KC8"
"2026-10-06T0805","91282CFV8","Bond",0.04125,"2032-11-15",94.95,94.965,"semi-annually","UNITED STATES TREAS SER F-2032, 4.125%, 15-NOV-2032","2032-11-15-91282CFV8"
"2026-10-06T0805","9128337S3","STRIP","","2032-11-15",73.088,73.17,"","U S TREAS SEC STRIPPED INT PMT, 0.000%, 15-NOV-2032","2032-11-15-9128337S3"
"2026-10-06T0805","91282CPM7","Bond",0.0375,"2032-11-30",92.955,92.977,"semi-annually","UNITED STATES TREAS SER S-2032, 3.750%, 30-NOV-2032","2032-11-30-91282CPM7"
"2026-10-06T0805","91282CPQ8","Bond",0.03875,"2032-12-31",93.492,93.52,"semi-annually","UNITED STATES TREAS SER T-2032, 3.875%, 31-DEC-2032","2032-12-31-91282CPQ8"
"2026-10-06T0805","91282CGK1","TIPS",0.01125,"2033-01-15",90.904,90.931,"semi-annually","UNITED STATES TREAS NTS SER A-2033, 1.125%, 15-JAN-2033","2033-01-15-91282CGK1"
"2026-10-06T0805","91282CPY1","Bond",0.04,"2033-01-31",94.062,94.083,"semi-annually","UNITED STATES TREAS SER G-2033, 4.000%, 31-JAN-2033","2033-01-31-91282CPY1"
"2026-10-06T0805","912821KS3","STRIP","","2033-02-15",72.472,72.583,"","U S TREAS NT STRIPPED PRIN PMT, 0.000%, 15-FEB-2033","2033-02-15-912821KS3"
"2026-10-06T0805","91282CGM7","Bond",0.035,"2033-02-15",91.32,91.338,"semi-annually","UNITED STATES TREAS SER B-2033, 3.500%, 15-FEB-2033","2033-02-15-91282CGM7"
"2026-10-06T0805","9128334V9","STRIP","","2033-02-15",72.081,72.177,"","U S TREAS SEC STRIPPED INT PMT, 0.000%, 15-FEB-2033","2033-02-15-9128334V9"
"2026-10-06T0805","91282CQC8","Bond",0.0375,"2033-02-28",92.662,92.683,"semi-annually","UNITED STATES TREAS SER H-2033, 3.750%, 28-FEB-2033","2033-02-28-91282CQC8"
"2026-10-06T0805","91282CQF1","Bond",0.0425,"2033-03-31",95.275,95.293,"semi-annually","UNITED STATES TREAS SER J-2033, 4.250%, 31-MAR-2033","2033-03-31-91282CQF1"
"2026-10-06T0805","91282CQN4","Bond",0.04125,"2033-04-30",94.5,94.52,"semi-annually","UNITED STATES TREAS SER K-2033, 4.125%, 30-APR-2033","2033-04-30-91282CQN4"
"2026-10-06T0805","912821LG8","STRIP","","2033-05-15",71.56,71.639,"","U S TREAS NT STRIPPED PRIN PMT, 0.000%, 15-MAY-2033","2033-05-15-912821LG8"
"2026-10-06T0805","91282CHC8","Bond",0.03375,"2033-05-15",90.278,90.305,"semi-annually","UNITED STATES TREAS SER C-2033, 3.375%, 15-MAY-2033","2033-05-15-91282CHC8"
"2026-10-06T0805","9128337T1","STRIP","","2033-05-15",71.127,71.207,"","U S TREAS SEC STRIPPED INT PMT, 0.000%, 15-MAY-2033","2033-05-15-9128337T1"
"2026-10-06T0805","91282CQT1","Bond",0.0425,"2033-05-31",95.125,95.148,"semi-annually","UNITED STATES TREAS SER L-2033, 4.250%, 31-MAY-2033","2033-05-31-91282CQT1"
"2026-10-06T0805","91282CQW4","Bond",0.0425,"2033-06-30",95.046,95.063,"semi-annually","UNITED STATES TREAS SER M-2033, 4.250%, 30-JUN-2033","2033-06-30-91282CQW4"
"2026-10-06T0805","91282CHP9","TIPS",0.01375,"2033-07-15",91.886,91.925,"semi-annually","UNITED STATES TREAS NTS SER D-2033, 1.375%, 15-JUL-2033","2033-07-15-91282CHP9"
"2026-10-06T0805","91282CRC7","Bond",0.04375,"2033-07-31",95.681,95.688,"semi-annually","UNITED STATES TREAS SER N-2033, 4.375%, 31-JUL-2033","2033-07-31-91282CRC7"
"2026-10-06T0805","912821LW3","STRIP","","2033-08-15",70.587,70.689,"","U S TREAS NT STRIPPED PRIN PMT, 0.000%, 15-AUG-2033","2033-08-15-912821LW3"
"2026-10-06T0805","91282CHT1","Bond",0.03875,"2033-08-15",92.781,92.797,"semi-annually","UNITED STATES TREAS SER E-2033, 3.875%, 15-AUG-2033","2033-08-15-91282CHT1"
"2026-10-06T0805","9128334W7","STRIP","","2033-08-15",70.086,70.166,"","U S TREAS SEC STRIPPED INT PMT, 0.000%, 15-AUG-2033","2033-08-15-9128334W7"
"2026-10-06T0805","91282CRJ2","Bond",0.045,"2033-08-31",96.357,96.37,"semi-annually","UNITED STATES TREAS SER P-2033, 4.500%, 31-AUG-2033","2033-08-31-91282CRJ2"
"2026-10-06T0805","91282CRM5","Bond",0.05,"2033-09-30",99.219,99.226,"semi-annually","UNITED STATES TREAS SER Q-2033, 5.000%, 30-SEP-2033","2033-09-30-91282CRM5"
"2026-10-06T0805","912821NP6","STRIP","","2033-11-15",69.621,69.728,"","U S TREAS NT STRIPPED PRIN PMT, 0.000%, 15-NOV-2033","2033-11-15-912821NP6"
"2026-10-06T0805","91282CJJ1","Bond",0.045,"2033-11-15",96.183,96.2,"semi-annually","UNITED STATES TREAS SER F-2033, 4.500%, 15-NOV-2033","2033-11-15-91282CJJ1"
"2026-10-06T0805","9128337U8","STRIP","","2033-11-15",69.156,69.261,"","U S TREAS SEC STRIPPED INT PMT, 0.000%, 15-NOV-2033","2033-11-15-9128337U8"
"2026-10-06T0805","91282CJY8","TIPS",0.0175,"2034-01-15",93.292,93.318,"semi-annually","UNITED STATES TREAS NTS SER A-2034, 1.750%, 15-JAN-2034","2034-01-15-91282CJY8"
"2026-10-06T0805","912821PD1","STRIP","","2034-02-15",68.612,68.721,"","U S TREAS NT STRIPPED PRIN PMT, 0.000%, 15-FEB-2034","2034-02-15-912821PD1"
"2026-10-06T0805","91282CJZ5","Bond",0.04,"2034-02-15",92.917,92.935,"semi-annually","UNITED STATES TREAS SER B-2034, 4.000%, 15-FEB-2034","2034-02-15-91282CJZ5"
"2026-10-06T0805","9128334X5","STRIP","","2034-02-15",68.158,68.287,"","U S TREAS SEC STRIPPED INT PMT, 0.000%, 15-FEB-2034","2034-02-15-9128334X5"
"2026-10-06T0805","912821PT6","STRIP","","2034-05-15",67.715,67.85,"","U S TREAS NT STRIPPED PRIN PMT, 0.000%, 15-MAY-2034","2034-05-15-912821PT6"
"2026-10-06T0805","91282CKQ3","Bond",0.04375,"2034-05-15",95.015,95.028,"semi-annually","UNITED STATES TREAS SER C-2034, 4.375%, 15-MAY-2034","2034-05-15-91282CKQ3"
"2026-10-06T0805","9128337V6","STRIP","","2034-05-15",67.21,67.3,"","U S TREAS SEC STRIPPED INT PMT, 0.000%, 15-MAY-2034","2034-05-15-9128337V6"
"2026-10-06T0805","91282CLE9","TIPS",0.01875,"2034-07-15",93.822,93.845,"semi-annually","UNITED STATES TREAS NTS SER D-2034, 1.875%, 15-JUL-2034","2034-07-15-91282CLE9"
"2026-10-06T0805","912821QH1","STRIP","","2034-08-15",66.787,66.883,"","U S TREAS NT STRIPPED PRIN PMT, 0.000%, 15-AUG-2034","2034-08-15-912821QH1"
"2026-10-06T0805","91282CLF6","Bond",0.03875,"2034-08-15",91.579,91.606,"semi-annually","UNITED STATES TREAS SER E-2034, 3.875%, 15-AUG-2034","2034-08-15-91282CLF6"
"2026-10-06T0805","9128334Y3","STRIP","","2034-08-15",66.285,66.388,"","U S TREAS SEC STRIPPED INT PMT, 0.000%, 15-AUG-2034","2034-08-15-9128334Y3"
"2026-10-06T0805","912821QX6","STRIP","","2034-11-15",65.841,66.001,"","U S TREAS NT STRIPPED PRIN PMT, 0.000%, 15-NOV-2034","2034-11-15-912821QX6"
"2026-10-06T0805","91282CLW9","Bond",0.0425,"2034-11-15",93.755,93.776,"semi-annually","UNITED STATES TREAS SER F-2034, 4.250%, 15-NOV-2034","2034-11-15-91282CLW9"
"2026-10-06T0805","9128337W4","STRIP","","2034-11-15",65.307,65.452,"","U S TREAS SEC STRIPPED INT PMT, 0.000%, 15-NOV-2034","2034-11-15-9128337W4"
"2026-10-06T0805","91282CML2","TIPS",0.02125,"2035-01-15",94.74,94.767,"semi-annually","UNITED STATES TREAS NTS SER A-2035, 2.125%, 15-JAN-2035","2035-01-15-91282CML2"
"2026-10-06T0805","912821RM9","STRIP","","2035-02-15",64.9,65.015,"","U S TREAS NT STRIPPED PRIN PMT, 0.000%, 15-FEB-2035","2035-02-15-912821RM9"
"2026-10-06T0805","91282CMM0","Bond",0.04625,"2035-02-15",96.034,96.046,"semi-annually","UNITED STATES TREAS SER B-2035, 4.625%, 15-FEB-2035","2035-02-15-91282CMM0"
"2026-10-06T0805","9128334Z0","STRIP","","2035-02-15",64.376,64.514,"","U S TREAS SEC STRIPPED INT PMT, 0.000%, 15-FEB-2035","2035-02-15-9128334Z0"
"2026-10-06T0805","912821SB2","STRIP","","2035-05-15",64.013,64.148,"","U S TREAS NT STRIPPED PRIN PMT, 0.000%, 15-MAY-2035","2035-05-15-912821SB2"
"2026-10-06T0805","91282CNC1","Bond",0.0425,"2035-05-15",93.293,93.309,"semi-annually","UNITED STATES TREAS SER C-2035, 4.250%, 15-MAY-2035","2035-05-15-91282CNC1"
"2026-10-06T0805","912833X88","STRIP","","2035-05-15",63.526,63.651,"","U S TREAS SEC STRIPPED INT PMT, 0.000%, 15-MAY-2035","2035-05-15-912833X88"
"2026-10-06T0805","91282CNS6","TIPS",0.01875,"2035-07-15",92.534,92.559,"semi-annually","UNITED STATES TREAS NTS SER D-2035, 1.875%, 15-JUL-2035","2035-07-15-91282CNS6"
"2026-10-06T0805","912821SR7","STRIP","","2035-08-15",63.125,63.255,"","U S TREAS NT STRIPPED PRIN PMT, 0.000%, 15-AUG-2035","2035-08-15-912821SR7"
"2026-10-06T0805","91282CNT4","Bond",0.0425,"2035-08-15",93.066,93.084,"semi-annually","UNITED STATES TREAS SER E-2035, 4.250%, 15-AUG-2035","2035-08-15-91282CNT4"
"2026-10-06T0805","9128335A4","STRIP","","2035-08-15",62.545,62.693,"","U S TREAS SEC STRIPPED INT PMT, 0.000%, 15-AUG-2035","2035-08-15-9128335A4"
"2026-10-06T0805","912821TF2","STRIP","","2035-11-15",62.216,62.387,"","U S TREAS NT STRIPPED PRIN PMT, 0.000%, 15-NOV-2035","2035-11-15-912821TF2"
"2026-10-06T0805","91282CPJ4","Bond",0.04,"2035-11-15",91.046,91.055,"semi-annually","UNITED STATES TREAS SER F-2035, 4.000%, 15-NOV-2035","2035-11-15-91282CPJ4"
"2026-10-06T0805","912833X96","STRIP","","2035-11-15",61.685,61.792,"","U S TREAS SEC STRIPPED INT PMT, 0.000%, 15-NOV-2035","2035-11-15-912833X96"
"2026-10-06T0805","91282CPU9","TIPS",0.01875,"2036-01-15",91.62,91.654,"semi-annually","UNITED STATES TREAS NTS SER A-2036, 1.875%, 15-JAN-2036","2036-01-15-91282CPU9"
"2026-10-06T0805","912803CX9","STRIP","","2036-02-15",62.315,62.445,"","UNITED STATES TREAS BD STRIPP ZERO CPN, 0.000%, 15-FEB-2036","2036-02-15-912803CX9"
"2026-10-06T0805","912810FT0","Bond",0.045,"2036-02-15",95.339,95.43,"semi-annually","UNITED STATES TREAS SER BONDS OF FEBRUARY 2036, 4.500%, 15-FEB-2036","2036-02-15-912810FT0"
"2026-10-06T0805","91282CPZ8","Bond",0.04125,"2036-02-15",91.74,91.75,"semi-annually","UNITED STATES TREAS SER B-2036, 4.125%, 15-FEB-2036","2036-02-15-91282CPZ8"
"2026-10-06T0805","9128335B2","STRIP","","2036-02-15",60.855,61.01,"","U S TREAS SEC STRIPPED INT PMT, 0.000%, 15-FEB-2036","2036-02-15-9128335B2"
"2026-10-06T0805","912821UK9","STRIP","","2036-05-15",60.636,60.723,"","U S TREAS NT STRIPPED PRIN PMT, 0.000%, 15-MAY-2036","2036-05-15-912821UK9"
"2026-10-06T0805","91282CQQ7","Bond",0.04375,"2036-05-15",93.389,93.399,"semi-annually","UNITED STATES TREAS SER C-2036, 4.375%, 15-MAY-2036","2036-05-15-91282CQQ7"
"2026-10-06T0805","912833Y20","STRIP","","2036-05-15",59.986,60.14,"","U S TREAS SEC STRIPPED INT PMT, 0.000%, 15-MAY-2036","2036-05-15-912833Y20"
"2026-10-06T0805","91282CRE3","TIPS",0.02375,"2036-07-15",95.496,95.518,"semi-annually","UNITED STATES TREAS NTS SER D-2036, 2.375%, 15-JUL-2036","2036-07-15-91282CRE3"
"2026-10-06T0805","91282CRF0","Bond",0.04625,"2036-08-15",95.156,95.169,"semi-annually","UNITED STATES TREAS NTS, 4.625%, 15-AUG-2036","2036-08-15-91282CRF0"
"2026-10-06T0805","9128337E4","STRIP","","2036-08-15",59.134,59.28,"","U S TREAS SEC STRIPPED INT PMT, 0.000%, 15-AUG-2036","2036-08-15-9128337E4"
"2026-10-06T0805","912833Y38","STRIP","","2036-11-15",58.319,58.476,"","U S TREAS SEC STRIPPED INT PMT, 0.000%, 15-NOV-2036","2036-11-15-912833Y38"
"2026-10-06T0805","912803CZ4","STRIP","","2037-02-15",58.853,58.966,"","UNITED STATES TREAS BD STRIPP ZERO CPN, 0.000%, 15-FEB-2037","2037-02-15-912803CZ4"
"2026-10-06T0805","912810PT9","Bond",0.0475,"2037-02-15",96.444,96.559,"semi-annually","UNITED STATES TREAS BDS, 4.750%, 15-FEB-2037","2037-02-15-912810PT9"
"2026-10-06T0805","9128337F1","STRIP","","2037-02-15",57.431,57.556,"","U S TREAS SEC STRIPPED INT PMT, 0.000%, 15-FEB-2037","2037-02-15-9128337F1"
"2026-10-06T0805","912803DA8","STRIP","","2037-05-15",58.071,58.177,"","UNITED STATES TREAS BD STRIPP ZERO CPN, 0.000%, 15-MAY-2037","2037-05-15-912803DA8"
"2026-10-06T0805","912810PU6","Bond",0.05,"2037-05-15",98.358,98.489,"semi-annually","UNITED STATES TREAS BDS, 5.000%, 15-MAY-2037","2037-05-15-912810PU6"
"2026-10-06T0805","912833Y46","STRIP","","2037-05-15",56.618,56.759,"","U S TREAS SEC STRIPPED INT PMT, 0.000%, 15-MAY-2037","2037-05-15-912833Y46"
"2026-10-06T0805","912833Z52","STRIP","","2037-08-15",55.777,55.911,"","U S TREAS SEC STRIPPED INT PMT, 0.000%, 15-AUG-2037","2037-08-15-912833Z52"
"2026-10-06T0805","912834AD0","STRIP","","2037-11-15",54.903,55.03,"","U S TREAS SEC STRIPPED INT PMT, 0.000%, 15-NOV-2037","2037-11-15-912834AD0"
"2026-10-06T0805","912803DC4","STRIP","","2038-02-15",55.712,55.836,"","UNITED STATES TREAS BD STRIPP ZERO CPN, 0.000%, 15-FEB-2038","2038-02-15-912803DC4"
"2026-10-06T0805","912810PW2","Bond",0.04375,"2038-02-15",92.771,92.875,"semi-annually","UNITED STATES TREAS BDS, 4.375%, 15-FEB-2038","2038-02-15-912810PW2"
"2026-10-06T0805","912833Z60","STRIP","","2038-02-15",54.123,54.253,"","U S TREAS SEC STRIPPED INT PMT, 0.000%, 15-FEB-2038","2038-02-15-912833Z60"
"2026-10-06T0805","912803DD2","STRIP","","2038-05-15",54.727,54.832,"","UNITED STATES TREAS BD STRIPP ZERO CPN, 0.000%, 15-MAY-2038","2038-05-15-912803DD2"
"2026-10-06T0805","912810PX0","Bond",0.045,"2038-05-15",93.444,93.54,"semi-annually","UNITED STATES TREAS BDS, 4.500%, 15-MAY-2038","2038-05-15-912810PX0"
"2026-10-06T0805","912834AE8","STRIP","","2038-05-15",53.243,53.385,"","U S TREAS SEC STRIPPED INT PMT, 0.000%, 15-MAY-2038","2038-05-15-912834AE8"
"2026-10-06T0805","912834AT5","STRIP","","2038-08-15",52.445,52.59,"","U S TREAS SEC STRIPPED INT PMT, 0.000%, 15-AUG-2038","2038-08-15-912834AT5"
"2026-10-06T0805","912834DU9","STRIP","","2038-11-15",51.594,51.747,"","U S TREAS SEC STRIPPED INT PMT, 0.000%, 15-NOV-2038","2038-11-15-912834DU9"
"2026-10-06T0805","912803DF7","STRIP","","2039-02-15",52.295,52.408,"","UNITED STATES TREAS BD STRIPP ZERO CPN, 0.000%, 15-FEB-2039","2039-02-15-912803DF7"
"2026-10-06T0805","912810QA9","Bond",0.035,"2039-02-15",83.756,83.84,"semi-annually","UNITED STATES TREAS BDS, 3.500%, 15-FEB-2039","2039-02-15-912810QA9"
"2026-10-06T0805","912834AU2","STRIP","","2039-02-15",50.759,50.915,"","U S TREAS SEC STRIPPED INT PMT, 0.000%, 15-FEB-2039","2039-02-15-912834AU2"
"2026-10-06T0805","912803DG5","STRIP","","2039-05-15",51.19,51.316,"","UNITED STATES TREAS BD STRIPP ZERO CPN, 0.000%, 15-MAY-2039","2039-05-15-912803DG5"
"2026-10-06T0805","912810QB7","Bond",0.0425,"2039-05-15",89.924,90.019,"semi-annually","UNITED STATES TREAS BDS, 4.250%, 15-MAY-2039","2039-05-15-912810QB7"
"2026-10-06T0805","912834DV7","STRIP","","2039-05-15",50.008,50.181,"","U S TREAS SEC STRIPPED INT PMT, 0.000%, 15-MAY-2039","2039-05-15-912834DV7"
"2026-10-06T0805","912803DH3","STRIP","","2039-08-15",50.272,50.395,"","UNITED STATES TREAS BD STRIPP ZERO CPN, 0.000%, 15-AUG-2039","2039-08-15-912803DH3"
"2026-10-06T0805","912810QC5","Bond",0.045,"2039-08-15",91.814,91.903,"semi-annually","UNITED STATES TREAS BDS, 4.500%, 15-AUG-2039","2039-08-15-912810QC5"
"2026-10-06T0805","912834EP9","STRIP","","2039-08-15",49.267,49.396,"","U S TREAS SEC STRIPPED INT PMT, 0.000%, 15-AUG-2039","2039-08-15-912834EP9"
"2026-10-06T0805","912803DJ9","STRIP","","2039-11-15",49.466,49.563,"","UNITED STATES TREAS BD STRIPP ZERO CPN, 0.000%, 15-NOV-2039","2039-11-15-912803DJ9"
"2026-10-06T0805","912810QD3","Bond",0.04375,"2039-11-15",90.359,90.445,"semi-annually","UNITED STATES TREAS BDS, 4.375%, 15-NOV-2039","2039-11-15-912810QD3"
"2026-10-06T0805","912834EV6","STRIP","","2039-11-15",48.496,48.645,"","U S TREAS SEC STRIPPED INT PMT, 0.000%, 15-NOV-2039","2039-11-15-912834EV6"
"2026-10-06T0805","912803DK6","STRIP","","2040-02-15",48.698,48.783,"","UNITED STATES TREAS BD STRIPP ZERO CPN, 0.000%, 15-FEB-2040","2040-02-15-912803DK6"
"2026-10-06T0805","912810QE1","Bond",0.04625,"2040-02-15",92.464,92.543,"semi-annually","UNITED STATES TREAS BDS, 4.625%, 15-FEB-2040","2040-02-15-912810QE1"
"2026-10-06T0805","912810QF8","TIPS",0.02125,"2040-02-15",89.051,89.19,"semi-annually","UNITED STATES TREAS BDS, 2.125%, 15-FEB-2040","2040-02-15-912810QF8"
"2026-10-06T0805","912834FB9","STRIP","","2040-02-15",47.703,47.851,"","U S TREAS SEC STRIPPED INT PMT, 0.000%, 15-FEB-2040","2040-02-15-912834FB9"
"2026-10-06T0805","912803DM2","STRIP","","2040-05-15",47.926,48.018,"","UNITED STATES TREAS BD STRIPP ZERO CPN, 0.000%, 15-MAY-2040","2040-05-15-912803DM2"
"2026-10-06T0805","912810QH4","Bond",0.04375,"2040-05-15",89.847,89.928,"semi-annually","UNITED STATES TREAS BDS, 4.375%, 15-MAY-2040","2040-05-15-912810QH4"
"2026-10-06T0805","912810SR0","Bond",0.01125,"2040-05-15",58.531,58.593,"semi-annually","UNITED STATES TREAS SER BONDS OF MAY 2040, 1.125%, 15-MAY-2040","2040-05-15-912810SR0"
"2026-10-06T0805","912834HV3","STRIP","","2040-05-15",46.947,47.099,"","U S TREAS SEC STRIPPED INT PMT, 0.000%, 15-MAY-2040","2040-05-15-912834HV3"
"2026-10-06T0805","912803DN0","STRIP","","2040-08-15",47.146,47.261,"","UNITED STATES TREAS BD STRIPP ZERO CPN, 0.000%, 15-AUG-2040","2040-08-15-912803DN0"
"2026-10-06T0805","912810QK7","Bond",0.03875,"2040-08-15",84.776,84.826,"semi-annually","UNITED STATES TREAS BDS, 3.875%, 15-AUG-2040","2040-08-15-912810QK7"
"2026-10-06T0805","912810SQ2","Bond",0.01125,"2040-08-15",57.87,57.924,"semi-annually","UNITED STATES TREAS SER BONDS OF AUGUST 2040, 1.125%, 15-AUG-2040","2040-08-15-912810SQ2"
"2026-10-06T0805","912834JB5","STRIP","","2040-08-15",46.217,46.333,"","U S TREAS SEC STRIPPED INT PMT, 0.000%, 15-AUG-2040","2040-08-15-912834JB5"
"2026-10-06T0805","912803DP5","STRIP","","2040-11-15",46.403,46.491,"","UNITED STATES TREAS BD STRIPP ZERO CPN, 0.000%, 15-NOV-2040","2040-11-15-912803DP5"
"2026-10-06T0805","912810QL5","Bond",0.0425,"2040-11-15",88.124,88.177,"semi-annually","UNITED STATES TREAS BDS, 4.250%, 15-NOV-2040","2040-11-15-912810QL5"
"2026-10-06T0805","912810ST6","Bond",0.01375,"2040-11-15",59.667,59.726,"semi-annually","UNITED STATES TREAS SER BONDS OF NOVEMBER 2040, 1.375%, 15-NOV-2040","2040-11-15-912810ST6"
"2026-10-06T0805","912834JH2","STRIP","","2040-11-15",45.42,45.566,"","U S TREAS SEC STRIPPED INT PMT, 0.000%, 15-NOV-2040","2040-11-15-912834JH2"
"2026-10-06T0805","912803DQ3","STRIP","","2041-02-15",45.568,45.66,"","UNITED STATES TREAS BD STRIPP ZERO CPN, 0.000%, 15-FEB-2041","2041-02-15-912803DQ3"
"2026-10-06T0805","912803FW8","STRIP","","2041-02-15",45.17,45.765,"","UNITED STATES TREAS BD STRIPP ZERO CPN, 0.000%, 15-FEB-2041","2041-02-15-912803FW8"
"2026-10-06T0805","912810QN1","Bond",0.0475,"2041-02-15",92.733,92.801,"semi-annually","UNITED STATES TREAS BDS, 4.750%, 15-FEB-2041","2041-02-15-912810QN1"
"2026-10-06T0805","912810QP6","TIPS",0.02125,"2041-02-15",87.817,87.932,"semi-annually","UNITED STATES TREAS BDS, 2.125%, 15-FEB-2041","2041-02-15-912810QP6"
"2026-10-06T0805","912810SW9","Bond",0.01875,"2041-02-15",64.027,64.098,"semi-annually","UNITED STATES TREAS SER BONDS OF FEBRUARY 2041, 1.875%, 15-FEB-2041","2041-02-15-912810SW9"
"2026-10-06T0805","912834JP4","STRIP","","2041-02-15",44.581,44.729,"","U S TREAS SEC STRIPPED INT PMT, 0.000%, 15-FEB-2041","2041-02-15-912834JP4"
"2026-10-06T0805","912803DS9","STRIP","","2041-05-15",44.83,44.925,"","UNITED STATES TREAS BD STRIPP ZERO CPN, 0.000%, 15-MAY-2041","2041-05-15-912803DS9"
"2026-10-06T0805","912810QQ4","Bond",0.04375,"2041-05-15",88.723,88.757,"semi-annually","UNITED STATES TREAS BDS, 4.375%, 15-MAY-2041","2041-05-15-912810QQ4"
"2026-10-06T0805","912810SY5","Bond",0.0225,"2041-05-15",67.242,67.317,"semi-annually","UNITED STATES TREAS SER BONDS OF MAY 2041, 2.250%, 15-MAY-2041","2041-05-15-912810SY5"
"2026-10-06T0805","912834KH0","STRIP","","2041-05-15",43.876,44.02,"","U S TREAS SEC STRIPPED INT PMT, 0.000%, 15-MAY-2041","2041-05-15-912834KH0"
"2026-10-06T0805","912803DT7","STRIP","","2041-08-15",44.104,44.213,"","UNITED STATES TREAS BD STRIPP ZERO CPN, 0.000%, 15-AUG-2041","2041-08-15-912803DT7"
"2026-10-06T0805","912810QS0","Bond",0.0375,"2041-08-15",82.138,82.193,"semi-annually","UNITED STATES TREAS BDS, 3.750%, 15-AUG-2041","2041-08-15-912810QS0"
"2026-10-06T0805","912810TA6","Bond",0.0175,"2041-08-15",61.688,61.757,"semi-annually","UNITED STATES TREAS SER BONDS OF AUGUST 2041, 1.750%, 15-AUG-2041","2041-08-15-912810TA6"
"2026-10-06T0805","912834KP2","STRIP","","2041-08-15",43.15,43.302,"","U S TREAS SEC STRIPPED INT PMT, 0.000%, 15-AUG-2041","2041-08-15-912834KP2"
"2026-10-06T0805","912803DU4","STRIP","","2041-11-15",43.314,43.411,"","UNITED STATES TREAS BD STRIPP ZERO CPN, 0.000%, 15-NOV-2041","2041-11-15-912803DU4"
"2026-10-06T0805","912810QT8","Bond",0.03125,"2041-11-15",75.308,75.341,"semi-annually","UNITED STATES TREAS BDS, 3.125%, 15-NOV-2041","2041-11-15-912810QT8"
"2026-10-06T0805","912810TC2","Bond",0.02,"2041-11-15",63.691,63.759,"semi-annually","UNITED STATES TREAS SER BONDS OF NOVEMBER 2041, 2.000%, 15-NOV-2041","2041-11-15-912810TC2"
"2026-10-06T0805","912834KV9","STRIP","","2041-11-15",42.428,42.587,"","U S TREAS SEC STRIPPED INT PMT, 0.000%, 15-NOV-2041","2041-11-15-912834KV9"
"2026-10-06T0805","912803DV2","STRIP","","2042-02-15",42.484,42.592,"","UNITED STATES TREAS BD STRIPP ZERO CPN, 0.000%, 15-FEB-2042","2042-02-15-912803DV2"
"2026-10-06T0805","912810QU5","Bond",0.03125,"2042-02-15",74.828,74.88,"semi-annually","UNITED STATES TREAS BDS, 3.125%, 15-FEB-2042","2042-02-15-912810QU5"
"2026-10-06T0805","912810QV3","TIPS",0.0075,"2042-02-15",69.826,69.945,"semi-annually","UNITED STATES TREAS BDS, 0.750%, 15-FEB-2042","2042-02-15-912810QV3"
"2026-10-06T0805","912810TF5","Bond",0.02375,"2042-02-15",67.074,67.121,"semi-annually","UNITED STATES TREAS SER BONDS OF FEBRUARY 2042, 2.375%, 15-FEB-2042","2042-02-15-912810TF5"
"2026-10-06T0805","912834LB2","STRIP","","2042-02-15",41.665,41.798,"","U S TREAS SEC STRIPPED INT PMT, 0.000%, 15-FEB-2042","2042-02-15-912834LB2"
"2026-10-06T0805","912803DX8","STRIP","","2042-05-15",41.814,41.904,"","UNITED STATES TREAS BD STRIPP ZERO CPN, 0.000%, 15-MAY-2042","2042-05-15-912803DX8"
"2026-10-06T0805","912803GJ6","STRIP","","2042-05-15",41.446,42.644,"","UNITED STATES TREAS BD STRIPP ZERO CPN, 0.000%, 15-MAY-2042","2042-05-15-912803GJ6"
"2026-10-06T0805","912810QW1","Bond",0.03,"2042-05-15",73.199,73.247,"semi-annually","UNITED STATES TREAS BDS, 3.000%, 15-MAY-2042","2042-05-15-912810QW1"
"2026-10-06T0805","912810TH1","Bond",0.0325,"2042-05-15",75.785,75.838,"semi-annually","UNITED STATES TREAS SER BONDS OF MAY 2042, 3.250%, 15-MAY-2042","2042-05-15-912810TH1"
"2026-10-06T0805","912834LK2","STRIP","","2042-05-15",40.923,41.101,"","U S TREAS SEC STRIPPED INT PMT, 0.000%, 15-MAY-2042","2042-05-15-912834LK2"
"2026-10-06T0805","912803DY6","STRIP","","2042-08-15",41.139,41.24,"","UNITED STATES TREAS BD STRIPP ZERO CPN, 0.000%, 15-AUG-2042","2042-08-15-912803DY6"
"2026-10-06T0805","912810QX9","Bond",0.0275,"2042-08-15",70.132,70.189,"semi-annually","UNITED STATES TREAS BDS, 2.750%, 15-AUG-2042","2042-08-15-912810QX9"
"2026-10-06T0805","912810TK4","Bond",0.03375,"2042-08-15",76.777,76.801,"semi-annually","UNITED STATES TREAS SER BONDS OF AUGUST 2042, 3.375%, 15-AUG-2042","2042-08-15-912810TK4"
"2026-10-06T0805","912834LR7","STRIP","","2042-08-15",40.304,40.45,"","U S TREAS SEC STRIPPED INT PMT, 0.000%, 15-AUG-2042","2042-08-15-912834LR7"
"2026-10-06T0805","912803DZ3","STRIP","","2042-11-15",40.447,40.528,"","UNITED STATES TREAS BD STRIPP ZERO CPN, 0.000%, 15-NOV-2042","2042-11-15-912803DZ3"
"2026-10-06T0805","912810QY7","Bond",0.0275,"2042-11-15",69.707,69.766,"semi-annually","UNITED STATES TREAS BDS, 2.750%, 15-NOV-2042","2042-11-15-912810QY7"
"2026-10-06T0805","912810TM0","Bond",0.04,"2042-11-15",83.05,83.088,"semi-annually","UNITED STATES TREAS SER BONDS OF NOVEMBER 2042, 4.000%, 15-NOV-2042","2042-11-15-912810TM0"
"2026-10-06T0805","912834LX4","STRIP","","2042-11-15",39.557,39.718,"","U S TREAS SEC STRIPPED INT PMT, 0.000%, 15-NOV-2042","2042-11-15-912834LX4"
"2026-10-06T0805","912803EA7","STRIP","","2043-02-15",39.739,39.83,"","UNITED STATES TREAS BD STRIPP ZERO CPN, 0.000%, 15-FEB-2043","2043-02-15-912803EA7"
"2026-10-06T0805","912810QZ4","Bond",0.03125,"2043-02-15",73.304,73.335,"semi-annually","UNITED STATES TREAS BDS, 3.125%, 15-FEB-2043","2043-02-15-912810QZ4"
"2026-10-06T0805","912810RA8","TIPS",0.00625,"2043-02-15",66.467,66.587,"semi-annually","UNITED STATES TREAS BDS, 0.625%, 15-FEB-2043","2043-02-15-912810RA8"
"2026-10-06T0805","912810TQ1","Bond",0.03875,"2043-02-15",81.421,81.463,"semi-annually","UNITED STATES TREAS SER BONDS OF FEBRUARY 2043, 3.875%, 15-FEB-2043","2043-02-15-912810TQ1"
"2026-10-06T0805","912834MD7","STRIP","","2043-02-15",38.955,39.115,"","U S TREAS SEC STRIPPED INT PMT, 0.000%, 15-FEB-2043","2043-02-15-912834MD7"
"2026-10-06T0805","912803EC3","STRIP","","2043-05-15",39.092,39.198,"","UNITED STATES TREAS BD STRIPP ZERO CPN, 0.000%, 15-MAY-2043","2043-05-15-912803EC3"
"2026-10-06T0805","912810RB6","Bond",0.02875,"2043-05-15",70.292,70.335,"semi-annually","UNITED STATES TREAS BDS, 2.875%, 15-MAY-2043","2043-05-15-912810RB6"
"2026-10-06T0805","912810TS7","Bond",0.03875,"2043-05-15",81.152,81.2,"semi-annually","UNITED STATES TREAS SER BONDS OF MAY 2043, 3.875%, 15-MAY-2043","2043-05-15-912810TS7"
"2026-10-06T0805","912834MM7","STRIP","","2043-05-15",38.286,38.467,"","U S TREAS SEC STRIPPED INT PMT, 0.000%, 15-MAY-2043","2043-05-15-912834MM7"
"2026-10-06T0805","912803ED1","STRIP","","2043-08-15",38.465,38.567,"","UNITED STATES TREAS BD STRIPP ZERO CPN, 0.000%, 15-AUG-2043","2043-08-15-912803ED1"
"2026-10-06T0805","912810RC4","Bond",0.03625,"2043-08-15",78.109,78.168,"semi-annually","UNITED STATES TREAS BDS, 3.625%, 15-AUG-2043","2043-08-15-912810RC4"
"2026-10-06T0805","912810TU2","Bond",0.04375,"2043-08-15",86.347,86.378,"semi-annually","UNITED STATES TREAS SER BONDS OF AUGUST 2043, 4.375%, 15-AUG-2043","2043-08-15-912810TU2"
"2026-10-06T0805","912834MT2","STRIP","","2043-08-15",37.657,37.806,"","U S TREAS SEC STRIPPED INT PMT, 0.000%, 15-AUG-2043","2043-08-15-912834MT2"
"2026-10-06T0805","912803EE9","STRIP","","2043-11-15",37.849,37.944,"","UNITED STATES TREAS BD STRIPP ZERO CPN, 0.000%, 15-NOV-2043","2043-11-15-912803EE9"
"2026-10-06T0805","912810RD2","Bond",0.0375,"2043-11-15",79.203,79.251,"semi-annually","UNITED STATES TREAS BDS, 3.750%, 15-NOV-2043","2043-11-15-912810RD2"
"2026-10-06T0805","912810TW8","Bond",0.0475,"2043-11-15",90.312,90.35,"semi-annually","UNITED STATES TREAS SER BONDS OF NOVEMBER 2043, 4.750%, 15-NOV-2043","2043-11-15-912810TW8"
"2026-10-06T0805","912834MZ8","STRIP","","2043-11-15",37.05,37.219,"","U S TREAS SEC STRIPPED INT PMT, 0.000%, 15-NOV-2043","2043-11-15-912834MZ8"
"2026-10-06T0805","912803EF6","STRIP","","2044-02-15",37.247,37.341,"","UNITED STATES TREAS BD STRIPP ZERO CPN, 0.000%, 15-FEB-2044","2044-02-15-912803EF6"
"2026-10-06T0805","912810RE0","Bond",0.03625,"2044-02-15",77.564,77.589,"semi-annually","UNITED STATES TREAS SER BONDS OF FEB 2044, 3.625%, 15-FEB-2044","2044-02-15-912810RE0"
"2026-10-06T0805","912810RF7","TIPS",0.01375,"2044-02-15",74.484,74.586,"semi-annually","UNITED STATES TREAS BDS, 1.375%, 15-FEB-2044","2044-02-15-912810RF7"
"2026-10-06T0805","912810TZ1","Bond",0.045,"2044-02-15",87.335,87.369,"semi-annually","UNITED STATES TREAS SER BONDS OF FEBRUARY 2044, 4.500%, 15-FEB-2044","2044-02-15-912810TZ1"
"2026-10-06T0805","912834NF1","STRIP","","2044-02-15",36.44,36.6,"","U S TREAS SEC STRIPPED INT PMT, 0.000%, 15-FEB-2044","2044-02-15-912834NF1"
"2026-10-06T0805","912803EH2","STRIP","","2044-05-15",36.704,36.82,"","UNITED STATES TREAS BD STRIPP ZERO CPN, 0.000%, 15-MAY-2044","2044-05-15-912803EH2"
"2026-10-06T0805","912810RG5","Bond",0.03375,"2044-05-15",74.564,74.594,"semi-annually","UNITED STATES TREAS BDS, 3.375%, 15-MAY-2044","2044-05-15-912810RG5"
"2026-10-06T0805","912810UB2","Bond",0.04625,"2044-05-15",88.578,88.625,"semi-annually","UNITED STATES TREAS SER BONDS OF MAY 2044, 4.625%, 15-MAY-2044","2044-05-15-912810UB2"
"2026-10-06T0805","912834NP9","STRIP","","2044-05-15",35.883,36.044,"","U S TREAS SEC STRIPPED INT PMT, 0.000%, 15-MAY-2044","2044-05-15-912834NP9"
"2026-10-06T0805","912803EJ8","STRIP","","2044-08-15",36.121,36.217,"","UNITED STATES TREAS BD STRIPP ZERO CPN, 0.000%, 15-AUG-2044","2044-08-15-912803EJ8"
"2026-10-06T0805","912810RH3","Bond",0.03125,"2044-08-15",71.455,71.495,"semi-annually","UNITED STATES TREAS BDS, 3.125%, 15-AUG-2044","2044-08-15-912810RH3"
"2026-10-06T0805","912810UD8","Bond",0.04125,"2044-08-15",82.734,82.768,"semi-annually","UNITED STATES TREAS SER BONDS OF AUGUST 2044, 4.125%, 15-AUG-2044","2044-08-15-912810UD8"
"2026-10-06T0805","912834NV6","STRIP","","2044-08-15",35.337,35.509,"","U S TREAS SEC STRIPPED INT PMT, 0.000%, 15-AUG-2044","2044-08-15-912834NV6"
"2026-10-06T0805","912803EK5","STRIP","","2044-11-15",35.57,35.69,"","UNITED STATES TREAS BD STRIPP ZERO CPN, 0.000%, 15-NOV-2044","2044-11-15-912803EK5"
"2026-10-06T0805","912810RJ9","Bond",0.03,"2044-11-15",69.736,69.769,"semi-annually","UNITED STATES TREAS BDS, 3.000%, 15-NOV-2044","2044-11-15-912810RJ9"
"2026-10-06T0805","912810UF3","Bond",0.04625,"2044-11-15",88.218,88.258,"semi-annually","UNITED STATES TREAS SER BONDS OF NOVEMBER 2044, 4.625%, 15-NOV-2044","2044-11-15-912810UF3"
"2026-10-06T0805","912834PB8","STRIP","","2044-11-15",34.858,34.994,"","U S TREAS SEC STRIPPED INT PMT, 0.000%, 15-NOV-2044","2044-11-15-912834PB8"
"2026-10-06T0805","912803EL3","STRIP","","2045-02-15",35.071,35.173,"","UNITED STATES TREAS BD STRIPP ZERO CPN, 0.000%, 15-FEB-2045","2045-02-15-912803EL3"
"2026-10-06T0805","912810RK6","Bond",0.025,"2045-02-15",63.734,63.774,"semi-annually","UNITED STATES TREAS BDS, 2.500%, 15-FEB-2045","2045-02-15-912810RK6"
"2026-10-06T0805","912810RL4","TIPS",0.0075,"2045-02-15",64.468,64.57,"semi-annually","UNITED STATES TREAS BDS, 0.750%, 15-FEB-2045","2045-02-15-912810RL4"
"2026-10-06T0805","912810UJ5","Bond",0.0475,"2045-02-15",89.496,89.529,"semi-annually","UNITED STATES TREAS SER BONDS OF FEBRUARY 2045, 4.750%, 15-FEB-2045","2045-02-15-912810UJ5"
"2026-10-06T0805","912834PH5","STRIP","","2045-02-15",34.25,34.423,"","U S TREAS SEC STRIPPED INT PMT, 0.000%, 15-FEB-2045","2045-02-15-912834PH5"
"2026-10-06T0805","912803EN9","STRIP","","2045-05-15",34.573,34.651,"","UNITED STATES TREAS BD STRIPP ZERO CPN, 0.000%, 15-MAY-2045","2045-05-15-912803EN9"
"2026-10-06T0805","912810RM2","Bond",0.03,"2045-05-15",69.238,69.267,"semi-annually","UNITED STATES TREAS BDS, 3.000%, 15-MAY-2045","2045-05-15-912810RM2"
"2026-10-06T0805","912810UL0","Bond",0.05,"2045-05-15",92.316,92.346,"semi-annually","UNITED STATES TREAS SER BONDS OF MAY 2045, 5.000%, 15-MAY-2045","2045-05-15-912810UL0"
"2026-10-06T0805","912834KB3","STRIP","","2045-05-15",33.804,33.938,"","U S TREAS SEC STRIPPED INT PMT, 0.000%, 15-MAY-2045","2045-05-15-912834KB3"
"2026-10-06T0805","912803EP4","STRIP","","2045-08-15",34.067,34.12,"","UNITED STATES TREAS BD STRIPP ZERO CPN, 0.000%, 15-AUG-2045","2045-08-15-912803EP4"
"2026-10-06T0805","912810RN0","Bond",0.02875,"2045-08-15",67.521,67.531,"semi-annually","UNITED STATES TREAS BDS, 2.875%, 15-AUG-2045","2045-08-15-912810RN0"
"2026-10-06T0805","912810UN6","Bond",0.04875,"2045-08-15",90.736,90.762,"semi-annually","UNITED STATES TREAS SER BONDS OF AUGUST 2045, 4.875%, 15-AUG-2045","2045-08-15-912810UN6"
"2026-10-06T0805","912834PM4","STRIP","","2045-08-15",33.265,33.415,"","U S TREAS SEC STRIPPED INT PMT, 0.000%, 15-AUG-2045","2045-08-15-912834PM4"
"2026-10-06T0805","912803EQ2","STRIP","","2045-11-15",33.586,33.678,"","UNITED STATES TREAS BD STRIPP ZERO CPN, 0.000%, 15-NOV-2045","2045-11-15-912803EQ2"
"2026-10-06T0805","912803HR7","STRIP","","2045-11-15",33.53,33.629,"","UNITED STATES TREAS BD STRIPP ZERO CPN, 0.000%, 15-NOV-2045","2045-11-15-912803HR7"
"2026-10-06T0805","912810RP5","Bond",0.03,"2045-11-15",68.732,68.764,"semi-annually","UNITED STATES TREAS SER BONDS OF NOVEMBER 2045, 3.000%, 15-NOV-2045","2045-11-15-912810RP5"
"2026-10-06T0805","912810UQ9","Bond",0.04625,"2045-11-15",87.724,87.747,"semi-annually","UNITED STATES TREAS SER BONDS OF NOVEMBER 20, 4.625%, 15-NOV-2045","2045-11-15-912810UQ9"
"2026-10-06T0805","912834PT9","STRIP","","2045-11-15",32.809,32.948,"","U S TREAS SEC STRIPPED INT PMT, 0.000%, 15-NOV-2045","2045-11-15-912834PT9"
"2026-10-06T0805","912803ER0","STRIP","","2046-02-15",33.129,33.208,"","UNITED STATES TREAS BD STRIPP ZERO CPN, 0.000%, 15-FEB-2046","2046-02-15-912803ER0"
"2026-10-06T0805","912810RQ3","Bond",0.025,"2046-02-15",62.613,62.661,"semi-annually","UNITED STATES TREAS SER BONDS OF FEBRUARY 2046, 2.500%, 15-FEB-2046","2046-02-15-912810RQ3"
"2026-10-06T0805","912810RR1","TIPS",0.01,"2046-02-15",66.515,66.624,"semi-annually","UNITED STATES TREAS BDS, 1.000%, 15-FEB-2046","2046-02-15-912810RR1"
"2026-10-06T0805","912810UT3","Bond",0.04625,"2046-02-15",87.642,87.665,"semi-annually","UNITED STATES TREAS SER BONDS OF FEBRUAR, 4.625%, 15-FEB-2046","2046-02-15-912810UT3"
"2026-10-06T0805","912834PZ5","STRIP","","2046-02-15",32.421,32.51,"","U S TREAS SEC STRIPPED INT PMT, 0.000%, 15-FEB-2046","2046-02-15-912834PZ5"
"2026-10-06T0805","912803ET6","STRIP","","2046-05-15",32.648,32.727,"","UNITED STATES TREAS BD STRIPP ZERO CPN, 0.000%, 15-MAY-2046","2046-05-15-912803ET6"
"2026-10-06T0805","912810RS9","Bond",0.025,"2046-05-15",62.335,62.379,"semi-annually","UNITED STATES TREAS SER BONDS OF MAY 2046, 2.500%, 15-MAY-2046","2046-05-15-912810RS9"
"2026-10-06T0805","912810UV8","Bond",0.05,"2046-05-15",92.013,92.022,"semi-annually","UNITED STATES TREAS SER BONDS, 5.000%, 15-MAY-2046","2046-05-15-912810UV8"
"2026-10-06T0805","912834QH4","STRIP","","2046-05-15",31.891,32.036,"","U S TREAS SEC STRIPPED INT PMT, 0.000%, 15-MAY-2046","2046-05-15-912834QH4"
"2026-10-06T0805","912803EU3","STRIP","","2046-08-15",32.215,32.282,"","UNITED STATES TREAS BD STRIPP ZERO CPN, 0.000%, 15-AUG-2046","2046-08-15-912803EU3"
"2026-10-06T0805","912810RT7","Bond",0.0225,"2046-08-15",59.089,59.122,"semi-annually","UNITED STATES TREAS BOND, 2.250%, 15-AUG-2046","2046-08-15-912810RT7"
"2026-10-06T0805","912810UX4","Bond",0.05125,"2046-08-15",93.516,93.531,"semi-annually","UNITED STATES TREAS SER BONDS, 5.125%, 15-AUG-2046","2046-08-15-912810UX4"
"2026-10-06T0805","912834QP6","STRIP","","2046-08-15",31.477,31.598,"","U S TREAS SEC STRIPPED INT PMT, 0.000%, 15-AUG-2046","2046-08-15-912834QP6"
"2026-10-06T0805","912803EV1","STRIP","","2046-11-15",31.743,31.82,"","UNITED STATES TREAS BD STRIPP ZERO CPN, 0.000%, 15-NOV-2046","2046-11-15-912803EV1"
"2026-10-06T0805","912810RU4","Bond",0.02875,"2046-11-15",66.32,66.352,"semi-annually","UNITED STATES TREAS SER BONDS OF NOVEMBER 2046, 2.875%, 15-NOV-2046","2046-11-15-912810RU4"
"2026-10-06T0805","912834QV3","STRIP","","2046-11-15",31.031,31.155,"","U S TREAS SEC STRIPPED INT PMT, 0.000%, 15-NOV-2046","2046-11-15-912834QV3"
"2026-10-06T0805","912803EW9","STRIP","","2047-02-15",31.266,31.339,"","UNITED STATES TREAS BD STRIPP ZERO CPN, 0.000%, 15-FEB-2047","2047-02-15-912803EW9"
"2026-10-06T0805","912810RV2","Bond",0.03,"2047-02-15",67.582,67.612,"semi-annually","UNITED STATES TREAS SER BONDS OF FEBRUARY 2047, 3.000%, 15-FEB-2047","2047-02-15-912810RV2"
"2026-10-06T0805","912810RW0","TIPS",0.00875,"2047-02-15",63.336,63.437,"semi-annually","UNITED STATES TREAS BDS TIPS, 0.875%, 15-FEB-2047","2047-02-15-912810RW0"
"2026-10-06T0805","912834RB6","STRIP","","2047-02-15",30.576,30.725,"","U S TREAS SEC STRIPPED INT PMT, 0.000%, 15-FEB-2047","2047-02-15-912834RB6"
"2026-10-06T0805","912803EY5","STRIP","","2047-05-15",30.812,30.914,"","UNITED STATES TREAS BD STRIPP ZERO CPN, 0.000%, 15-MAY-2047","2047-05-15-912803EY5"
"2026-10-06T0805","912810RX8","Bond",0.03,"2047-05-15",67.376,67.407,"semi-annually","UNITED STATES TREAS SER BONDS OF MAY 2047, 3.000%, 15-MAY-2047","2047-05-15-912810RX8"
"2026-10-06T0805","912834RK6","STRIP","","2047-05-15",30.239,30.325,"","U S TREAS SEC STRIPPED INT PMT, 0.000%, 15-MAY-2047","2047-05-15-912834RK6"
"2026-10-06T0805","912803EZ2","STRIP","","2047-08-15",30.384,30.475,"","UNITED STATES TREAS BD STRIPP ZERO CPN, 0.000%, 15-AUG-2047","2047-08-15-912803EZ2"
"2026-10-06T0805","912810RY6","Bond",0.0275,"2047-08-15",64.101,64.125,"semi-annually","UNITED STATES TREAS SER BONDS OF AUGUST 2047, 2.750%, 15-AUG-2047","2047-08-15-912810RY6"
"2026-10-06T0805","912834RR1","STRIP","","2047-08-15",29.832,29.926,"","U S TREAS SEC STRIPPED INT PMT, 0.000%, 15-AUG-2047","2047-08-15-912834RR1"
"2026-10-06T0805","912803FA6","STRIP","","2047-11-15",29.936,30.024,"","UNITED STATES TREAS BD STRIPP ZERO CPN, 0.000%, 15-NOV-2047","2047-11-15-912803FA6"
"2026-10-06T0805","912810RZ3","Bond",0.0275,"2047-11-15",63.869,63.891,"semi-annually","UNITED STATES TREAS SER BONDS OF NOVEMBER 2047, 2.750%, 15-NOV-2047","2047-11-15-912810RZ3"
"2026-10-06T0805","912834SZ2","STRIP","","2047-11-15",29.36,29.521,"","U S TREAS SEC STRIPPED INT PMT, 0.000%, 15-NOV-2047","2047-11-15-912834SZ2"
"2026-10-06T0805","912803FB4","STRIP","","2048-02-15",29.526,29.615,"","UNITED STATES TREAS BD STRIPP ZERO CPN, 0.000%, 15-FEB-2048","2048-02-15-912803FB4"
"2026-10-06T0805","912810SA7","Bond",0.03,"2048-02-15",66.742,66.764,"semi-annually","UNITED STATES TREAS SER BONDS OF FEBRUARY 2048, 3.000%, 15-FEB-2048","2048-02-15-912810SA7"
"2026-10-06T0805","912810SB5","TIPS",0.01,"2048-02-15",63.883,63.991,"semi-annually","UNITED STATES TREAS BONDS, 1.000%, 15-FEB-2048","2048-02-15-912810SB5"
"2026-10-06T0805","912834TF5","STRIP","","2048-02-15",28.971,29.121,"","U S TREAS SEC STRIPPED INT PMT, 0.000%, 15-FEB-2048","2048-02-15-912834TF5"
"2026-10-06T0805","912803FD0","STRIP","","2048-05-15",29.084,29.19,"","UNITED STATES TREAS BD STRIPP ZERO CPN, 0.000%, 15-MAY-2048","2048-05-15-912803FD0"
"2026-10-06T0805","912810SC3","Bond",0.03125,"2048-05-15",68.076,68.099,"semi-annually","UNITED STATES TREAS SER BONDS OF MAY 2048, 3.125%, 15-MAY-2048","2048-05-15-912810SC3"
"2026-10-06T0805","912834TP3","STRIP","","2048-05-15",28.423,28.615,"","U S TREAS SEC STRIPPED INT PMT, 0.000%, 15-MAY-2048","2048-05-15-912834TP3"
"2026-10-06T0805","912803FE8","STRIP","","2048-08-15",28.682,28.771,"","UNITED STATES TREAS BD STRIPP ZERO CPN, 0.000%, 15-AUG-2048","2048-08-15-912803FE8"
"2026-10-06T0805","912810SD1","Bond",0.03,"2048-08-15",66.296,66.32,"semi-annually","UNITED STATES TREAS SER BONDS OF AUGUST 2048, 3.000%, 15-AUG-2048","2048-08-15-912810SD1"
"2026-10-06T0805","912834TV0","STRIP","","2048-08-15",28.112,28.268,"","U S TREAS SEC STRIPPED INT PMT, 0.000%, 15-AUG-2048","2048-08-15-912834TV0"
"2026-10-06T0805","912803FF5","STRIP","","2048-11-15",28.27,28.358,"","UNITED STATES TREAS BD STRIPP ZERO CPN, 0.000%, 15-NOV-2048","2048-11-15-912803FF5"
"2026-10-06T0805","912810SE9","Bond",0.03375,"2048-11-15",70.851,70.874,"semi-annually","UNITED STATES TREAS SER BONDS OF NOVEMBER 2048, 3.375%, 15-NOV-2048","2048-11-15-912810SE9"
"2026-10-06T0805","912834UB2","STRIP","","2048-11-15",27.712,27.862,"","U S TREAS SEC STRIPPED INT PMT, 0.000%, 15-NOV-2048","2048-11-15-912834UB2"
"2026-10-06T0805","912803FG3","STRIP","","2049-02-15",27.872,27.969,"","UNITED STATES TREAS BD STRIPP ZERO CPN, 0.000%, 15-FEB-2049","2049-02-15-912803FG3"
"2026-10-06T0805","912810SF6","Bond",0.03,"2049-02-15",65.916,65.934,"semi-annually","UNITED STATES TREAS SER BONDS OF FEBRUARY 2049, 3.000%, 15-FEB-2049","2049-02-15-912810SF6"
"2026-10-06T0805","912810SG4","TIPS",0.01,"2049-02-15",62.813,62.92,"semi-annually","UNITED STATES TREAS BDS, 1.000%, 15-FEB-2049","2049-02-15-912810SG4"
"2026-10-06T0805","912834UH9","STRIP","","2049-02-15",27.346,27.475,"","U S TREAS SEC STRIPPED INT PMT, 0.000%, 15-FEB-2049","2049-02-15-912834UH9"
"2026-10-06T0805","912803FJ7","STRIP","","2049-05-15",27.503,27.597,"","UNITED STATES TREAS BD STRIPP ZERO CPN, 0.000%, 15-MAY-2049","2049-05-15-912803FJ7"
"2026-10-06T0805","912810SH2","Bond",0.02875,"2049-05-15",64.148,64.182,"semi-annually","UNITED STATES TREAS SER BONDS OF MAY 2049, 2.875%, 15-MAY-2049","2049-05-15-912810SH2"
"2026-10-06T0805","912834UR7","STRIP","","2049-05-15",26.957,27.129,"","U S TREAS SEC STRIPPED INT PMT, 0.000%, 15-MAY-2049","2049-05-15-912834UR7"
"2026-10-06T0805","912803FK4","STRIP","","2049-08-15",27.135,27.231,"","UNITED STATES TREAS BD STRIPP ZERO CPN, 0.000%, 15-AUG-2049","2049-08-15-912803FK4"
"2026-10-06T0805","912810SJ8","Bond",0.0225,"2049-08-15",55.958,55.993,"semi-annually","UNITED STATES TREAS SER BONDS OF AUGUST 2049, 2.250%, 15-AUG-2049","2049-08-15-912810SJ8"
"2026-10-06T0805","912834UY2","STRIP","","2049-08-15",26.547,26.719,"","U S TREAS SEC STRIPPED INT PMT, 0.000%, 15-AUG-2049","2049-08-15-912834UY2"
"2026-10-06T0805","912803FL2","STRIP","","2049-11-15",26.755,26.846,"","UNITED STATES TREAS BD STRIPP ZERO CPN, 0.000%, 15-NOV-2049","2049-11-15-912803FL2"
"2026-10-06T0805","912810SK5","Bond",0.02375,"2049-11-15",57.332,57.374,"semi-annually","UNITED STATES TREAS SER BONDS OF NOVEMBER 2049, 2.375%, 15-NOV-2049","2049-11-15-912810SK5"
"2026-10-06T0805","912834VE5","STRIP","","2049-11-15",26.215,26.386,"","U S TREAS SEC STRIPPED INT PMT, 0.000%, 15-NOV-2049","2049-11-15-912834VE5"
"2026-10-06T0805","912803FM0","STRIP","","2050-02-15",26.396,26.478,"","UNITED STATES TREAS BD STRIPP ZERO CPN, 0.000%, 15-FEB-2050","2050-02-15-912803FM0"
"2026-10-06T0805","912810SL3","Bond",0.02,"2050-02-15",52.304,52.329,"semi-annually","UNITED STATES TREAS SER BONDS OF FEBRUARY 2050, 2.000%, 15-FEB-2050","2050-02-15-912810SL3"
"2026-10-06T0805","912810SM1","TIPS",0.0025,"2050-02-15",49.593,49.703,"semi-annually","UNITED STATES TREAS BDS, 0.250%, 15-FEB-2050","2050-02-15-912810SM1"
"2026-10-06T0805","912834VM7","STRIP","","2050-02-15",25.934,26.073,"","U S TREAS SEC STRIPPED INT PMT, 0.000%, 15-FEB-2050","2050-02-15-912834VM7"
"2026-10-06T0805","912803FP3","STRIP","","2050-05-15",26.373,26.479,"","UNITED STATES TREAS BD STRIPP ZERO CPN, 0.000%, 15-MAY-2050","2050-05-15-912803FP3"
"2026-10-06T0805","912810SN9","Bond",0.0125,"2050-05-15",42.652,42.658,"semi-annually","UNITED STATES TREAS SER BONDS OF MAY 2050, 1.250%, 15-MAY-2050","2050-05-15-912810SN9"
"2026-10-06T0805","912834VV7","STRIP","","2050-05-15",25.573,25.712,"","U S TREAS SEC STRIPPED INT PMT, 0.000%, 15-MAY-2050","2050-05-15-912834VV7"
"2026-10-06T0805","912803FR9","STRIP","","2050-08-15",25.868,25.97,"","UNITED STATES TREAS BD STRIPP ZERO CPN, 0.000%, 15-AUG-2050","2050-08-15-912803FR9"
"2026-10-06T0805","912810SP4","Bond",0.01375,"2050-08-15",43.841,43.862,"semi-annually","UNITED STATES TREAS SER BONDS OF AUGUST 2050, 1.375%, 15-AUG-2050","2050-08-15-912810SP4"
"2026-10-06T0805","912834WC8","STRIP","","2050-08-15",25.206,25.346,"","U S TREAS SEC STRIPPED INT PMT, 0.000%, 15-AUG-2050","2050-08-15-912834WC8"
"2026-10-06T0805","912803FT5","STRIP","","2050-11-15",25.381,25.479,"","UNITED STATES TREAS BD STRIPP ZERO CPN, 0.000%, 15-NOV-2050","2050-11-15-912803FT5"
"2026-10-06T0805","912810SS8","Bond",0.01625,"2050-11-15",46.73,46.76,"semi-annually","UNITED STATES TREAS SER BONDS OF NOVEMBER 2050, 1.625%, 15-NOV-2050","2050-11-15-912810SS8"
"2026-10-06T0805","912834WJ3","STRIP","","2050-11-15",24.906,25.013,"","U S TREAS SEC STRIPPED INT PMT, 0.000%, 15-NOV-2050","2050-11-15-912834WJ3"
"2026-10-06T0805","912803FV0","STRIP","","2051-02-15",24.979,25.08,"","UNITED STATES TREAS BD STRIPP ZERO CPN, 0.000%, 15-FEB-2051","2051-02-15-912803FV0"
"2026-10-06T0805","912810SU3","Bond",0.01875,"2051-02-15",49.703,49.709,"semi-annually","UNITED STATES TREAS SER BONDS OF FEBRUARY 2051, 1.875%, 15-FEB-2051","2051-02-15-912810SU3"
"2026-10-06T0805","912810SV1","TIPS",0.00125,"2051-02-15",46.226,46.328,"semi-annually","UNITED STATES TREAS BDS, 0.125%, 15-FEB-2051","2051-02-15-912810SV1"
"2026-10-06T0805","912834WR5","STRIP","","2051-02-15",24.519,24.662,"","U S TREAS SEC STRIPPED INT PMT, 0.000%, 15-FEB-2051","2051-02-15-912834WR5"
"2026-10-06T0805","912803FY4","STRIP","","2051-05-15",24.615,24.69,"","UNITED STATES TREAS BD STRIPP ZERO CPN, 0.000%, 15-MAY-2051","2051-05-15-912803FY4"
"2026-10-06T0805","912810SX7","Bond",0.02375,"2051-05-15",56.109,56.117,"semi-annually","UNITED STATES TREAS SER BONDS OF MAY 2051, 2.375%, 15-MAY-2051","2051-05-15-912810SX7"
"2026-10-06T0805","912834WZ7","STRIP","","2051-05-15",24.189,24.31,"","U S TREAS SEC STRIPPED INT PMT, 0.000%, 15-MAY-2051","2051-05-15-912834WZ7"
"2026-10-06T0805","912803GA5","STRIP","","2051-08-15",24.299,24.384,"","UNITED STATES TREAS BD STRIPP ZERO CPN, 0.000%, 15-AUG-2051","2051-08-15-912803GA5"
"2026-10-06T0805","912810SZ2","Bond",0.02,"2051-08-15",50.91,50.911,"semi-annually","UNITED STATES TREAS SER BONDS OF AUGUST 2051, 2.000%, 15-AUG-2051","2051-08-15-912810SZ2"
"2026-10-06T0805","912834XG8","STRIP","","2051-08-15",23.897,24.004,"","U S TREAS SEC STRIPPED INT PMT, 0.000%, 15-AUG-2051","2051-08-15-912834XG8"
"2026-10-06T0805","912803GC1","STRIP","","2051-11-15",23.984,24.087,"","UNITED STATES TREAS BD STRIPP ZERO CPN, 0.000%, 15-NOV-2051","2051-11-15-912803GC1"
"2026-10-06T0805","912810TB4","Bond",0.01875,"2051-11-15",49.054,49.063,"semi-annually","UNITED STATES TREAS SER BONDS OF NOVEMBER 2051, 1.875%, 15-NOV-2051","2051-11-15-912810TB4"
"2026-10-06T0805","912834A65","STRIP","","2051-11-15",23.525,23.662,"","U S TREAS SEC STRIPPED INT PMT, 0.000%, 15-NOV-2051","2051-11-15-912834A65"
"2026-10-06T0805","912803GE7","STRIP","","2052-02-15",23.656,23.727,"","UNITED STATES TREAS BD STRIPP ZERO CPN, 0.000%, 15-FEB-2052","2052-02-15-912803GE7"
"2026-10-06T0805","912810TD0","Bond",0.0225,"2052-02-15",53.878,53.881,"semi-annually","UNITED STATES TREAS SER BONDS OF FEBRUARY 2052, 2.250%, 15-FEB-2052","2052-02-15-912810TD0"
"2026-10-06T0805","912810TE8","TIPS",0.00125,"2052-02-15",44.835,44.94,"semi-annually","UNITED STATES TREAS BDS, 0.125%, 15-FEB-2052","2052-02-15-912810TE8"
"2026-10-06T0805","912834B56","STRIP","","2052-02-15",23.142,23.296,"","U S TREAS SEC STRIPPED INT PMT, 0.000%, 15-FEB-2052","2052-02-15-912834B56"
"2026-10-06T0805","912803GH0","STRIP","","2052-05-15",23.351,23.449,"","UNITED STATES TREAS BD STRIPP ZERO CPN, 0.000%, 15-MAY-2052","2052-05-15-912803GH0"
"2026-10-06T0805","912810TG3","Bond",0.02875,"2052-05-15",62.134,62.135,"semi-annually","UNITED STATES TREAS SER BONDS OF MAY 2052, 2.875%, 15-MAY-2052","2052-05-15-912810TG3"
"2026-10-06T0805","912834C55","STRIP","","2052-05-15",22.839,23.051,"","U S TREAS SEC STRIPPED INT PMT, 0.000%, 15-MAY-2052","2052-05-15-912834C55"
"2026-10-06T0805","912803GK3","STRIP","","2052-08-15",23.072,23.142,"","UNITED STATES TREAS BD STRIPP ZERO CPN, 0.000%, 15-AUG-2052","2052-08-15-912803GK3"
"2026-10-06T0805","912810TJ7","Bond",0.03,"2052-08-15",63.673,63.681,"semi-annually","UNITED STATES TREASURY, 3.000%, 15-AUG-2052","2052-08-15-912810TJ7"
"2026-10-06T0805","912834D47","STRIP","","2052-08-15",22.651,22.776,"","U S TREAS SEC STRIPPED INT PMT, 0.000%, 15-AUG-2052","2052-08-15-912834D47"
"2026-10-06T0805","912803GM9","STRIP","","2052-11-15",22.729,22.805,"","UNITED STATES TREAS BD STRIPP ZERO CPN, 0.000%, 15-NOV-2052","2052-11-15-912803GM9"
"2026-10-06T0805","912810TL2","Bond",0.04,"2052-11-15",77.118,77.121,"semi-annually","UNITED STATES TREAS SER BONDS OF NOVEMBER 2052, 4.000%, 15-NOV-2052","2052-11-15-912810TL2"
"2026-10-06T0805","912834F29","STRIP","","2052-11-15",22.352,22.501,"","U S TREAS SEC STRIPPED INT PMT, 0.000%, 15-NOV-2052","2052-11-15-912834F29"
"2026-10-06T0805","912803GP2","STRIP","","2053-02-15",22.503,22.589,"","UNITED STATES TREAS BD STRIPP ZERO CPN, 0.000%, 15-FEB-2053","2053-02-15-912803GP2"
"2026-10-06T0805","912810TN8","Bond",0.03625,"2053-02-15",71.976,71.991,"semi-annually","UNITED STATES TREAS SER BONDS OF FEBRUARY 2053, 3.625%, 15-FEB-2053","2053-02-15-912810TN8"
"2026-10-06T0805","912810TP3","TIPS",0.015,"2053-02-15",67.261,67.363,"semi-annually","UNITED STATES TREAS BDS, 1.500%, 15-FEB-2053","2053-02-15-912810TP3"
"2026-10-06T0805","912834F94","STRIP","","2053-02-15",21.923,22.11,"","U S TREAS SEC STRIPPED INT PMT, 0.000%, 15-FEB-2053","2053-02-15-912834F94"
"2026-10-06T0805","912803GS6","STRIP","","2053-05-15",22.19,22.296,"","UNITED STATES TREAS BD STRIPP ZERO CPN, 0.000%, 15-MAY-2053","2053-05-15-912803GS6"
"2026-10-06T0805","912810TR9","Bond",0.03625,"2053-05-15",71.894,71.904,"semi-annually","UNITED STATES TREAS SER BONDS OF MAY 2053, 3.625%, 15-MAY-2053","2053-05-15-912810TR9"
"2026-10-06T0805","912834G93","STRIP","","2053-05-15",21.804,21.92,"","U S TREAS SEC STRIPPED INT PMT, 0.000%, 15-MAY-2053","2053-05-15-912834G93"
"2026-10-06T0805","912803GU1","STRIP","","2053-08-15",21.921,22.018,"","UNITED STATES TREAS BD STRIPP ZERO CPN, 0.000%, 15-AUG-2053","2053-08-15-912803GU1"
"2026-10-06T0805","912810TT5","Bond",0.04125,"2053-08-15",78.689,78.711,"semi-annually","UNITED STATES TREAS SER BONDS OF AUGUST 2053, 4.125%, 15-AUG-2053","2053-08-15-912810TT5"
"2026-10-06T0805","912834H84","STRIP","","2053-08-15",21.484,21.591,"","U S TREAS SEC STRIPPED INT PMT, 0.000%, 15-AUG-2053","2053-08-15-912834H84"
"2026-10-06T0805","912803GW7","STRIP","","2053-11-15",21.665,21.729,"","UNITED STATES TREAS BD STRIPP ZERO CPN, 0.000%, 15-NOV-2053","2053-11-15-912803GW7"
"2026-10-06T0805","912810TV0","Bond",0.0475,"2053-11-15",87.286,87.309,"semi-annually","UNITED STATES TREAS SER BONDS OF NOVEMBER 2053, 4.750%, 15-NOV-2053","2053-11-15-912810TV0"
"2026-10-06T0805","912834J66","STRIP","","2053-11-15",21.161,21.344,"","U S TREAS SEC STRIPPED INT PMT, 0.000%, 15-NOV-2053","2053-11-15-912834J66"
"2026-10-06T0805","912803GY3","STRIP","","2054-02-15",21.39,21.481,"","UNITED STATES TREAS BD STRIPP ZERO CPN, 0.000%, 15-FEB-2054","2054-02-15-912803GY3"
"2026-10-06T0805","912810TX6","Bond",0.0425,"2054-02-15",80.33,80.356,"semi-annually","UNITED STATES TREAS SER BONDS OF FEBRUARY 2054, 4.250%, 15-FEB-2054","2054-02-15-912810TX6"
"2026-10-06T0805","912810TY4","TIPS",0.02125,"2054-02-15",77.482,77.572,"semi-annually","UNITED STATES TREAS BDS, 2.125%, 15-FEB-2054","2054-02-15-912810TY4"
"2026-10-06T0805","912834K56","STRIP","","2054-02-15",20.779,20.983,"","U S TREAS SEC STRIPPED INT PMT, 0.000%, 15-FEB-2054","2054-02-15-912834K56"
"2026-10-06T0805","912803HB2","STRIP","","2054-05-15",21.166,21.254,"","UNITED STATES TREAS BD STRIPP ZERO CPN, 0.000%, 15-MAY-2054","2054-05-15-912803HB2"
"2026-10-06T0805","912810UA4","Bond",0.04625,"2054-05-15",85.535,85.571,"semi-annually","UNITED STATES TREAS SER BONDS OF MAY 2054, 4.625%, 15-MAY-2054","2054-05-15-912810UA4"
"2026-10-06T0805","912834XP8","STRIP","","2054-05-15",20.553,20.716,"","U S TREAS SEC STRIPPED INT PMT, 0.000%, 15-MAY-2054","2054-05-15-912834XP8"
"2026-10-06T0805","912803HD8","STRIP","","2054-08-15",20.893,20.991,"","UNITED STATES TREAS BD STRIPP ZERO CPN, 0.000%, 15-AUG-2054","2054-08-15-912803HD8"
"2026-10-06T0805","912810UC0","Bond",0.0425,"2054-08-15",80.265,80.288,"semi-annually","UNITED STATES TREAS SER BONDS OF AUGUST 2054, 4.250%, 15-AUG-2054","2054-08-15-912810UC0"
"2026-10-06T0805","912834XW3","STRIP","","2054-08-15",20.436,20.567,"","U S TREAS SEC STRIPPED INT PMT, 0.000%, 15-AUG-2054","2054-08-15-912834XW3"
"2026-10-06T0805","912803HF3","STRIP","","2054-11-15",20.611,20.68,"","UNITED STATES TREAS BD STRIPP ZERO CPN, 0.000%, 15-NOV-2054","2054-11-15-912803HF3"
"2026-10-06T0805","912810UE6","Bond",0.045,"2054-11-15",83.712,83.739,"semi-annually","UNITED STATES TREAS SER BONDS OF NOVEMBER 2054, 4.500%, 15-NOV-2054","2054-11-15-912810UE6"
"2026-10-06T0805","912834YC6","STRIP","","2054-11-15",20.244,20.353,"","U S TREAS SEC STRIPPED INT PMT, 0.000%, 15-NOV-2054","2054-11-15-912834YC6"
"2026-10-06T0805","912803HH9","STRIP","","2055-02-15",20.414,20.491,"","UNITED STATES TREAS BD STRIPP ZERO CPN, 0.000%, 15-FEB-2055","2055-02-15-912803HH9"
"2026-10-06T0805","912810UG1","Bond",0.04625,"2055-02-15",85.472,85.497,"semi-annually","UNITED STATES TREAS SER BONDS OF FEBRUARY 2055, 4.625%, 15-FEB-2055","2055-02-15-912810UG1"
"2026-10-06T0805","912810UH9","TIPS",0.02375,"2055-02-15",81.565,81.649,"semi-annually","UNITED STATES TREAS BDS, 2.375%, 15-FEB-2055","2055-02-15-912810UH9"
"2026-10-06T0805","912834YK8","STRIP","","2055-02-15",19.996,20.206,"","U S TREAS SEC STRIPPED INT PMT, 0.000%, 15-FEB-2055","2055-02-15-912834YK8"
"2026-10-06T0805","912803HL0","STRIP","","2055-05-15",20.201,20.269,"","UNITED STATES TREAS BD STRIPP ZERO CPN, 0.000%, 15-MAY-2055","2055-05-15-912803HL0"
"2026-10-06T0805","912810UK2","Bond",0.0475,"2055-05-15",87.248,87.274,"semi-annually","UNITED STATES TREAS SER BONDS OF MAY 2055, 4.750%, 15-MAY-2055","2055-05-15-912810UK2"
"2026-10-06T0805","912834YT9","STRIP","","2055-05-15",19.97,20.067,"","U S TREAS SEC STRIPPED INT PMT, 0.000%, 15-MAY-2055","2055-05-15-912834YT9"
"2026-10-06T0805","912803HN6","STRIP","","2055-08-15",19.945,20.031,"","UNITED STATES TREAS BD STRIPP ZERO CPN, 0.000%, 15-AUG-2055","2055-08-15-912803HN6"
"2026-10-06T0805","912810UM8","Bond",0.0475,"2055-08-15",87.222,87.243,"semi-annually","UNITED STATES TREAS SER BONDS OF AUGUST 2055, 4.750%, 15-AUG-2055","2055-08-15-912810UM8"
"2026-10-06T0805","912834ZA9","STRIP","","2055-08-15",19.789,19.932,"","U S TREAS SEC STRIPPED INT PMT, 0.000%, 15-AUG-2055","2055-08-15-912834ZA9"
"2026-10-06T0805","912803HQ9","STRIP","","2055-11-15",19.696,19.778,"","UNITED STATES TREAS BD STRIPP ZERO CPN, 0.000%, 15-NOV-2055","2055-11-15-912803HQ9"
"2026-10-06T0805","912810UP1","Bond",0.04625,"2055-11-15",85.435,85.465,"semi-annually","UNITED STATES TREAS SER BONDS OF NOVEMBER 2055, 4.625%, 15-NOV-2055","2055-11-15-912810UP1"
"2026-10-06T0805","912834ZG6","STRIP","","2055-11-15",19.82,19.97,"","U S TREAS SEC STRIPPED INT PMT, 0.000%, 15-NOV-2055","2055-11-15-912834ZG6"
"2026-10-06T0805","912803HS5","STRIP","","2056-02-15",19.549,19.617,"","UNITED STATES TREAS BD STRIPP ZERO CPN, 0.000%, 15-FEB-2056","2056-02-15-912803HS5"
"2026-10-06T0805","912810UR7","Bond",0.0475,"2056-02-15",87.281,87.309,"semi-annually","UNITED STATES TREAS SER BONDS OF FEBRUARY 2056, 4.750%, 15-FEB-2056","2056-02-15-912810UR7"
"2026-10-06T0805","912810US5","TIPS",0.02375,"2056-02-15",81.527,81.586,"semi-annually","UNITED STATES TREAS BDS, 2.375%, 15-FEB-2056","2056-02-15-912810US5"
"2026-10-06T0805","912834ZP6","STRIP","","2056-02-15",19.533,19.664,"","U S TREAS SEC STRIPPED INT PMT, 0.000%, 15-FEB-2056","2056-02-15-912834ZP6"
"2026-10-06T0805","912803HV8","STRIP","","2056-05-15",19.366,19.43,"","UNITED STATES TREAS BD STRIPP ZERO CPN, 0.000%, 15-MAY-2056","2056-05-15-912803HV8"
"2026-10-06T0805","912810UU0","Bond",0.05,"2056-05-15",90.918,90.928,"semi-annually","UNITED STATES TREAS SER BONDS, 5.000%, 15-MAY-2056","2056-05-15-912810UU0"
"2026-10-06T0805","912834ZX9","STRIP","","2056-05-15",19.259,19.582,"","U S TREAS SEC STRIPPED INT PMT, 0.000%, 15-MAY-2056","2056-05-15-912834ZX9"
"2026-10-06T0805","912803HX4","STRIP","","2056-08-15",19.121,19.196,"","UNITED STATES TREAS BD STRIPP ZERO CPN, 0.000%, 15-AUG-2056","2056-08-15-912803HX4"
"2026-10-06T0805","912810UW6","Bond",0.05125,"2056-08-15",92.703,92.718,"semi-annually","UNITED STATES TREAS BDS, 5.125%, 15-AUG-2056","2056-08-15-912810UW6"
"2026-10-06T0805","912834L48","STRIP","","2056-08-15",19.433,19.677,"","U S TREAS SEC STRIPPED INT PMT, 0.000%, 15-AUG-2056","2056-08-15-912834L48"
