asOfDate, cusip, securitytype, rate, maturitydate, bid, ask, frequency, description, key
"2026-10-02T1405","912797VK0","Bill","","2026-10-06","99.98900","99.99000","","UNITED STATES TREAS BILLS ZERO CPN, 0.000%, 06-OCT-2026","2026-10-06-912797VK0"
"2026-10-02T1405","912797UJ4","Bill","","2026-10-08","99.96800","99.96900","","UNITED STATES TREAS BILLS ZERO CPN, 0.000%, 08-OCT-2026","2026-10-08-912797UJ4"
"2026-10-02T1405","912797VL8","Bill","","2026-10-13","99.91500","99.91700","","UNITED STATES TREAS BILLS ZERO CPN, 0.000%, 13-OCT-2026","2026-10-13-912797VL8"
"2026-10-02T1405","912797UK1","Bill","","2026-10-15","99.89500","99.89700","","UNITED STATES TREAS BILLS ZERO CPN, 0.000%, 15-OCT-2026","2026-10-15-912797UK1"
"2026-10-02T1405","91282CDC2","TIPS","0.12500","2026-10-15","99.92100","100.07900","semi-annually","UNITED STATES TREAS NTS SER AE-2026, 0.125%, 15-OCT-2026","2026-10-15-91282CDC2"
"2026-10-02T1405","91282CJC6","Bond","4.62500","2026-10-15","100.00700","100.03200","semi-annually","UNITED STATES TREAS SER AT-2026, 4.625%, 15-OCT-2026","2026-10-15-91282CJC6"
"2026-10-02T1405","912797VM6","Bill","","2026-10-20","99.84000","99.84300","","UNITED STATES TREAS BILLS ZERO CPN, 0.000%, 20-OCT-2026","2026-10-20-912797VM6"
"2026-10-02T1405","912797UL9","Bill","","2026-10-22","99.81900","99.82100","","UNITED STATES TREAS BILLS ZERO CPN, 0.000%, 22-OCT-2026","2026-10-22-912797UL9"
"2026-10-02T1405","912797VN4","Bill","","2026-10-27","99.76400","99.76700","","UNITED STATES TREAS BILLS ZERO CPN, 0.000%, 27-OCT-2026","2026-10-27-912797VN4"
"2026-10-02T1405","912797SK4","Bill","","2026-10-29","99.74300","99.74600","","UNITED STATES TREAS BILLS ZERO CPN, 0.000%, 29-OCT-2026","2026-10-29-912797SK4"
"2026-10-02T1405","912828YQ7","Bond","1.62500","2026-10-31","99.79600","99.84000","semi-annually","UNITED STATES TREAS SER R-2026, 1.625%, 31-OCT-2026","2026-10-31-912828YQ7"
"2026-10-02T1405","91282CDG3","Bond","1.12500","2026-10-31","99.77700","99.79300","semi-annually","UNITED STATES TREAS SER AF-2026, 1.125%, 31-OCT-2026","2026-10-31-91282CDG3"
"2026-10-02T1405","91282CLS8","Bond","4.12500","2026-10-31","99.97600","100.00800","semi-annually","UNITED STATES TREAS SER BJ-2026, 4.125%, 31-OCT-2026","2026-10-31-91282CLS8"
"2026-10-02T1405","912797VP9","Bill","","2026-11-03","99.68700","99.69000","","UNITED STATES TREAS BILLS ZERO CPN, 0.000%, 03-NOV-2026","2026-11-03-912797VP9"
"2026-10-02T1405","912797UM7","Bill","","2026-11-05","99.66700","99.66900","","UNITED STATES TREAS BILLS ZERO CPN, 0.000%, 05-NOV-2026","2026-11-05-912797UM7"
"2026-10-02T1405","912797VW4","Bill","","2026-11-10","99.61300","99.61500","","UNITED STATES TREAS BILLS ZERO CPN, 0.000%, 10-NOV-2026","2026-11-10-912797VW4"
"2026-10-02T1405","912797UY1","Bill","","2026-11-12","99.58600","99.59000","","UNITED STATES TREAS BILLS ZERO CPN, 0.000%, 12-NOV-2026","2026-11-12-912797UY1"
"2026-10-02T1405","912803BJ1","Bond","","2026-11-15","99.54000","99.60300","","UNITED STATES TREAS BD STRIPP ZERO CPN, 0.000%, 15-NOV-2026","2026-11-15-912803BJ1"
"2026-10-02T1405","912810EY0","Bond","6.50000","2026-11-15","100.09800","100.52600","semi-annually","UNITED STATES TREAS BDS, 6.500%, 15-NOV-2026","2026-11-15-912810EY0"
"2026-10-02T1405","9128205Y9","STRIP","","2026-11-15","99.52800","99.57800","","U S TREAS SEC STRIPPED INT PMT, 0.000%, 15-NOV-2026","2026-11-15-9128205Y9"
"2026-10-02T1405","912828U24","Bond","2.00000","2026-11-15","99.75700","99.77400","semi-annually","UNITED STATES TREAS SER F-2026, 2.000%, 15-NOV-2026","2026-11-15-912828U24"
"2026-10-02T1405","91282CJK8","Bond","4.62500","2026-11-15","100.03900","100.07500","semi-annually","UNITED STATES TREAS SER AU-2026, 4.625%, 15-NOV-2026","2026-11-15-91282CJK8"
"2026-10-02T1405","912833PB0","STRIP","","2026-11-15","99.53500","99.59300","","U S TREAS SEC STRIPPED INT PMT, 0.000%, 15-NOV-2026","2026-11-15-912833PB0"
"2026-10-02T1405","912797VX2","Bill","","2026-11-17","99.53200","99.53600","","UNITED STATES TREAS BILLS ZERO CPN, 0.000%, 17-NOV-2026","2026-11-17-912797VX2"
"2026-10-02T1405","912797UZ8","Bill","","2026-11-19","99.51100","99.51400","","UNITED STATES TREAS BILLS ZERO CPN, 0.000%, 19-NOV-2026","2026-11-19-912797UZ8"
"2026-10-02T1405","912797VY0","Bill","","2026-11-24","99.45100","99.45500","","UNITED STATES TREAS BILLS ZERO CPN, 0.000%, 24-NOV-2026","2026-11-24-912797VY0"
"2026-10-02T1405","912797SU2","Bill","","2026-11-27","99.41700","99.42000","","UNITED STATES TREAS BILLS ZERO CPN, 0.000%, 27-NOV-2026","2026-11-27-912797SU2"
"2026-10-02T1405","912828YU8","Bond","1.62500","2026-11-30","99.62500","99.63700","semi-annually","UNITED STATES TREAS SER S-2026, 1.625%, 30-NOV-2026","2026-11-30-912828YU8"
"2026-10-02T1405","91282CDK4","Bond","1.25000","2026-11-30","99.57000","99.57900","semi-annually","UNITED STATES TREAS SER AG-2026, 1.250%, 30-NOV-2026","2026-11-30-91282CDK4"
"2026-10-02T1405","91282CLY5","Bond","4.25000","2026-11-30","100.01100","100.02800","semi-annually","UNITED STATES TREAS SER BL-2026, 4.250%, 30-NOV-2026","2026-11-30-91282CLY5"
"2026-10-02T1405","912797VZ7","Bill","","2026-12-01","99.37300","99.37600","","UNITED STATES TREAS BILLS ZERO CPN, 0.000%, 01-DEC-2026","2026-12-01-912797VZ7"
"2026-10-02T1405","912797VA2","Bill","","2026-12-03","99.35000","99.35300","","UNITED STATES TREAS BILLS ZERO CPN, 0.000%, 03-DEC-2026","2026-12-03-912797VA2"
"2026-10-02T1405","912797WE3","Bill","","2026-12-08","99.29800","99.30200","","UNITED STATES TREAS BILLS ZERO CPN, 0.000%, 08-DEC-2026","2026-12-08-912797WE3"
"2026-10-02T1405","912797VG9","Bill","","2026-12-10","99.27600","99.28300","","UNITED STATES TREAS BILLS ZERO CPN, 0.000%, 10-DEC-2026","2026-12-10-912797VG9"
"2026-10-02T1405","912797WF0","Bill","","2026-12-15","99.22400","99.23000","","UNITED STATES TREAS BILLS ZERO CPN, 0.000%, 15-DEC-2026","2026-12-15-912797WF0"
"2026-10-02T1405","91282CJP7","Bond","4.37500","2026-12-15","100.05000","100.06300","semi-annually","UNITED STATES TREAS SER AV-2026, 4.375%, 15-DEC-2026","2026-12-15-91282CJP7"
"2026-10-02T1405","912797VH7","Bill","","2026-12-17","99.19600","99.20000","","UNITED STATES TREAS BILLS ZERO CPN, 0.000%, 17-DEC-2026","2026-12-17-912797VH7"
"2026-10-02T1405","912797WG8","Bill","","2026-12-22","99.14600","99.15300","","UNITED STATES TREAS BILLS ZERO CPN, 0.000%, 22-DEC-2026","2026-12-22-912797WG8"
"2026-10-02T1405","912797TC1","Bill","","2026-12-24","99.11700","99.12100","","UNITED STATES TREAS BILLS ZERO CPN, 0.000%, 24-DEC-2026","2026-12-24-912797TC1"
"2026-10-02T1405","912797WH6","Bill","","2026-12-29","99.06500","99.07200","","UNITED STATES TREAS BILLS ZERO CPN, 0.000%, 29-DEC-2026","2026-12-29-912797WH6"
"2026-10-02T1405","912797VJ3","Bill","","2026-12-31","99.03200","99.03500","","UNITED STATES TREAS BILLS ZERO CPN, 0.000%, 31-DEC-2026","2026-12-31-912797VJ3"
"2026-10-02T1405","912828YX2","Bond","1.75000","2026-12-31","99.45300","99.46500","semi-annually","UNITED STATES TREAS SER T-2026, 1.750%, 31-DEC-2026","2026-12-31-912828YX2"
"2026-10-02T1405","91282CDQ1","Bond","1.25000","2026-12-31","99.32400","99.33600","semi-annually","UNITED STATES TREAS SER AH-2026, 1.250%, 31-DEC-2026","2026-12-31-91282CDQ1"
"2026-10-02T1405","91282CME8","Bond","4.25000","2026-12-31","100.01500","100.03200","semi-annually","UNITED STATES TREAS SER BM-2026, 4.250%, 31-DEC-2026","2026-12-31-91282CME8"
"2026-10-02T1405","912797WN3","Bill","","2027-01-05","98.97000","98.97600","","UNITED STATES TREAS BILLS ZERO CPN, 0.000%, 05-JAN-2027","2027-01-05-912797WN3"
"2026-10-02T1405","912797VS3","Bill","","2027-01-07","98.94700","98.96000","","UNITED STATES TREAS BILLS ZERO CPN, 0.000%, 07-JAN-2027","2027-01-07-912797VS3"
"2026-10-02T1405","912797WP8","Bill","","2027-01-12","98.89600","98.90100","","UNITED STATES TREAS BILLS ZERO CPN, 0.000%, 12-JAN-2027","2027-01-12-912797WP8"
"2026-10-02T1405","912797VT1","Bill","","2027-01-14","98.87400","98.88200","","UNITED STATES TREAS BILLS ZERO CPN, 0.000%, 14-JAN-2027","2027-01-14-912797VT1"
"2026-10-02T1405","912810PS1","TIPS","2.37500","2027-01-15","100.28100","100.43000","semi-annually","UNITED STATES TREAS BDS TIPS, 2.375%, 15-JAN-2027","2027-01-15-912810PS1"
"2026-10-02T1405","912828V49","TIPS","0.37500","2027-01-15","99.74200","99.87500","semi-annually","UNITED STATES TREAS NTS TIPS, 0.375%, 15-JAN-2027","2027-01-15-912828V49"
"2026-10-02T1405","91282CJT9","Bond","4.00000","2027-01-15","99.95700","99.96900","semi-annually","UNITED STATES TREAS SER AJ-2027, 4.000%, 15-JAN-2027","2027-01-15-91282CJT9"
"2026-10-02T1405","912797WQ6","Bill","","2027-01-19","98.80900","98.81500","","UNITED STATES TREAS BILLS ZERO CPN, 0.000%, 19-JAN-2027","2027-01-19-912797WQ6"
"2026-10-02T1405","912797TM9","Bill","","2027-01-21","98.79800","98.80200","","UNITED STATES TREAS BILLS ZERO CPN, 0.000%, 21-JAN-2027","2027-01-21-912797TM9"
"2026-10-02T1405","912797WR4","Bill","","2027-01-26","98.72800","98.73400","","UNITED STATES TREAS BILLS ZERO CPN, 0.000%, 26-JAN-2027","2027-01-26-912797WR4"
"2026-10-02T1405","912797VU8","Bill","","2027-01-28","98.70500","98.71600","","UNITED STATES TREAS BILLS ZERO CPN, 0.000%, 28-JAN-2027","2027-01-28-912797VU8"
"2026-10-02T1405","912828Z78","Bond","1.50000","2027-01-31","99.11700","99.17200","semi-annually","UNITED STATES TREAS SER G-2027, 1.500%, 31-JAN-2027","2027-01-31-912828Z78"
"2026-10-02T1405","91282CMH1","Bond","4.12500","2027-01-31","99.96400","99.97700","semi-annually","UNITED STATES TREAS SER AW-2027, 4.125%, 31-JAN-2027","2027-01-31-91282CMH1"
"2026-10-02T1405","912797VV6","Bill","","2027-02-04","98.62400","98.63500","","UNITED STATES TREAS BILLS ZERO CPN, 0.000%, 04-FEB-2027","2027-02-04-912797VV6"
"2026-10-02T1405","912797WB9","Bill","","2027-02-11","98.54600","98.56100","","UNITED STATES TREAS BILLS ZERO CPN, 0.000%, 11-FEB-2027","2027-02-11-912797WB9"
"2026-10-02T1405","912803BK8","Bond","","2027-02-15","98.55300","98.60500","","UNITED STATES TREAS BD STRIPP ZERO CPN, 0.000%, 15-FEB-2027","2027-02-15-912803BK8"
"2026-10-02T1405","912810EZ7","Bond","6.62500","2027-02-15","100.79700","101.17400","semi-annually","UNITED STATES TREAS BDS, 6.625%, 15-FEB-2027","2027-02-15-912810EZ7"
"2026-10-02T1405","9128206P7","STRIP","","2027-02-15","98.50000","98.62100","","U S TREAS SEC STRIPPED INT PMT, 0.000%, 15-FEB-2027","2027-02-15-9128206P7"
"2026-10-02T1405","912828V98","Bond","2.25000","2027-02-15","99.28900","99.30500","semi-annually","UNITED STATES TREAS SER B-2027, 2.250%, 15-FEB-2027","2027-02-15-912828V98"
"2026-10-02T1405","91282CKA8","Bond","4.12500","2027-02-15","99.96000","99.97700","semi-annually","UNITED STATES TREAS SER AK-2027, 4.125%, 15-FEB-2027","2027-02-15-91282CKA8"
"2026-10-02T1405","912833PC8","STRIP","","2027-02-15","98.48900","98.55000","","U S TREAS SEC STRIPPED INT PMT, 0.000%, 15-FEB-2027","2027-02-15-912833PC8"
"2026-10-02T1405","912797TV9","Bill","","2027-02-18","98.47000","98.48300","","UNITED STATES TREAS BILLS ZERO CPN, 0.000%, 18-FEB-2027","2027-02-18-912797TV9"
"2026-10-02T1405","912797WC7","Bill","","2027-02-25","98.36900","98.37500","","UNITED STATES TREAS BILLS ZERO CPN, 0.000%, 25-FEB-2027","2027-02-25-912797WC7"
"2026-10-02T1405","912828ZB9","Bond","1.12500","2027-02-28","98.78500","98.79700","semi-annually","UNITED STATES TREAS NOTE, 1.125%, 28-FEB-2027","2027-02-28-912828ZB9"
"2026-10-02T1405","91282CEC1","Bond","1.87500","2027-02-28","99.07400","99.08600","semi-annually","UNITED STATES TREAS SER V-2027, 1.875%, 28-FEB-2027","2027-02-28-91282CEC1"
"2026-10-02T1405","91282CMP3","Bond","4.12500","2027-02-28","99.96800","99.98500","semi-annually","UNITED STATES TREAS SER AY-2027, 4.125%, 28-FEB-2027","2027-02-28-91282CMP3"
"2026-10-02T1405","912797WD5","Bill","","2027-03-04","98.28700","98.30500","","UNITED STATES TREAS BILLS ZERO CPN, 0.000%, 04-MAR-2027","2027-03-04-912797WD5"
"2026-10-02T1405","912797WK9","Bill","","2027-03-11","98.20900","98.21900","","UNITED STATES TREAS BILLS ZERO CPN, 0.000%, 11-MAR-2027","2027-03-11-912797WK9"
"2026-10-02T1405","91282CKE0","Bond","4.25000","2027-03-15","100.03100","100.04300","semi-annually","UNITED STATES TREAS SER AL-2027, 4.250%, 15-MAR-2027","2027-03-15-91282CKE0"
"2026-10-02T1405","912797UD7","Bill","","2027-03-18","98.12700","98.14000","","UNITED STATES TREAS BILLS, 0.000%, 18-MAR-2027","2027-03-18-912797UD7"
"2026-10-02T1405","912797WL7","Bill","","2027-03-25","98.05200","98.05800","","UNITED STATES TREAS BILLS ZERO CPN, 0.000%, 25-MAR-2027","2027-03-25-912797WL7"
"2026-10-02T1405","912828ZE3","Bond","0.62500","2027-03-31","98.28100","98.29300","semi-annually","UNITED STATES TREAS NOTE, 0.625%, 31-MAR-2027","2027-03-31-912828ZE3"
"2026-10-02T1405","91282CEF4","Bond","2.50000","2027-03-31","99.16700","99.18000","semi-annually","UNITED STATES TREAS SER W-2027, 2.500%, 31-MAR-2027","2027-03-31-91282CEF4"
"2026-10-02T1405","91282CMV0","Bond","3.87500","2027-03-31","99.82400","99.84000","semi-annually","UNITED STATES TREAS SER AZ-2027, 3.875%, 31-MAR-2027","2027-03-31-91282CMV0"
"2026-10-02T1405","912797WM5","Bill","","2027-04-01","97.95000","97.95700","","UNITED STATES TREAS BILLS ZERO CPN, 0.000%, 01-APR-2027","2027-04-01-912797WM5"
"2026-10-02T1405","912797UE5","Bill","","2027-04-15","97.80300","97.82700","","UNITED STATES TREAS BILLS ZERO CPN, 0.000%, 15-APR-2027","2027-04-15-912797UE5"
"2026-10-02T1405","91282CEJ6","TIPS","0.12500","2027-04-15","98.92100","99.04500","semi-annually","UNITED STATES TREAS NTS SER X-2027, 0.125%, 15-APR-2027","2027-04-15-91282CEJ6"
"2026-10-02T1405","91282CKJ9","Bond","4.50000","2027-04-15","100.13200","100.14900","semi-annually","UNITED STATES TREAS SER AM-2027, 4.500%, 15-APR-2027","2027-04-15-91282CKJ9"
"2026-10-02T1405","912828ZN3","Bond","0.50000","2027-04-30","97.89800","97.91800","semi-annually","UNITED STATES TREAS NOTE, 0.500%, 30-APR-2027","2027-04-30-912828ZN3"
"2026-10-02T1405","91282CEN7","Bond","2.75000","2027-04-30","99.14800","99.16500","semi-annually","UNITED STATES TREAS SER Y-2027, 2.750%, 30-APR-2027","2027-04-30-91282CEN7"
"2026-10-02T1405","91282CMY4","Bond","3.75000","2027-04-30","99.71000","99.72700","semi-annually","UNITED STATES TREAS SER BA-2027, 3.750%, 30-APR-2027","2027-04-30-91282CMY4"
"2026-10-02T1405","912797UX3","Bill","","2027-05-13","97.52300","97.54600","","UNITED STATES TREAS BILLS ZERO CPN, 0.000%, 13-MAY-2027","2027-05-13-912797UX3"
"2026-10-02T1405","9128207D3","STRIP","","2027-05-15","97.38500","97.49200","","U S TREAS SEC STRIPPED INT PMT, 0.000%, 15-MAY-2027","2027-05-15-9128207D3"
"2026-10-02T1405","912828X88","Bond","2.37500","2027-05-15","98.82000","98.83600","semi-annually","UNITED STATES TREAS SER C-2027, 2.375%, 15-MAY-2027","2027-05-15-912828X88"
"2026-10-02T1405","91282CKR1","Bond","4.50000","2027-05-15","100.08200","100.09400","semi-annually","UNITED STATES TREAS SER AN-2027, 4.500%, 15-MAY-2027","2027-05-15-91282CKR1"
"2026-10-02T1405","912833PD6","STRIP","","2027-05-15","97.39000","97.46400","","U S TREAS SEC STRIPPED INT PMT, 0.000%, 15-MAY-2027","2027-05-15-912833PD6"
"2026-10-02T1405","912828ZS2","Bond","0.50000","2027-05-31","97.53500","97.55100","semi-annually","UNITED STATES TREAS SER L-2027, 0.500%, 31-MAY-2027","2027-05-31-912828ZS2"
"2026-10-02T1405","91282CET4","Bond","2.62500","2027-05-31","98.88600","98.90300","semi-annually","UNITED STATES TREAS SER Z-2027, 2.625%, 31-MAY-2027","2027-05-31-91282CET4"
"2026-10-02T1405","91282CNE7","Bond","3.87500","2027-05-31","99.68700","99.69600","semi-annually","UNITED STATES TREAS SER BC-2027, 3.875%, 31-MAY-2027","2027-05-31-91282CNE7"
"2026-10-02T1405","912797VF1","Bill","","2027-06-10","97.17700","97.21500","","UNITED STATES TREAS BILLS ZERO CPN, 0.000%, 10-JUN-2027","2027-06-10-912797VF1"
"2026-10-02T1405","91282CKV2","Bond","4.62500","2027-06-15","100.16700","100.18000","semi-annually","UNITED STATES TREAS SER AP-2027, 4.625%, 15-JUN-2027","2027-06-15-91282CKV2"
"2026-10-02T1405","912828ZV5","Bond","0.50000","2027-06-30","97.20700","97.22300","semi-annually","UNITED STATES TREAS SER M-2027, 0.500%, 30-JUN-2027","2027-06-30-912828ZV5"
"2026-10-02T1405","91282CEW7","Bond","3.25000","2027-06-30","99.17500","99.19600","semi-annually","UNITED STATES TREAS SER AA-2027, 3.250%, 30-JUN-2027","2027-06-30-91282CEW7"
"2026-10-02T1405","91282CNL1","Bond","3.75000","2027-06-30","99.53500","99.55100","semi-annually","UNITED STATES TREAS SER BD-2027, 3.750%, 30-JUN-2027","2027-06-30-91282CNL1"
"2026-10-02T1405","912797VQ7","Bill","","2027-07-08","96.81600","96.85100","","UNITED STATES TREAS BILLS ZERO CPN, 0.000%, 08-JUL-2027","2027-07-08-912797VQ7"
"2026-10-02T1405","9128282L3","TIPS","0.37500","2027-07-15","98.95300","99.08600","semi-annually","UNITED STATES TREAS NTS SER D-2027, 0.375%, 15-JUL-2027","2027-07-15-9128282L3"
"2026-10-02T1405","91282CKZ3","Bond","4.37500","2027-07-15","99.95300","99.97300","semi-annually","UNITED STATES TREAS SER AQ-2027, 4.375%, 15-JUL-2027","2027-07-15-91282CKZ3"
"2026-10-02T1405","91282CAD3","Bond","0.37500","2027-07-31","96.73000","96.75000","semi-annually","UNITED STATES TREAS SER N-2027, 0.375%, 31-JUL-2027","2027-07-31-91282CAD3"
"2026-10-02T1405","91282CFB2","Bond","2.75000","2027-07-31","98.62500","98.64500","semi-annually","UNITED STATES TREAS SER AB-2027, 2.750%, 31-JUL-2027","2027-07-31-91282CFB2"
"2026-10-02T1405","91282CNP2","Bond","3.87500","2027-07-31","99.51100","99.53200","semi-annually","UNITED STATES TREAS SER BE-2027, 3.875%, 31-JUL-2027","2027-07-31-91282CNP2"
"2026-10-02T1405","912797VR5","Bill","","2027-08-05","96.45800","96.49900","","UNITED STATES TREAS BILLS ZERO CPN, 0.000%, 05-AUG-2027","2027-08-05-912797VR5"
"2026-10-02T1405","912803BL6","Bond","","2027-08-15","96.23100","96.45400","","UNITED STATES TREAS BD STRIPP ZERO CPN, 0.000%, 15-AUG-2027","2027-08-15-912803BL6"
"2026-10-02T1405","912810FA1","Bond","6.37500","2027-08-15","101.44900","101.77400","semi-annually","UNITED STATES TREAS BDS, 6.375%, 15-AUG-2027","2027-08-15-912810FA1"
"2026-10-02T1405","9128203H8","STRIP","","2027-08-15","96.24400","96.46400","","U S TREAS SEC STRIPPED INT PMT, 0.000%, 15-AUG-2027","2027-08-15-9128203H8"
"2026-10-02T1405","9128282R0","Bond","2.25000","2027-08-15","98.12100","98.13700","semi-annually","UNITED STATES TREAS SER E-2027, 2.250%, 15-AUG-2027","2027-08-15-9128282R0"
"2026-10-02T1405","91282CLG4","Bond","3.75000","2027-08-15","99.37100","99.38300","semi-annually","UNITED STATES TREAS SER AR-2027, 3.750%, 15-AUG-2027","2027-08-15-91282CLG4"
"2026-10-02T1405","912833PE4","STRIP","","2027-08-15","96.21100","96.31200","","U S TREAS SEC STRIPPED INT PMT, 0.000%, 15-AUG-2027","2027-08-15-912833PE4"
"2026-10-02T1405","91282CAH4","Bond","0.50000","2027-08-31","96.48800","96.50000","semi-annually","UNITED STATES TREAS SER P-2027, 0.500%, 31-AUG-2027","2027-08-31-91282CAH4"
"2026-10-02T1405","91282CFH9","Bond","3.12500","2027-08-31","98.78500","98.79700","semi-annually","UNITED STATES TREAS SER AC-2027, 3.125%, 31-AUG-2027","2027-08-31-91282CFH9"
"2026-10-02T1405","91282CNV9","Bond","3.62500","2027-08-31","99.21800","99.23100","semi-annually","UNITED STATES TREAS SER BG-2027, 3.625%, 31-AUG-2027","2027-08-31-91282CNV9"
"2026-10-02T1405","912797WA1","Bill","","2027-09-02","96.15100","96.18700","","UNITED STATES TREAS BILLS ZERO CPN, 0.000%, 02-SEP-2027","2027-09-02-912797WA1"
"2026-10-02T1405","91282CLL3","Bond","3.37500","2027-09-15","98.96000","98.97700","semi-annually","UNITED STATES TREAS SER AS-2027, 3.375%, 15-SEP-2027","2027-09-15-91282CLL3"
"2026-10-02T1405","912797WJ2","Bill","","2027-09-30","95.74200","95.75600","","UNITED STATES TREAS BILLS ZERO CPN, 0.000%, 30-SEP-2027","2027-09-30-912797WJ2"
"2026-10-02T1405","91282CAL5","Bond","0.37500","2027-09-30","96.01900","96.04000","semi-annually","UNITED STATES TREAS SER Q-2027, 0.375%, 30-SEP-2027","2027-09-30-91282CAL5"
"2026-10-02T1405","91282CFM8","Bond","4.12500","2027-09-30","99.61700","99.63700","semi-annually","UNITED STATES TREAS SER AD-2027, 4.125%, 30-SEP-2027","2027-09-30-91282CFM8"
"2026-10-02T1405","91282CPB1","Bond","3.50000","2027-09-30","99.00300","99.02400","semi-annually","UNITED STATES TREAS SER BH-2027, 3.500%, 30-SEP-2027","2027-09-30-91282CPB1"
"2026-10-02T1405","91282CFR7","TIPS","1.62500","2027-10-15","99.48400","99.61600","semi-annually","UNITED STATES TREAS NTS SER AE-2027, 1.625%, 15-OCT-2027","2027-10-15-91282CFR7"
"2026-10-02T1405","91282CLQ2","Bond","3.87500","2027-10-15","99.32000","99.34400","semi-annually","UNITED STATES TREAS SER AT-2027, 3.875%, 15-OCT-2027","2027-10-15-91282CLQ2"
"2026-10-02T1405","91282CAU5","Bond","0.50000","2027-10-31","95.77700","95.79700","semi-annually","UNITED STATES TREAS SER R-2027, 0.500%, 31-OCT-2027","2027-10-31-91282CAU5"
"2026-10-02T1405","91282CFU0","Bond","4.12500","2027-10-31","99.53100","99.55100","semi-annually","UNITED STATES TREAS SER AF-2027, 4.125%, 31-OCT-2027","2027-10-31-91282CFU0"
"2026-10-02T1405","91282CPE5","Bond","3.50000","2027-10-31","98.85900","98.88300","semi-annually","UNITED STATES TREAS SER BJ-2027, 3.500%, 31-OCT-2027","2027-10-31-91282CPE5"
"2026-10-02T1405","912803BM4","Bond","","2027-11-15","95.04400","95.21200","","UNITED STATES TREAS BD STRIPP ZERO CPN, 0.000%, 15-NOV-2027","2027-11-15-912803BM4"
"2026-10-02T1405","912810FB9","Bond","6.12500","2027-11-15","101.49200","101.91700","semi-annually","UNITED STATES TREAS BDS, 6.125%, 15-NOV-2027","2027-11-15-912810FB9"
"2026-10-02T1405","9128203W5","STRIP","","2027-11-15","95.02000","95.35900","","U S TREAS SEC STRIPPED INT PMT, 0.000%, 15-NOV-2027","2027-11-15-9128203W5"
"2026-10-02T1405","9128283F5","Bond","2.25000","2027-11-15","97.46000","97.48100","semi-annually","UNITED STATES TREAS SER F-2027, 2.250%, 15-NOV-2027","2027-11-15-9128283F5"
"2026-10-02T1405","91282CLX7","Bond","4.12500","2027-11-15","99.46800","99.48100","semi-annually","UNITED STATES TREAS SER AU-2027, 4.125%, 15-NOV-2027","2027-11-15-91282CLX7"
"2026-10-02T1405","912833QB9","STRIP","","2027-11-15","95.02400","95.13600","","U S TREAS SEC STRIPPED INT PMT, 0.000%, 15-NOV-2027","2027-11-15-912833QB9"
"2026-10-02T1405","91282CAY7","Bond","0.62500","2027-11-30","95.54600","95.57100","semi-annually","UNITED STATES TREAS SER S-2027, 0.625%, 30-NOV-2027","2027-11-30-91282CAY7"
"2026-10-02T1405","91282CFZ9","Bond","3.87500","2027-11-30","99.16000","99.18000","semi-annually","UNITED STATES TREAS SER AG-2027, 3.875%, 30-NOV-2027","2027-11-30-91282CFZ9"
"2026-10-02T1405","91282CPL9","Bond","3.37500","2027-11-30","98.60500","98.62500","semi-annually","UNITED STATES TREAS SER BL-2027, 3.375%, 30-NOV-2027","2027-11-30-91282CPL9"
"2026-10-02T1405","91282CMB4","Bond","4.00000","2027-12-15","99.22200","99.33300","semi-annually","UNITED STATES TREAS SER AV-2027, 4.000%, 15-DEC-2027","2027-12-15-91282CMB4"
"2026-10-02T1405","91282CBB6","Bond","0.62500","2027-12-31","95.18300","95.24700","semi-annually","UNITED STATES TREAS SER T-2027, 0.625%, 31-DEC-2027","2027-12-31-91282CBB6"
"2026-10-02T1405","91282CGC9","Bond","3.87500","2027-12-31","99.03900","99.10600","semi-annually","UNITED STATES TREAS SER AH-2027, 3.875%, 31-DEC-2027","2027-12-31-91282CGC9"
"2026-10-02T1405","91282CPS4","Bond","3.37500","2027-12-31","98.44900","98.50000","semi-annually","UNITED STATES TREAS SER BM-2027, 3.375%, 31-DEC-2027","2027-12-31-91282CPS4"
"2026-10-02T1405","912810PV4","TIPS","1.75000","2028-01-15","98.98400","99.13300","semi-annually","UNITED STATES TREASURY, 1.750%, 15-JAN-2028","2028-01-15-912810PV4"
"2026-10-02T1405","9128283R9","TIPS","0.50000","2028-01-15","97.46000","97.58100","semi-annually","UNITED STATES TREAS NTS SER A-2028, 0.500%, 15-JAN-2028","2028-01-15-9128283R9"
"2026-10-02T1405","91282CMF5","Bond","4.25000","2028-01-15","99.43300","99.47300","semi-annually","UNITED STATES TREAS SER AJ-2028, 4.250%, 15-JAN-2028","2028-01-15-91282CMF5"
"2026-10-02T1405","91282CBJ9","Bond","0.75000","2028-01-31","94.96800","95.04000","semi-annually","UNITED STATES TREAS SER G-2028, 0.750%, 31-JAN-2028","2028-01-31-91282CBJ9"
"2026-10-02T1405","91282CGH8","Bond","3.50000","2028-01-31","98.46800","98.50400","semi-annually","UNITED STATES TREAS SER U-2028, 3.500%, 31-JAN-2028","2028-01-31-91282CGH8"
"2026-10-02T1405","9128204M6","STRIP","","2028-02-15","93.79300","93.95900","","U S TREAS SEC STRIPPED INT PMT, 0.000%, 15-FEB-2028","2028-02-15-9128204M6"
"2026-10-02T1405","9128283W8","Bond","2.75000","2028-02-15","97.42900","97.45800","semi-annually","UNITED STATES TREAS NOTES, 2.750%, 15-FEB-2028","2028-02-15-9128283W8"
"2026-10-02T1405","91282CMN8","Bond","4.25000","2028-02-15","99.37500","99.40700","semi-annually","UNITED STATES TREAS SER AK-2028, 4.250%, 15-FEB-2028","2028-02-15-91282CMN8"
"2026-10-02T1405","912833RY8","STRIP","","2028-02-15","93.79700","93.91000","","U S TREAS SEC STRIPPED INT PMT, 0.000%, 15-FEB-2028","2028-02-15-912833RY8"
"2026-10-02T1405","91282CBP5","Bond","1.12500","2028-02-29","95.16700","95.19600","semi-annually","UNITED STATES TREAS SER H-2028, 1.125%, 29-FEB-2028","2028-02-29-91282CBP5"
"2026-10-02T1405","91282CGP0","Bond","4.00000","2028-02-29","99.03100","99.06300","semi-annually","UNITED STATES TREAS SER V-2028, 4.000%, 29-FEB-2028","2028-02-29-91282CGP0"
"2026-10-02T1405","91282CQB0","Bond","3.37500","2028-02-29","98.18300","98.21100","semi-annually","UNITED STATES TREAS SER AY-2028, 3.375%, 29-FEB-2028","2028-02-29-91282CQB0"
"2026-10-02T1405","91282CMS7","Bond","3.87500","2028-03-15","98.82000","98.84800","semi-annually","UNITED STATES TREAS SER AL-2028, 3.875%, 15-MAR-2028","2028-03-15-91282CMS7"
"2026-10-02T1405","91282CBS9","Bond","1.25000","2028-03-31","95.03500","95.06700","semi-annually","UNITED STATES TREAS SER J-2028, 1.250%, 31-MAR-2028","2028-03-31-91282CBS9"
"2026-10-02T1405","91282CGT2","Bond","3.62500","2028-03-31","98.40600","98.43800","semi-annually","UNITED STATES TREAS SER W-2028, 3.625%, 31-MAR-2028","2028-03-31-91282CGT2"
"2026-10-02T1405","91282CQH7","Bond","3.87500","2028-03-31","98.75300","98.78600","semi-annually","UNITED STATES TREAS SER AZ-2028, 3.875%, 31-MAR-2028","2028-03-31-91282CQH7"
"2026-10-02T1405","912810FD5","TIPS","3.62500","2028-04-15","101.46200","101.61800","semi-annually","UNITED STATES TREAS BDS, 3.625%, 15-APR-2028","2028-04-15-912810FD5"
"2026-10-02T1405","91282CGW5","TIPS","1.25000","2028-04-15","97.93900","98.06800","semi-annually","UNITED STATES TREAS NTS SER X-2028, 1.250%, 15-APR-2028","2028-04-15-91282CGW5"
"2026-10-02T1405","91282CMW8","Bond","3.75000","2028-04-15","98.52300","98.55500","semi-annually","UNITED STATES TREAS SER AM-2028, 3.750%, 15-APR-2028","2028-04-15-91282CMW8"
"2026-10-02T1405","91282CBZ3","Bond","1.25000","2028-04-30","94.73000","94.75800","semi-annually","UNITED STATES TREAS SER K-2028, 1.250%, 30-APR-2028","2028-04-30-91282CBZ3"
"2026-10-02T1405","91282CHA2","Bond","3.50000","2028-04-30","98.10500","98.13300","semi-annually","UNITED STATES TREAS SER Y-2028, 3.500%, 30-APR-2028","2028-04-30-91282CHA2"
"2026-10-02T1405","91282CQL8","Bond","3.75000","2028-04-30","98.47200","98.50000","semi-annually","UNITED STATES TREAS SER BA-2028, 3.750%, 30-APR-2028","2028-04-30-91282CQL8"
"2026-10-02T1405","9128205B9","STRIP","","2028-05-15","92.61100","92.81100","","U S TREAS SEC STRIPPED INT PMT, 0.000%, 15-MAY-2028","2028-05-15-9128205B9"
"2026-10-02T1405","9128284N7","Bond","2.87500","2028-05-15","97.08200","97.11000","semi-annually","UNITED STATES TREAS SER C-2028, 2.875%, 15-MAY-2028","2028-05-15-9128284N7"
"2026-10-02T1405","91282CND9","Bond","3.75000","2028-05-15","98.42500","98.45400","semi-annually","UNITED STATES TREAS SER AN-2028, 3.750%, 15-MAY-2028","2028-05-15-91282CND9"
"2026-10-02T1405","912833WQ9","STRIP","","2028-05-15","92.63400","92.77000","","U S TREAS SEC STRIPPED INT PMT, 0.000%, 15-MAY-2028","2028-05-15-912833WQ9"
"2026-10-02T1405","91282CCE9","Bond","1.25000","2028-05-31","94.44500","94.47300","semi-annually","UNITED STATES TREAS SER L-2028, 1.250%, 31-MAY-2028","2028-05-31-91282CCE9"
"2026-10-02T1405","91282CHE4","Bond","3.62500","2028-05-31","98.17500","98.20800","semi-annually","UNITED STATES TREAS SER Z-2028, 3.625%, 31-MAY-2028","2028-05-31-91282CHE4"
"2026-10-02T1405","91282CQS3","Bond","4.00000","2028-05-31","98.75700","98.78200","semi-annually","UNITED STATES TREAS SER BC-2028, 4.000%, 31-MAY-2028","2028-05-31-91282CQS3"
"2026-10-02T1405","91282CNH0","Bond","3.87500","2028-06-15","98.51100","98.54300","semi-annually","UNITED STATES TREAS SER AP-2028, 3.875%, 15-JUN-2028","2028-06-15-91282CNH0"
"2026-10-02T1405","91282CCH2","Bond","1.25000","2028-06-30","94.16000","94.18800","semi-annually","UNITED STATES TREAS SER M-2028, 1.250%, 30-JUN-2028","2028-06-30-91282CCH2"
"2026-10-02T1405","91282CHK0","Bond","4.00000","2028-06-30","98.69100","98.72300","semi-annually","UNITED STATES TREAS SER AA-2028, 4.000%, 30-JUN-2028","2028-06-30-91282CHK0"
"2026-10-02T1405","91282CQY0","Bond","4.12500","2028-06-30","98.87100","98.90300","semi-annually","UNITED STATES TREAS SER BD-2028, 4.125%, 30-JUN-2028","2028-06-30-91282CQY0"
"2026-10-02T1405","912828Y38","TIPS","0.75000","2028-07-15","97.28900","97.42200","semi-annually","UNITED STATES TREAS NTS SER D-2028, 0.750%, 15-JUL-2028","2028-07-15-912828Y38"
"2026-10-02T1405","91282CNM9","Bond","3.87500","2028-07-15","98.41700","98.44600","semi-annually","UNITED STATES TREAS SER AQ-2028, 3.875%, 15-JUL-2028","2028-07-15-91282CNM9"
"2026-10-02T1405","91282CCR0","Bond","1.00000","2028-07-31","93.42500","93.45400","semi-annually","UNITED STATES TREAS SER N-2028, 1.000%, 31-JUL-2028","2028-07-31-91282CCR0"
"2026-10-02T1405","91282CHQ7","Bond","4.12500","2028-07-31","98.81600","98.85200","semi-annually","UNITED STATES TREAS SER AB-2028, 4.125%, 31-JUL-2028","2028-07-31-91282CHQ7"
"2026-10-02T1405","91282CRB9","Bond","4.25000","2028-07-31","99.01700","99.04300","semi-annually","UNITED STATES TREAS SER BE-2028, 4.250%, 31-JUL-2028","2028-07-31-91282CRB9"
"2026-10-02T1405","912803BP7","Bond","","2028-08-15","91.47900","91.69300","","UNITED STATES TREAS BD STRIPP ZERO CPN, 0.000%, 15-AUG-2028","2028-08-15-912803BP7"
"2026-10-02T1405","912810FE3","Bond","5.50000","2028-08-15","101.19100","101.30900","semi-annually","UNITED STATES TREAS BDS, 5.500%, 15-AUG-2028","2028-08-15-912810FE3"
"2026-10-02T1405","912821AH8","STRIP","","2028-08-15","91.45200","92.17200","","U S TREAS NT STRIPPED PRIN PMT, 0.000%, 15-AUG-2028","2028-08-15-912821AH8"
"2026-10-02T1405","9128284V9","Bond","2.87500","2028-08-15","96.57400","96.60600","semi-annually","UNITED STATES TREAS SER E-2028, 2.875%, 15-AUG-2028","2028-08-15-9128284V9"
"2026-10-02T1405","91282CNU1","Bond","3.62500","2028-08-15","97.88200","97.91500","semi-annually","UNITED STATES TREAS SER AR-2028, 3.625%, 15-AUG-2028","2028-08-15-91282CNU1"
"2026-10-02T1405","912833RZ5","STRIP","","2028-08-15","91.46400","91.60100","","U S TREAS SEC STRIPPED INT PMT, 0.000%, 15-AUG-2028","2028-08-15-912833RZ5"
"2026-10-02T1405","91282CCV1","Bond","1.12500","2028-08-31","93.34700","93.37200","semi-annually","UNITED STATES TREAS SER P-2028, 1.125%, 31-AUG-2028","2028-08-31-91282CCV1"
"2026-10-02T1405","91282CHX2","Bond","4.37500","2028-08-31","99.17900","99.21100","semi-annually","UNITED STATES TREAS SER AC-2028, 4.375%, 31-AUG-2028","2028-08-31-91282CHX2"
"2026-10-02T1405","91282CRH6","Bond","4.12500","2028-08-31","98.75000","98.76400","semi-annually","UNITED STATES TREAS SER BG-2028, 4.125%, 31-AUG-2028","2028-08-31-91282CRH6"
"2026-10-02T1405","91282CNY3","Bond","3.37500","2028-09-15","97.29200","97.37900","semi-annually","UNITED STATES TREAS SER AS-2028, 3.375%, 15-SEP-2028","2028-09-15-91282CNY3"
"2026-10-02T1405","91282CCY5","Bond","1.25000","2028-09-30","93.27700","93.30900","semi-annually","UNITED STATES TREAS SER Q-2028, 1.250%, 30-SEP-2028","2028-09-30-91282CCY5"
"2026-10-02T1405","91282CJA0","Bond","4.62500","2028-09-30","99.58500","99.62200","semi-annually","UNITED STATES TREAS SER AD-2028, 4.625%, 30-SEP-2028","2028-09-30-91282CJA0"
"2026-10-02T1405","91282CRP8","Bond","4.75000","2028-09-30","99.85100","99.85900","semi-annually","UNITED STATES TREAS SER BH-2028, 4.750%, 30-SEP-2028","2028-09-30-91282CRP8"
"2026-10-02T1405","91282CJH5","TIPS","2.37500","2028-10-15","99.97000","100.09000","semi-annually","UNITED STATES TREAS NTS SER AE-2028, 2.375%, 15-OCT-2028","2028-10-15-91282CJH5"
"2026-10-02T1405","91282CPC9","Bond","3.50000","2028-10-15","97.41000","97.43800","semi-annually","UNITED STATES TREAS SER AT-2028, 3.500%, 15-OCT-2028","2028-10-15-91282CPC9"
"2026-10-02T1405","91282CDF5","Bond","1.37500","2028-10-31","93.21800","93.25400","semi-annually","UNITED STATES TREAS SER R-2028, 1.375%, 31-OCT-2028","2028-10-31-91282CDF5"
"2026-10-02T1405","91282CJF9","Bond","4.87500","2028-10-31","100.03100","100.06300","semi-annually","UNITED STATES TREAS SER AF-2028, 4.875%, 31-OCT-2028","2028-10-31-91282CJF9"
"2026-10-02T1405","912803BV4","Bond","","2028-11-15","90.36800","90.56700","","UNITED STATES TREAS BD STRIPP ZERO CPN, 0.000%, 15-NOV-2028","2028-11-15-912803BV4"
"2026-10-02T1405","912810FF0","Bond","5.25000","2028-11-15","100.81600","100.93400","semi-annually","UNITED STATES TREAS BDS, 5.250%, 15-NOV-2028","2028-11-15-912810FF0"
"2026-10-02T1405","912821AW5","STRIP","","2028-11-15","90.27800","90.65100","","U S TREAS NT STRIPPED PRIN PMT, 0.000%, 15-NOV-2028","2028-11-15-912821AW5"
"2026-10-02T1405","9128285M8","Bond","3.12500","2028-11-15","96.56200","96.59800","semi-annually","UNITED STATES TREAS SER F-2028, 3.125%, 15-NOV-2028","2028-11-15-9128285M8"
"2026-10-02T1405","91282CPK1","Bond","3.50000","2028-11-15","97.28500","97.31700","semi-annually","UNITED STATES TREAS SER AU-2028, 3.500%, 15-NOV-2028","2028-11-15-91282CPK1"
"2026-10-02T1405","912833WR7","STRIP","","2028-11-15","90.30500","90.44900","","U S TREAS SEC STRIPPED INT PMT, 0.000%, 15-NOV-2028","2028-11-15-912833WR7"
"2026-10-02T1405","91282CDL2","Bond","1.50000","2028-11-30","93.17900","93.21500","semi-annually","UNITED STATES TREAS SER S-2028, 1.500%, 30-NOV-2028","2028-11-30-91282CDL2"
"2026-10-02T1405","91282CJN2","Bond","4.37500","2028-11-30","98.93700","99.07100","semi-annually","UNITED STATES TREAS SER AG-2028, 4.375%, 30-NOV-2028","2028-11-30-91282CJN2"
"2026-10-02T1405","91282CPP0","Bond","3.50000","2028-12-15","97.16700","97.20400","semi-annually","UNITED STATES TREAS SER AV-2028, 3.500%, 15-DEC-2028","2028-12-15-91282CPP0"
"2026-10-02T1405","91282CDP3","Bond","1.37500","2028-12-31","92.65200","92.68800","semi-annually","UNITED STATES TREAS SER T-2028, 1.375%, 31-DEC-2028","2028-12-31-91282CDP3"
"2026-10-02T1405","91282CJR3","Bond","3.75000","2028-12-31","97.62100","97.65300","semi-annually","UNITED STATES TREAS SER AH-2028, 3.750%, 31-DEC-2028","2028-12-31-91282CJR3"
"2026-10-02T1405","912810PZ5","TIPS","2.50000","2029-01-15","99.85200","100.00000","semi-annually","UNITED STATES TREAS BDS, 2.500%, 15-JAN-2029","2029-01-15-912810PZ5"
"2026-10-02T1405","9128285W6","TIPS","0.87500","2029-01-15","96.33600","96.43800","semi-annually","UNITED STATES TREAS NTS SER A-2029, 0.875%, 15-JAN-2029","2029-01-15-9128285W6"
"2026-10-02T1405","91282CPT2","Bond","3.50000","2029-01-15","97.01900","97.05500","semi-annually","UNITED STATES TREAS SER AJ-2029, 3.500%, 15-JAN-2029","2029-01-15-91282CPT2"
"2026-10-02T1405","91282CDW8","Bond","1.75000","2029-01-31","93.17500","93.21100","semi-annually","UNITED STATES TREAS SER G-2029, 1.750%, 31-JAN-2029","2029-01-31-91282CDW8"
"2026-10-02T1405","91282CJW2","Bond","4.00000","2029-01-31","98.05400","98.08600","semi-annually","UNITED STATES TREAS SER U-2029, 4.000%, 31-JAN-2029","2029-01-31-91282CJW2"
"2026-10-02T1405","912803BW2","Bond","","2029-02-15","89.30900","89.55400","","UNITED STATES TREAS BD STRIPP ZERO CPN, 0.000%, 15-FEB-2029","2029-02-15-912803BW2"
"2026-10-02T1405","912810FG8","Bond","5.25000","2029-02-15","100.92500","101.02800","semi-annually","UNITED STATES TREAS BDS, 5.250%, 15-FEB-2029","2029-02-15-912810FG8"
"2026-10-02T1405","912821BL8","STRIP","","2029-02-15","88.90700","89.58500","","U S TREAS NT STRIPPED PRIN PMT, 0.000%, 15-FEB-2029","2029-02-15-912821BL8"
"2026-10-02T1405","9128286B1","Bond","2.62500","2029-02-15","94.98000","95.01600","semi-annually","UNITED STATES TREAS SER B-2029, 2.625%, 15-FEB-2029","2029-02-15-9128286B1"
"2026-10-02T1405","91282CQA2","Bond","3.50000","2029-02-15","96.88600","96.91800","semi-annually","UNITED STATES TREAS SER AK-2029, 3.500%, 15-FEB-2029","2029-02-15-91282CQA2"
"2026-10-02T1405","912833XN5","STRIP","","2029-02-15","89.02100","89.18800","","U S TREAS SEC STRIPPED INT PMT, 0.000%, 15-FEB-2029","2029-02-15-912833XN5"
"2026-10-02T1405","91282CEB3","Bond","1.87500","2029-02-28","93.20300","93.23900","semi-annually","UNITED STATES TREAS SER H-2029, 1.875%, 28-FEB-2029","2029-02-28-91282CEB3"
"2026-10-02T1405","91282CKD2","Bond","4.25000","2029-02-28","98.48400","98.64900","semi-annually","UNITED STATES TREAS SER V-2029, 4.250%, 28-FEB-2029","2029-02-28-91282CKD2"
"2026-10-02T1405","91282CQE4","Bond","3.50000","2029-03-15","96.78500","96.81700","semi-annually","UNITED STATES TREAS SER AL-2029, 3.500%, 15-MAR-2029","2029-03-15-91282CQE4"
"2026-10-02T1405","91282CEE7","Bond","2.37500","2029-03-31","94.10500","94.14100","semi-annually","UNITED STATES TREAS SER J-2029, 2.375%, 31-MAR-2029","2029-03-31-91282CEE7"
"2026-10-02T1405","91282CKG5","Bond","4.12500","2029-03-31","98.17900","98.20800","semi-annually","UNITED STATES TREAS SER W-2029, 4.125%, 31-MAR-2029","2029-03-31-91282CKG5"
"2026-10-02T1405","912810FH6","TIPS","3.87500","2029-04-15","103.00700","103.16500","semi-annually","UNITED STATES TREAS BDS, 3.875%, 15-APR-2029","2029-04-15-912810FH6"
"2026-10-02T1405","91282CKL4","TIPS","2.12500","2029-04-15","98.77300","98.88600","semi-annually","UNITED STATES TREAS NTS SER X-2029, 2.125%, 15-APR-2029","2029-04-15-91282CKL4"
"2026-10-02T1405","91282CQJ3","Bond","3.87500","2029-04-15","97.53100","97.56300","semi-annually","UNITED STATES TREAS SER AM-2029, 3.875%, 15-APR-2029","2029-04-15-91282CQJ3"
"2026-10-02T1405","91282CEM9","Bond","2.87500","2029-04-30","95.09700","95.13300","semi-annually","UNITED STATES TREAS SER K-2029, 2.875%, 30-APR-2029","2029-04-30-91282CEM9"
"2026-10-02T1405","91282CKP5","Bond","4.62500","2029-04-30","99.30400","99.34000","semi-annually","UNITED STATES TREAS SER Y-2029, 4.625%, 30-APR-2029","2029-04-30-91282CKP5"
"2026-10-02T1405","9128286T2","Bond","2.37500","2029-05-15","93.82800","93.86400","semi-annually","UNITED STATES TREAS SER C-2029, 2.375%, 15-MAY-2029","2029-05-15-9128286T2"
"2026-10-02T1405","91282CQR5","Bond","3.87500","2029-05-15","97.44100","97.47300","semi-annually","UNITED STATES TREASURY NOTE, 3.875%, 15-MAY-2029","2029-05-15-91282CQR5"
"2026-10-02T1405","912833XS4","STRIP","","2029-05-15","87.88400","88.05400","","U S TREAS SEC STRIPPED INT PMT, 0.000%, 15-MAY-2029","2029-05-15-912833XS4"
"2026-10-02T1405","91282CES6","Bond","2.75000","2029-05-31","94.62500","94.66100","semi-annually","UNITED STATES TREAS SER L-2029, 2.750%, 31-MAY-2029","2029-05-31-91282CES6"
"2026-10-02T1405","91282CKT7","Bond","4.50000","2029-05-31","98.92900","98.96500","semi-annually","UNITED STATES TREAS SER Z-2029, 4.500%, 31-MAY-2029","2029-05-31-91282CKT7"
"2026-10-02T1405","91282CQV6","Bond","4.12500","2029-06-15","97.96000","97.99300","semi-annually","UNITED STATES TREAS SER AP-2029, 4.125%, 15-JUN-2029","2029-06-15-91282CQV6"
"2026-10-02T1405","91282CEV9","Bond","3.25000","2029-06-30","95.72200","95.75800","semi-annually","UNITED STATES TREAS SER M-2029, 3.250%, 30-JUN-2029","2029-06-30-91282CEV9"
"2026-10-02T1405","91282CKX8","Bond","4.25000","2029-06-30","98.24200","98.27400","semi-annually","UNITED STATES TREAS SER AA-2029, 4.250%, 30-JUN-2029","2029-06-30-91282CKX8"
"2026-10-02T1405","9128287D6","TIPS","0.25000","2029-07-15","94.17200","94.28200","semi-annually","UNITED STATES TREAS NTS SER D-2029, 0.250%, 15-JUL-2029","2029-07-15-9128287D6"
"2026-10-02T1405","91282CQZ7","Bond","4.12500","2029-07-15","97.87100","97.90300","semi-annually","UNITED STATES TREAS SER AQ-2029, 4.125%, 15-JUL-2029","2029-07-15-91282CQZ7"
"2026-10-02T1405","91282CFC0","Bond","2.62500","2029-07-31","93.93700","93.97700","semi-annually","UNITED STATES TREAS SER N-2029, 2.625%, 31-JUL-2029","2029-07-31-91282CFC0"
"2026-10-02T1405","91282CLC3","Bond","4.00000","2029-07-31","97.51900","97.54300","semi-annually","UNITED STATES TREAS SER AB-2029, 4.000%, 31-JUL-2029","2029-07-31-91282CLC3"
"2026-10-02T1405","912803CG6","Bond","","2029-08-15","86.88500","87.10400","","UNITED STATES TREAS BD STRIPP ZERO CPN, 0.000%, 15-AUG-2029","2029-08-15-912803CG6"
"2026-10-02T1405","912810FJ2","Bond","6.12500","2029-08-15","103.14000","103.25800","semi-annually","UNITED STATES TREAS BDS, 6.125%, 15-AUG-2029","2029-08-15-912810FJ2"
"2026-10-02T1405","912821CR4","STRIP","","2029-08-15","86.80500","87.54400","","U S TREAS NT STRIPPED PRIN PMT, 0.000%, 15-AUG-2029","2029-08-15-912821CR4"
"2026-10-02T1405","912828YB0","Bond","1.62500","2029-08-15","91.27700","91.31700","semi-annually","UNITED STATES TREAS SER E-2029, 1.625%, 15-AUG-2029","2029-08-15-912828YB0"
"2026-10-02T1405","91282CRG8","Bond","4.25000","2029-08-15","98.14000","98.15600","semi-annually","UNITED STATES TREAS SER AR-2029, 4.250%, 15-AUG-2029","2029-08-15-91282CRG8"
"2026-10-02T1405","912833XP0","STRIP","","2029-08-15","86.72400","86.91900","","U S TREAS SEC STRIPPED INT PMT, 0.000%, 15-AUG-2029","2029-08-15-912833XP0"
"2026-10-02T1405","91282CFJ5","Bond","3.12500","2029-08-31","95.09300","95.12500","semi-annually","UNITED STATES TREAS SER P-2029, 3.125%, 31-AUG-2029","2029-08-31-91282CFJ5"
"2026-10-02T1405","91282CLK5","Bond","3.62500","2029-08-31","96.41700","96.45000","semi-annually","UNITED STATES TREAS SER AC-2029, 3.625%, 31-AUG-2029","2029-08-31-91282CLK5"
"2026-10-02T1405","91282CRL7","Bond","4.37500","2029-09-15","98.42300","98.43400","semi-annually","UNITED STATES TREAS SER AS-2029, 4.375%, 15-SEP-2029","2029-09-15-91282CRL7"
"2026-10-02T1405","91282CFL0","Bond","3.87500","2029-09-30","97.01100","97.05100","semi-annually","UNITED STATES TREAS SER Q-2029, 3.875%, 30-SEP-2029","2029-09-30-91282CFL0"
"2026-10-02T1405","91282CLN9","Bond","3.50000","2029-09-30","95.97600","96.01200","semi-annually","UNITED STATES TREAS SER AD-2029, 3.500%, 30-SEP-2029","2029-09-30-91282CLN9"
"2026-10-02T1405","91282CLV1","TIPS","1.62500","2029-10-15","97.48500","97.60000","semi-annually","UNITED STATES TREAS NTS SER AE-2029, 1.625%, 15-OCT-2029","2029-10-15-91282CLV1"
"2026-10-02T1405","91282CFT3","Bond","4.00000","2029-10-31","97.26100","97.29700","semi-annually","UNITED STATES TREAS SER R-2029, 4.000%, 31-OCT-2029","2029-10-31-91282CFT3"
"2026-10-02T1405","91282CLR0","Bond","4.12500","2029-10-31","97.60500","97.64100","semi-annually","UNITED STATES TREAS SER AF-2029, 4.125%, 31-OCT-2029","2029-10-31-91282CLR0"
"2026-10-02T1405","912821DF9","STRIP","","2029-11-15","85.68800","86.24200","","U S TREAS NT STRIPPED PRIN PMT, 0.000%, 15-NOV-2029","2029-11-15-912821DF9"
"2026-10-02T1405","912828YS3","Bond","1.75000","2029-11-15","90.83500","90.87500","semi-annually","UNITED STATES TREAS SER F-2029, 1.750%, 15-NOV-2029","2029-11-15-912828YS3"
"2026-10-02T1405","912833XT2","STRIP","","2029-11-15","85.59900","85.79300","","U S TREAS SEC STRIPPED INT PMT, 0.000%, 15-NOV-2029","2029-11-15-912833XT2"
"2026-10-02T1405","91282CFY2","Bond","3.87500","2029-11-30","96.80000","96.84000","semi-annually","UNITED STATES TREAS SER S-2029, 3.875%, 30-NOV-2029","2029-11-30-91282CFY2"
"2026-10-02T1405","91282CMA6","Bond","4.12500","2029-11-30","97.53500","97.57100","semi-annually","UNITED STATES TREAS SER AG-2029, 4.125%, 30-NOV-2029","2029-11-30-91282CMA6"
"2026-10-02T1405","91282CGB1","Bond","3.87500","2029-12-31","96.70700","96.73900","semi-annually","UNITED STATES TREAS SER T-2029, 3.875%, 31-DEC-2029","2029-12-31-91282CGB1"
"2026-10-02T1405","91282CMD0","Bond","4.37500","2029-12-31","98.19500","98.22700","semi-annually","UNITED STATES TREAS SER AH-2029, 4.375%, 31-DEC-2029","2029-12-31-91282CMD0"
"2026-10-02T1405","912828Z37","TIPS","0.12500","2030-01-15","92.25200","92.34900","semi-annually","UNITED STATES TREAS NTS SER A-2030, 0.125%, 15-JAN-2030","2030-01-15-912828Z37"
"2026-10-02T1405","91282CGJ4","Bond","3.50000","2030-01-31","95.47600","95.50800","semi-annually","UNITED STATES TREAS SER G-2030, 3.500%, 31-JAN-2030","2030-01-31-91282CGJ4"
"2026-10-02T1405","91282CMG3","Bond","4.25000","2030-01-31","97.74600","97.77400","semi-annually","UNITED STATES TREAS SER U-2030, 4.250%, 31-JAN-2030","2030-01-31-91282CMG3"
"2026-10-02T1405","912821DV4","STRIP","","2030-02-15","84.53200","85.07800","","U S TREAS NT STRIPPED PRIN PMT, 0.000%, 15-FEB-2030","2030-02-15-912821DV4"
"2026-10-02T1405","912828Z94","Bond","1.50000","2030-02-15","89.31600","89.34800","semi-annually","UNITED STATES TREAS NTS NOTE, 1.500%, 15-FEB-2030","2030-02-15-912828Z94"
"2026-10-02T1405","912833XX3","STRIP","","2030-02-15","84.45600","84.62700","","U S TREAS SEC STRIPPED INT PMT, 0.000%, 15-FEB-2030","2030-02-15-912833XX3"
"2026-10-02T1405","91282CGQ8","Bond","4.00000","2030-02-28","96.92900","96.95800","semi-annually","UNITED STATES TREAS SER H-2030, 4.000%, 28-FEB-2030","2030-02-28-91282CGQ8"
"2026-10-02T1405","91282CGS4","Bond","3.62500","2030-03-31","95.64000","95.67200","semi-annually","UNITED STATES TREAS SER J-2030, 3.625%, 31-MAR-2030","2030-03-31-91282CGS4"
"2026-10-02T1405","91282CMU2","Bond","4.00000","2030-03-31","96.82800","96.86000","semi-annually","UNITED STATES TREAS SER W-2030, 4.000%, 31-MAR-2030","2030-03-31-91282CMU2"
"2026-10-02T1405","91282CNB3","TIPS","1.62500","2030-04-15","96.51800","96.63800","semi-annually","UNITED STATES TREAS NTS SER X-2030, 1.625%, 15-APR-2030","2030-04-15-91282CNB3"
"2026-10-02T1405","91282CGZ8","Bond","3.50000","2030-04-30","95.12500","95.15700","semi-annually","UNITED STATES TREAS SER K-2030, 3.500%, 30-APR-2030","2030-04-30-91282CGZ8"
"2026-10-02T1405","91282CMZ1","Bond","3.87500","2030-04-30","96.34700","96.37500","semi-annually","UNITED STATES TREAS SER Y-2030, 3.875%, 30-APR-2030","2030-04-30-91282CMZ1"
"2026-10-02T1405","912803CH4","Bond","","2030-05-15","83.56700","83.84500","","UNITED STATES TREAS BD STRIPP ZERO CPN, 0.000%, 15-MAY-2030","2030-05-15-912803CH4"
"2026-10-02T1405","912810FM5","Bond","6.25000","2030-05-15","104.12100","104.23500","semi-annually","UNITED STATES TREAS BDS, 6.250%, 15-MAY-2030","2030-05-15-912810FM5"
"2026-10-02T1405","912821EK7","STRIP","","2030-05-15","83.43000","84.40200","","U S TREAS NT STRIPPED PRIN PMT, 0.000%, 15-MAY-2030","2030-05-15-912821EK7"
"2026-10-02T1405","912828ZQ6","Bond","0.62500","2030-05-15","85.67100","85.70800","semi-annually","UNITED STATES TREAS SER C-2030, 0.625%, 15-MAY-2030","2030-05-15-912828ZQ6"
"2026-10-02T1405","912833XU9","STRIP","","2030-05-15","83.35500","83.59400","","U S TREAS SEC STRIPPED INT PMT, 0.000%, 15-MAY-2030","2030-05-15-912833XU9"
"2026-10-02T1405","91282CHF1","Bond","3.75000","2030-05-31","95.80000","95.88300","semi-annually","UNITED STATES TREAS SER L-2030, 3.750%, 31-MAY-2030","2030-05-31-91282CHF1"
"2026-10-02T1405","91282CNG2","Bond","4.00000","2030-05-31","96.64800","96.68000","semi-annually","UNITED STATES TREAS SER Z-2030, 4.000%, 31-MAY-2030","2030-05-31-91282CNG2"
"2026-10-02T1405","91282CHJ3","Bond","3.75000","2030-06-30","95.71800","95.75400","semi-annually","UNITED STATES TREAS SER M-2030, 3.750%, 30-JUN-2030","2030-06-30-91282CHJ3"
"2026-10-02T1405","91282CNK3","Bond","3.87500","2030-06-30","96.14800","96.18000","semi-annually","UNITED STATES TREAS SER AA-2030, 3.875%, 30-JUN-2030","2030-06-30-91282CNK3"
"2026-10-02T1405","912828ZZ6","TIPS","0.12500","2030-07-15","91.41400","91.53200","semi-annually","UNITED STATES TREAS NTS SER D-2030, 0.125%, 15-JUL-2030","2030-07-15-912828ZZ6"
"2026-10-02T1405","91282CHR5","Bond","4.00000","2030-07-31","96.48000","96.51600","semi-annually","UNITED STATES TREAS SER N-2030, 4.000%, 31-JUL-2030","2030-07-31-91282CHR5"
"2026-10-02T1405","91282CNN7","Bond","3.87500","2030-07-31","96.05400","96.08600","semi-annually","UNITED STATES TREAS SER AB-2030, 3.875%, 31-JUL-2030","2030-07-31-91282CNN7"
"2026-10-02T1405","91282CAE1","Bond","0.62500","2030-08-15","84.71400","84.75400","semi-annually","UNITED STATES TREAS SER E-2030, 0.625%, 15-AUG-2030","2030-08-15-91282CAE1"
"2026-10-02T1405","912833XY1","STRIP","","2030-08-15","82.24400","82.43600","","U S TREAS SEC STRIPPED INT PMT, 0.000%, 15-AUG-2030","2030-08-15-912833XY1"
"2026-10-02T1405","91282CHW4","Bond","4.12500","2030-08-31","96.82400","96.86000","semi-annually","UNITED STATES TREAS SER P-2030, 4.125%, 31-AUG-2030","2030-08-31-91282CHW4"
"2026-10-02T1405","91282CNX5","Bond","3.62500","2030-08-31","95.07000","95.09800","semi-annually","UNITED STATES TREAS SER AC-2030, 3.625%, 31-AUG-2030","2030-08-31-91282CNX5"
"2026-10-02T1405","91282CHZ7","Bond","4.62500","2030-09-30","98.55800","98.59000","semi-annually","UNITED STATES TREAS SER Q-2030, 4.625%, 30-SEP-2030","2030-09-30-91282CHZ7"
"2026-10-02T1405","91282CPA3","Bond","3.62500","2030-09-30","94.97600","95.01200","semi-annually","UNITED STATES TREAS SER AD-2030, 3.625%, 30-SEP-2030","2030-09-30-91282CPA3"
"2026-10-02T1405","91282CPH8","TIPS","1.12500","2030-10-15","94.56400","94.67700","semi-annually","UNITED STATES TREAS NTS SER AE-2030, 1.125%, 15-OCT-2030","2030-10-15-91282CPH8"
"2026-10-02T1405","91282CJG7","Bond","4.87500","2030-10-31","99.43300","99.46500","semi-annually","UNITED STATES TREAS SER R-2030, 4.875%, 31-OCT-2030","2030-10-31-91282CJG7"
"2026-10-02T1405","91282CPD7","Bond","3.62500","2030-10-31","94.86300","94.89100","semi-annually","UNITED STATES TREAS SER AF-2030, 3.625%, 31-OCT-2030","2030-10-31-91282CPD7"
"2026-10-02T1405","912821FP5","STRIP","","2030-11-15","81.40800","81.68200","","U S TREAS NT STRIPPED PRIN PMT, 0.000%, 15-NOV-2030","2030-11-15-912821FP5"
"2026-10-02T1405","91282CAV3","Bond","0.87500","2030-11-15","84.69500","84.73500","semi-annually","UNITED STATES TREAS SER F-2030, 0.875%, 15-NOV-2030","2030-11-15-91282CAV3"
"2026-10-02T1405","9128337N4","STRIP","","2030-11-15","81.13700","81.40000","","U S TREAS SEC STRIPPED INT PMT, 0.000%, 15-NOV-2030","2030-11-15-9128337N4"
"2026-10-02T1405","91282CJM4","Bond","4.37500","2030-11-30","97.53100","97.56700","semi-annually","UNITED STATES TREAS SER S-2030, 4.375%, 30-NOV-2030","2030-11-30-91282CJM4"
"2026-10-02T1405","91282CPN5","Bond","3.50000","2030-11-30","94.27300","94.30500","semi-annually","UNITED STATES TREAS SER AG-2030, 3.500%, 30-NOV-2030","2030-11-30-91282CPN5"
"2026-10-02T1405","91282CJQ5","Bond","3.75000","2030-12-31","95.09700","95.13700","semi-annually","UNITED STATES TREAS SER T-2030, 3.750%, 31-DEC-2030","2030-12-31-91282CJQ5"
"2026-10-02T1405","91282CPR6","Bond","3.62500","2030-12-31","94.63600","94.67200","semi-annually","UNITED STATES TREAS SER AH-2030, 3.625%, 31-DEC-2030","2030-12-31-91282CPR6"
"2026-10-02T1405","91282CBF7","TIPS","0.12500","2031-01-15","89.95300","90.07100","semi-annually","UNITED STATES TREAS NTS SER A-2031, 0.125%, 15-JAN-2031","2031-01-15-91282CBF7"
"2026-10-02T1405","91282CJX0","Bond","4.00000","2031-01-31","95.97200","96.00400","semi-annually","UNITED STATES TREAS SER G-2031, 4.000%, 31-JAN-2031","2031-01-31-91282CJX0"
"2026-10-02T1405","91282CPW5","Bond","3.75000","2031-01-31","95.00300","95.03600","semi-annually","UNITED STATES TREAS SER U-2031, 3.750%, 31-JAN-2031","2031-01-31-91282CPW5"
"2026-10-02T1405","912803CK7","Bond","","2031-02-15","80.47200","80.78100","","UNITED STATES TREAS BD STRIPP ZERO CPN, 0.000%, 15-FEB-2031","2031-02-15-912803CK7"
"2026-10-02T1405","912810FP8","Bond","5.37500","2031-02-15","101.39400","101.49700","semi-annually","UNITED STATES TREAS BDS, 5.375%, 15-FEB-2031","2031-02-15-912810FP8"
"2026-10-02T1405","912821GD1","STRIP","","2031-02-15","80.08600","81.36700","","U S TREAS NT STRIPPED PRIN PMT, 0.000%, 15-FEB-2031","2031-02-15-912821GD1"
"2026-10-02T1405","91282CBL4","Bond","1.12500","2031-02-15","84.89400","84.93000","semi-annually","UNITED STATES TREAS SER B-2031, 1.125%, 15-FEB-2031","2031-02-15-91282CBL4"
"2026-10-02T1405","912833XZ8","STRIP","","2031-02-15","80.06400","80.23100","","U S TREAS SEC STRIPPED INT PMT, 0.000%, 15-FEB-2031","2031-02-15-912833XZ8"
"2026-10-02T1405","91282CKC4","Bond","4.25000","2031-02-28","96.87500","96.90700","semi-annually","UNITED STATES TREAS SER H-2031, 4.250%, 28-FEB-2031","2031-02-28-91282CKC4"
"2026-10-02T1405","91282CQD6","Bond","3.50000","2031-02-28","93.93700","94.02400","semi-annually","UNITED STATES TREAS SER V-2031, 3.500%, 28-FEB-2031","2031-02-28-91282CQD6"
"2026-10-02T1405","91282CKF7","Bond","4.12500","2031-03-31","96.31200","96.34400","semi-annually","UNITED STATES TREAS SER J-2031, 4.125%, 31-MAR-2031","2031-03-31-91282CKF7"
"2026-10-02T1405","91282CQG9","Bond","3.87500","2031-03-31","95.31600","95.34800","semi-annually","UNITED STATES TREAS SER W-2031, 3.875%, 31-MAR-2031","2031-03-31-91282CQG9"
"2026-10-02T1405","91282CQP9","TIPS","1.25000","2031-04-15","93.95300","94.05500","semi-annually","UNITED STATES TREAS NTS SER X-2031, 1.250%, 15-APR-2031","2031-04-15-91282CQP9"
"2026-10-02T1405","91282CKN0","Bond","4.62500","2031-04-30","98.26500","98.30100","semi-annually","UNITED STATES TREAS SER K-2031, 4.625%, 30-APR-2031","2031-04-30-91282CKN0"
"2026-10-02T1405","91282CQK0","Bond","3.87500","2031-04-30","95.24200","95.27400","semi-annually","UNITED STATES TREAS SER Y-2031, 3.875%, 30-APR-2031","2031-04-30-91282CQK0"
"2026-10-02T1405","91282CCB5","Bond","1.62500","2031-05-15","86.03500","86.07100","semi-annually","UNITED STATES TREAS SER C-2031, 1.625%, 15-MAY-2031","2031-05-15-91282CCB5"
"2026-10-02T1405","9128337P9","STRIP","","2031-05-15","79.00700","79.21600","","U S TREAS SEC STRIPPED INT PMT, 0.000%, 15-MAY-2031","2031-05-15-9128337P9"
"2026-10-02T1405","91282CKU4","Bond","4.62500","2031-05-31","98.20700","98.23900","semi-annually","UNITED STATES TREAS SER L-2031, 4.625%, 31-MAY-2031","2031-05-31-91282CKU4"
"2026-10-02T1405","91282CQU8","Bond","4.12500","2031-05-31","96.16700","96.19600","semi-annually","UNITED STATES TREAS SER Z-2031, 4.125%, 31-MAY-2031","2031-05-31-91282CQU8"
"2026-10-02T1405","91282CKW0","Bond","4.25000","2031-06-30","96.60900","96.64100","semi-annually","UNITED STATES TREAS SER M-2031, 4.250%, 30-JUN-2031","2031-06-30-91282CKW0"
"2026-10-02T1405","91282CQX2","Bond","4.12500","2031-06-30","96.10500","96.13300","semi-annually","UNITED STATES TREAS SER AA-2031, 4.125%, 30-JUN-2031","2031-06-30-91282CQX2"
"2026-10-02T1405","91282CCM1","TIPS","0.12500","2031-07-15","89.07200","89.17200","semi-annually","UNITED STATES TREAS NTS SER D-2031, 0.125%, 15-JUL-2031","2031-07-15-91282CCM1"
"2026-10-02T1405","91282CLD1","Bond","4.12500","2031-07-31","96.02300","96.05100","semi-annually","UNITED STATES TREAS SER N-2031, 4.125%, 31-JUL-2031","2031-07-31-91282CLD1"
"2026-10-02T1405","91282CRA1","Bond","4.37500","2031-07-31","97.08500","97.11400","semi-annually","UNITED STATES TREAS SER AB-2031, 4.375%, 31-JUL-2031","2031-07-31-91282CRA1"
"2026-10-02T1405","912821MX0","STRIP","","2031-08-15","78.21700","78.58600","","U S TREAS NT STRIPPED PRIN PMT, 0.000%, 15-AUG-2031","2031-08-15-912821MX0"
"2026-10-02T1405","91282CCS8","Bond","1.25000","2031-08-15","83.70300","83.73100","semi-annually","UNITED STATES TREAS SER E-2031, 1.250%, 15-AUG-2031","2031-08-15-91282CCS8"
"2026-10-02T1405","9128334S6","STRIP","","2031-08-15","77.96900","78.19400","","U S TREAS SEC STRIPPED INT PMT, 0.000%, 15-AUG-2031","2031-08-15-9128334S6"
"2026-10-02T1405","91282CLJ8","Bond","3.75000","2031-08-31","94.33200","94.36800","semi-annually","UNITED STATES TREAS SER P-2031, 3.750%, 31-AUG-2031","2031-08-31-91282CLJ8"
"2026-10-02T1405","91282CRK9","Bond","4.37500","2031-08-31","97.07900","97.09700","semi-annually","UNITED STATES TREAS SER AC-2031, 4.375%, 31-AUG-2031","2031-08-31-91282CRK9"
"2026-10-02T1405","91282CLM1","Bond","3.62500","2031-09-30","93.69500","93.72700","semi-annually","UNITED STATES TREAS SER Q-2031, 3.625%, 30-SEP-2031","2031-09-30-91282CLM1"
"2026-10-02T1405","91282CRN3","Bond","5.00000","2031-09-30","99.75700","99.77400","semi-annually","UNITED STATES TREAS SER AD-2031, 5.000%, 30-SEP-2031","2031-09-30-91282CRN3"
"2026-10-02T1405","91282CLU3","Bond","4.12500","2031-10-31","95.78900","95.82100","semi-annually","UNITED STATES TREAS SER R-2031, 4.125%, 31-OCT-2031","2031-10-31-91282CLU3"
"2026-10-02T1405","91282CDJ7","Bond","1.37500","2031-11-15","83.44900","83.48900","semi-annually","UNITED STATES TREAS SER F-2031, 1.375%, 15-NOV-2031","2031-11-15-91282CDJ7"
"2026-10-02T1405","9128337Q7","STRIP","","2031-11-15","76.92300","77.11700","","U S TREAS SEC STRIPPED INT PMT, 0.000%, 15-NOV-2031","2031-11-15-9128337Q7"
"2026-10-02T1405","91282CLZ2","Bond","4.12500","2031-11-30","95.71800","95.75400","semi-annually","UNITED STATES TREAS SER S-2031, 4.125%, 30-NOV-2031","2031-11-30-91282CLZ2"
"2026-10-02T1405","91282CMC2","Bond","4.50000","2031-12-31","97.34700","97.37900","semi-annually","UNITED STATES TREAS SER T-2031, 4.500%, 31-DEC-2031","2031-12-31-91282CMC2"
"2026-10-02T1405","91282CDX6","TIPS","0.12500","2032-01-15","87.52400","87.63800","semi-annually","UNITED STATES TREAS NTS SER A-2032, 0.125%, 15-JAN-2032","2032-01-15-91282CDX6"
"2026-10-02T1405","91282CMK4","Bond","4.37500","2032-01-31","96.69100","96.73100","semi-annually","UNITED STATES TREAS SER G-2032, 4.375%, 31-JAN-2032","2032-01-31-91282CMK4"
"2026-10-02T1405","912821HJ7","STRIP","","2032-02-15","76.22300","76.48100","","U S TREAS NT STRIPPED PRIN PMT, 0.000%, 15-FEB-2032","2032-02-15-912821HJ7"
"2026-10-02T1405","91282CDY4","Bond","1.87500","2032-02-15","85.00000","85.04000","semi-annually","UNITED STATES TREAS SER B-2032, 1.875%, 15-FEB-2032","2032-02-15-91282CDY4"
"2026-10-02T1405","9128334T4","STRIP","","2032-02-15","75.87600","76.08600","","U S TREAS SEC STRIPPED INT PMT, 0.000%, 15-FEB-2032","2032-02-15-9128334T4"
"2026-10-02T1405","91282CMR9","Bond","4.12500","2032-02-29","95.46400","95.50000","semi-annually","UNITED STATES TREAS SER H-2032, 4.125%, 29-FEB-2032","2032-02-29-91282CMR9"
"2026-10-02T1405","91282CMT5","Bond","4.12500","2032-03-31","95.39400","95.44200","semi-annually","UNITED STATES TREAS SER J-2032, 4.125%, 31-MAR-2032","2032-03-31-91282CMT5"
"2026-10-02T1405","912810FQ6","TIPS","3.37500","2032-04-15","103.39500","103.63400","semi-annually","UNITED STATES TREASURY, 3.375%, 15-APR-2032","2032-04-15-912810FQ6"
"2026-10-02T1405","91282CNA5","Bond","4.00000","2032-04-30","94.72200","94.77000","semi-annually","UNITED STATES TREAS SER K-2032, 4.000%, 30-APR-2032","2032-04-30-91282CNA5"
"2026-10-02T1405","912821HY4","STRIP","","2032-05-15","75.22300","75.49500","","U S TREAS NT STRIPPED PRIN PMT, 0.000%, 15-MAY-2032","2032-05-15-912821HY4"
"2026-10-02T1405","91282CEP2","Bond","2.87500","2032-05-15","89.17100","89.22300","semi-annually","UNITED STATES TREAS SER C-2032, 2.875%, 15-MAY-2032","2032-05-15-91282CEP2"
"2026-10-02T1405","9128337R5","STRIP","","2032-05-15","74.90000","75.10600","","U S TREAS SEC STRIPPED INT PMT, 0.000%, 15-MAY-2032","2032-05-15-9128337R5"
"2026-10-02T1405","91282CNF4","Bond","4.12500","2032-05-31","95.21400","95.26200","semi-annually","UNITED STATES TREAS SER L-2032, 4.125%, 31-MAY-2032","2032-05-31-91282CNF4"
"2026-10-02T1405","91282CNJ6","Bond","4.00000","2032-06-30","94.53100","94.58300","semi-annually","UNITED STATES TREAS SER M-2032, 4.000%, 30-JUN-2032","2032-06-30-91282CNJ6"
"2026-10-02T1405","91282CEZ0","TIPS","0.62500","2032-07-15","89.26900","89.39100","semi-annually","UNITED STATES TREAS NTS SER D-2032, 0.625%, 15-JUL-2032","2032-07-15-91282CEZ0"
"2026-10-02T1405","91282CNR8","Bond","4.00000","2032-07-31","94.41700","94.46900","semi-annually","UNITED STATES TREAS SER N-2032, 4.000%, 31-JUL-2032","2032-07-31-91282CNR8"
"2026-10-02T1405","912821JN6","STRIP","","2032-08-15","74.15000","74.52500","","U S TREAS NT STRIPPED PRIN PMT, 0.000%, 15-AUG-2032","2032-08-15-912821JN6"
"2026-10-02T1405","91282CFF3","Bond","2.75000","2032-08-15","88.08900","88.14100","semi-annually","UNITED STATES TREAS SER E-2032, 2.750%, 15-AUG-2032","2032-08-15-91282CFF3"
"2026-10-02T1405","9128334U1","STRIP","","2032-08-15","73.86900","74.09800","","U S TREAS SEC STRIPPED INT PMT, 0.000%, 15-AUG-2032","2032-08-15-9128334U1"
"2026-10-02T1405","91282CNW7","Bond","3.87500","2032-08-31","93.71800","93.76600","semi-annually","UNITED STATES TREAS SER P-2032, 3.875%, 31-AUG-2032","2032-08-31-91282CNW7"
"2026-10-02T1405","91282CNZ0","Bond","3.87500","2032-09-30","93.61700","93.66500","semi-annually","UNITED STATES TREAS SER Q-2032, 3.875%, 30-SEP-2032","2032-09-30-91282CNZ0"
"2026-10-02T1405","91282CPF2","Bond","3.75000","2032-10-31","92.86700","92.91500","semi-annually","UNITED STATES TREAS SER R-2032, 3.750%, 31-OCT-2032","2032-10-31-91282CPF2"
"2026-10-02T1405","912821KC8","STRIP","","2032-11-15","73.17100","73.54400","","U S TREAS NT STRIPPED PRIN PMT, 0.000%, 15-NOV-2032","2032-11-15-912821KC8"
"2026-10-02T1405","91282CFV8","Bond","4.12500","2032-11-15","94.76500","94.81700","semi-annually","UNITED STATES TREAS SER F-2032, 4.125%, 15-NOV-2032","2032-11-15-91282CFV8"
"2026-10-02T1405","9128337S3","STRIP","","2032-11-15","72.86600","73.07400","","U S TREAS SEC STRIPPED INT PMT, 0.000%, 15-NOV-2032","2032-11-15-9128337S3"
"2026-10-02T1405","91282CPM7","Bond","3.75000","2032-11-30","92.76900","92.82100","semi-annually","UNITED STATES TREAS SER S-2032, 3.750%, 30-NOV-2032","2032-11-30-91282CPM7"
"2026-10-02T1405","91282CPQ8","Bond","3.87500","2032-12-31","93.32400","93.37200","semi-annually","UNITED STATES TREAS SER T-2032, 3.875%, 31-DEC-2032","2032-12-31-91282CPQ8"
"2026-10-02T1405","91282CGK1","TIPS","1.12500","2033-01-15","90.77500","90.89100","semi-annually","UNITED STATES TREAS NTS SER A-2033, 1.125%, 15-JAN-2033","2033-01-15-91282CGK1"
"2026-10-02T1405","91282CPY1","Bond","4.00000","2033-01-31","93.87800","93.93400","semi-annually","UNITED STATES TREAS SER G-2033, 4.000%, 31-JAN-2033","2033-01-31-91282CPY1"
"2026-10-02T1405","91282CGM7","Bond","3.50000","2033-02-15","91.13600","91.19200","semi-annually","UNITED STATES TREAS SER B-2033, 3.500%, 15-FEB-2033","2033-02-15-91282CGM7"
"2026-10-02T1405","9128334V9","STRIP","","2033-02-15","71.86200","72.07400","","U S TREAS SEC STRIPPED INT PMT, 0.000%, 15-FEB-2033","2033-02-15-9128334V9"
"2026-10-02T1405","91282CQC8","Bond","3.75000","2033-02-28","92.48400","92.53600","semi-annually","UNITED STATES TREAS SER H-2033, 3.750%, 28-FEB-2033","2033-02-28-91282CQC8"
"2026-10-02T1405","91282CQF1","Bond","4.25000","2033-03-31","95.09300","95.14500","semi-annually","UNITED STATES TREAS SER J-2033, 4.250%, 31-MAR-2033","2033-03-31-91282CQF1"
"2026-10-02T1405","91282CQN4","Bond","4.12500","2033-04-30","94.32400","94.36800","semi-annually","UNITED STATES TREAS SER K-2033, 4.125%, 30-APR-2033","2033-04-30-91282CQN4"
"2026-10-02T1405","912821LG8","STRIP","","2033-05-15","71.28400","71.53800","","U S TREAS NT STRIPPED PRIN PMT, 0.000%, 15-MAY-2033","2033-05-15-912821LG8"
"2026-10-02T1405","91282CHC8","Bond","3.37500","2033-05-15","90.10500","90.14900","semi-annually","UNITED STATES TREAS SER C-2033, 3.375%, 15-MAY-2033","2033-05-15-91282CHC8"
"2026-10-02T1405","9128337T1","STRIP","","2033-05-15","70.92300","71.12900","","U S TREAS SEC STRIPPED INT PMT, 0.000%, 15-MAY-2033","2033-05-15-9128337T1"
"2026-10-02T1405","91282CQT1","Bond","4.25000","2033-05-31","94.95300","95.00000","semi-annually","UNITED STATES TREAS SER L-2033, 4.250%, 31-MAY-2033","2033-05-31-91282CQT1"
"2026-10-02T1405","91282CQW4","Bond","4.25000","2033-06-30","94.86300","94.91500","semi-annually","UNITED STATES TREAS SER M-2033, 4.250%, 30-JUN-2033","2033-06-30-91282CQW4"
"2026-10-02T1405","91282CHP9","TIPS","1.37500","2033-07-15","91.76600","91.89100","semi-annually","UNITED STATES TREAS NTS SER D-2033, 1.375%, 15-JUL-2033","2033-07-15-91282CHP9"
"2026-10-02T1405","91282CRC7","Bond","4.37500","2033-07-31","95.50000","95.54300","semi-annually","UNITED STATES TREAS SER N-2033, 4.375%, 31-JUL-2033","2033-07-31-91282CRC7"
"2026-10-02T1405","912821LW3","STRIP","","2033-08-15","70.33900","70.73000","","U S TREAS NT STRIPPED PRIN PMT, 0.000%, 15-AUG-2033","2033-08-15-912821LW3"
"2026-10-02T1405","91282CHT1","Bond","3.87500","2033-08-15","92.59300","92.64900","semi-annually","UNITED STATES TREAS SER E-2033, 3.875%, 15-AUG-2033","2033-08-15-91282CHT1"
"2026-10-02T1405","9128334W7","STRIP","","2033-08-15","69.88700","70.17500","","U S TREAS SEC STRIPPED INT PMT, 0.000%, 15-AUG-2033","2033-08-15-9128334W7"
"2026-10-02T1405","91282CRJ2","Bond","4.50000","2033-08-31","96.18900","96.22200","semi-annually","UNITED STATES TREAS SER P-2033, 4.500%, 31-AUG-2033","2033-08-31-91282CRJ2"
"2026-10-02T1405","91282CRM5","Bond","5.00000","2033-09-30","99.04800","99.07500","semi-annually","UNITED STATES TREAS SER Q-2033, 5.000%, 30-SEP-2033","2033-09-30-91282CRM5"
"2026-10-02T1405","91282CJJ1","Bond","4.50000","2033-11-15","95.99600","96.04700","semi-annually","UNITED STATES TREAS SER F-2033, 4.500%, 15-NOV-2033","2033-11-15-91282CJJ1"
"2026-10-02T1405","9128337U8","STRIP","","2033-11-15","68.96900","69.23800","","U S TREAS SEC STRIPPED INT PMT, 0.000%, 15-NOV-2033","2033-11-15-9128337U8"
"2026-10-02T1405","91282CJY8","TIPS","1.75000","2034-01-15","93.17300","93.29000","semi-annually","UNITED STATES TREAS NTS SER A-2034, 1.750%, 15-JAN-2034","2034-01-15-91282CJY8"
"2026-10-02T1405","91282CJZ5","Bond","4.00000","2034-02-15","92.73800","92.79000","semi-annually","UNITED STATES TREAS SER B-2034, 4.000%, 15-FEB-2034","2034-02-15-91282CJZ5"
"2026-10-02T1405","9128334X5","STRIP","","2034-02-15","67.98100","68.23300","","U S TREAS SEC STRIPPED INT PMT, 0.000%, 15-FEB-2034","2034-02-15-9128334X5"
"2026-10-02T1405","91282CKQ3","Bond","4.37500","2034-05-15","94.83500","94.89100","semi-annually","UNITED STATES TREAS SER C-2034, 4.375%, 15-MAY-2034","2034-05-15-91282CKQ3"
"2026-10-02T1405","9128337V6","STRIP","","2034-05-15","67.02500","67.31100","","U S TREAS SEC STRIPPED INT PMT, 0.000%, 15-MAY-2034","2034-05-15-9128337V6"
"2026-10-02T1405","91282CLE9","TIPS","1.87500","2034-07-15","93.71200","93.82800","semi-annually","UNITED STATES TREAS NTS SER D-2034, 1.875%, 15-JUL-2034","2034-07-15-91282CLE9"
"2026-10-02T1405","91282CLF6","Bond","3.87500","2034-08-15","91.41000","91.46100","semi-annually","UNITED STATES TREAS SER E-2034, 3.875%, 15-AUG-2034","2034-08-15-91282CLF6"
"2026-10-02T1405","9128334Y3","STRIP","","2034-08-15","66.07500","66.33900","","U S TREAS SEC STRIPPED INT PMT, 0.000%, 15-AUG-2034","2034-08-15-9128334Y3"
"2026-10-02T1405","91282CLW9","Bond","4.25000","2034-11-15","93.58900","93.64100","semi-annually","UNITED STATES TREAS SER F-2034, 4.250%, 15-NOV-2034","2034-11-15-91282CLW9"
"2026-10-02T1405","9128337W4","STRIP","","2034-11-15","65.19600","65.40200","","U S TREAS SEC STRIPPED INT PMT, 0.000%, 15-NOV-2034","2034-11-15-9128337W4"
"2026-10-02T1405","91282CML2","TIPS","2.12500","2035-01-15","94.64100","94.75800","semi-annually","UNITED STATES TREAS NTS SER A-2035, 2.125%, 15-JAN-2035","2035-01-15-91282CML2"
"2026-10-02T1405","912821RM9","STRIP","","2035-02-15","64.67900","65.05900","","U S TREAS NT STRIPPED PRIN PMT, 0.000%, 15-FEB-2035","2035-02-15-912821RM9"
"2026-10-02T1405","91282CMM0","Bond","4.62500","2035-02-15","95.87500","95.92600","semi-annually","UNITED STATES TREAS SER B-2035, 4.625%, 15-FEB-2035","2035-02-15-91282CMM0"
"2026-10-02T1405","9128334Z0","STRIP","","2035-02-15","64.25800","64.52300","","U S TREAS SEC STRIPPED INT PMT, 0.000%, 15-FEB-2035","2035-02-15-9128334Z0"
"2026-10-02T1405","91282CNC1","Bond","4.25000","2035-05-15","93.14400","93.19600","semi-annually","UNITED STATES TREAS SER C-2035, 4.250%, 15-MAY-2035","2035-05-15-91282CNC1"
"2026-10-02T1405","912833X88","STRIP","","2035-05-15","63.32500","63.63600","","U S TREAS SEC STRIPPED INT PMT, 0.000%, 15-MAY-2035","2035-05-15-912833X88"
"2026-10-02T1405","91282CNS6","TIPS","1.87500","2035-07-15","92.42300","92.53800","semi-annually","UNITED STATES TREAS NTS SER D-2035, 1.875%, 15-JUL-2035","2035-07-15-91282CNS6"
"2026-10-02T1405","912821SR7","STRIP","","2035-08-15","62.86100","63.29800","","U S TREAS NT STRIPPED PRIN PMT, 0.000%, 15-AUG-2035","2035-08-15-912821SR7"
"2026-10-02T1405","91282CNT4","Bond","4.25000","2035-08-15","92.92900","92.97300","semi-annually","UNITED STATES TREAS SER E-2035, 4.250%, 15-AUG-2035","2035-08-15-91282CNT4"
"2026-10-02T1405","9128335A4","STRIP","","2035-08-15","62.43100","62.67400","","U S TREAS SEC STRIPPED INT PMT, 0.000%, 15-AUG-2035","2035-08-15-9128335A4"
"2026-10-02T1405","912821TF2","STRIP","","2035-11-15","61.95500","62.44200","","U S TREAS NT STRIPPED PRIN PMT, 0.000%, 15-NOV-2035","2035-11-15-912821TF2"
"2026-10-02T1405","91282CPJ4","Bond","4.00000","2035-11-15","90.90600","90.95400","semi-annually","UNITED STATES TREAS SER F-2035, 4.000%, 15-NOV-2035","2035-11-15-91282CPJ4"
"2026-10-02T1405","912833X96","STRIP","","2035-11-15","61.52800","61.79200","","U S TREAS SEC STRIPPED INT PMT, 0.000%, 15-NOV-2035","2035-11-15-912833X96"
"2026-10-02T1405","91282CPU9","TIPS","1.87500","2036-01-15","91.54800","91.66300","semi-annually","UNITED STATES TREAS NTS SER A-2036, 1.875%, 15-JAN-2036","2036-01-15-91282CPU9"
"2026-10-02T1405","912803CX9","Bond","","2036-02-15","62.12900","62.39000","","UNITED STATES TREAS BD STRIPP ZERO CPN, 0.000%, 15-FEB-2036","2036-02-15-912803CX9"
"2026-10-02T1405","912810FT0","Bond","4.50000","2036-02-15","95.24600","95.34800","semi-annually","UNITED STATES TREAS SER BONDS OF FEBRUARY 2036, 4.500%, 15-FEB-2036","2036-02-15-912810FT0"
"2026-10-02T1405","91282CPZ8","Bond","4.12500","2036-02-15","91.61000","91.65400","semi-annually","UNITED STATES TREAS SER B-2036, 4.125%, 15-FEB-2036","2036-02-15-91282CPZ8"
"2026-10-02T1405","9128335B2","STRIP","","2036-02-15","60.71300","61.00300","","U S TREAS SEC STRIPPED INT PMT, 0.000%, 15-FEB-2036","2036-02-15-9128335B2"
"2026-10-02T1405","912821UK9","STRIP","","2036-05-15","60.31500","60.78700","","U S TREAS NT STRIPPED PRIN PMT, 0.000%, 15-MAY-2036","2036-05-15-912821UK9"
"2026-10-02T1405","91282CQQ7","Bond","4.37500","2036-05-15","93.26800","93.29500","semi-annually","UNITED STATES TREAS SER C-2036, 4.375%, 15-MAY-2036","2036-05-15-91282CQQ7"
"2026-10-02T1405","912833Y20","STRIP","","2036-05-15","59.86400","60.15600","","U S TREAS SEC STRIPPED INT PMT, 0.000%, 15-MAY-2036","2036-05-15-912833Y20"
"2026-10-02T1405","91282CRE3","TIPS","2.37500","2036-07-15","95.40700","95.53900","semi-annually","UNITED STATES TREAS NTS SER D-2036, 2.375%, 15-JUL-2036","2036-07-15-91282CRE3"
"2026-10-02T1405","91282CRF0","Bond","4.62500","2036-08-15","95.04700","95.07800","semi-annually","UNITED STATES TREAS NTS, 4.625%, 15-AUG-2036","2036-08-15-91282CRF0"
"2026-10-02T1405","9128337E4","STRIP","","2036-08-15","58.96900","59.27500","","U S TREAS SEC STRIPPED INT PMT, 0.000%, 15-AUG-2036","2036-08-15-9128337E4"
"2026-10-02T1405","912833Y38","STRIP","","2036-11-15","58.15700","58.46400","","U S TREAS SEC STRIPPED INT PMT, 0.000%, 15-NOV-2036","2036-11-15-912833Y38"
"2026-10-02T1405","912803CZ4","Bond","","2037-02-15","58.69800","58.95800","","UNITED STATES TREAS BD STRIPP ZERO CPN, 0.000%, 15-FEB-2037","2037-02-15-912803CZ4"
"2026-10-02T1405","912810PT9","Bond","4.75000","2037-02-15","96.32800","96.46900","semi-annually","UNITED STATES TREAS BDS, 4.750%, 15-FEB-2037","2037-02-15-912810PT9"
"2026-10-02T1405","9128337F1","STRIP","","2037-02-15","57.32900","57.58900","","U S TREAS SEC STRIPPED INT PMT, 0.000%, 15-FEB-2037","2037-02-15-9128337F1"
"2026-10-02T1405","912803DA8","Bond","","2037-05-15","57.85600","58.15300","","UNITED STATES TREAS BD STRIPP ZERO CPN, 0.000%, 15-MAY-2037","2037-05-15-912803DA8"
"2026-10-02T1405","912810PU6","Bond","5.00000","2037-05-15","98.21300","98.40200","semi-annually","UNITED STATES TREAS BDS, 5.000%, 15-MAY-2037","2037-05-15-912810PU6"
"2026-10-02T1405","912833Y46","STRIP","","2037-05-15","56.50800","56.73300","","U S TREAS SEC STRIPPED INT PMT, 0.000%, 15-MAY-2037","2037-05-15-912833Y46"
"2026-10-02T1405","912833Z52","STRIP","","2037-08-15","55.61500","55.87300","","U S TREAS SEC STRIPPED INT PMT, 0.000%, 15-AUG-2037","2037-08-15-912833Z52"
"2026-10-02T1405","912834AD0","STRIP","","2037-11-15","54.77400","55.03400","","U S TREAS SEC STRIPPED INT PMT, 0.000%, 15-NOV-2037","2037-11-15-912834AD0"
"2026-10-02T1405","912803DC4","Bond","","2038-02-15","55.59000","55.82700","","UNITED STATES TREAS BD STRIPP ZERO CPN, 0.000%, 15-FEB-2038","2038-02-15-912803DC4"
"2026-10-02T1405","912810PW2","Bond","4.37500","2038-02-15","92.64700","92.78900","semi-annually","UNITED STATES TREAS BDS, 4.375%, 15-FEB-2038","2038-02-15-912810PW2"
"2026-10-02T1405","912833Z60","STRIP","","2038-02-15","54.00800","54.25000","","U S TREAS SEC STRIPPED INT PMT, 0.000%, 15-FEB-2038","2038-02-15-912833Z60"
"2026-10-02T1405","912803DD2","Bond","","2038-05-15","54.61200","54.84400","","UNITED STATES TREAS BD STRIPP ZERO CPN, 0.000%, 15-MAY-2038","2038-05-15-912803DD2"
"2026-10-02T1405","912810PX0","Bond","4.50000","2038-05-15","93.32400","93.42600","semi-annually","UNITED STATES TREAS BDS, 4.500%, 15-MAY-2038","2038-05-15-912810PX0"
"2026-10-02T1405","912834AE8","STRIP","","2038-05-15","53.11400","53.35000","","U S TREAS SEC STRIPPED INT PMT, 0.000%, 15-MAY-2038","2038-05-15-912834AE8"
"2026-10-02T1405","912834AT5","STRIP","","2038-08-15","52.33400","52.54400","","U S TREAS SEC STRIPPED INT PMT, 0.000%, 15-AUG-2038","2038-08-15-912834AT5"
"2026-10-02T1405","912834DU9","STRIP","","2038-11-15","51.45400","51.72600","","U S TREAS SEC STRIPPED INT PMT, 0.000%, 15-NOV-2038","2038-11-15-912834DU9"
"2026-10-02T1405","912803DF7","Bond","","2039-02-15","52.19200","52.41100","","UNITED STATES TREAS BD STRIPP ZERO CPN, 0.000%, 15-FEB-2039","2039-02-15-912803DF7"
"2026-10-02T1405","912810QA9","Bond","3.50000","2039-02-15","83.65400","83.76600","semi-annually","UNITED STATES TREAS BDS, 3.500%, 15-FEB-2039","2039-02-15-912810QA9"
"2026-10-02T1405","912834AU2","STRIP","","2039-02-15","50.73500","50.98800","","U S TREAS SEC STRIPPED INT PMT, 0.000%, 15-FEB-2039","2039-02-15-912834AU2"
"2026-10-02T1405","912803DG5","Bond","","2039-05-15","51.10600","51.28900","","UNITED STATES TREAS BD STRIPP ZERO CPN, 0.000%, 15-MAY-2039","2039-05-15-912803DG5"
"2026-10-02T1405","912810QB7","Bond","4.25000","2039-05-15","89.83800","89.94900","semi-annually","UNITED STATES TREAS BDS, 4.250%, 15-MAY-2039","2039-05-15-912810QB7"
"2026-10-02T1405","912834DV7","STRIP","","2039-05-15","49.93800","50.19900","","U S TREAS SEC STRIPPED INT PMT, 0.000%, 15-MAY-2039","2039-05-15-912834DV7"
"2026-10-02T1405","912803DH3","Bond","","2039-08-15","50.17800","50.42400","","UNITED STATES TREAS BD STRIPP ZERO CPN, 0.000%, 15-AUG-2039","2039-08-15-912803DH3"
"2026-10-02T1405","912810QC5","Bond","4.50000","2039-08-15","91.72200","91.83200","semi-annually","UNITED STATES TREAS BDS, 4.500%, 15-AUG-2039","2039-08-15-912810QC5"
"2026-10-02T1405","912834EP9","STRIP","","2039-08-15","49.14100","49.40000","","U S TREAS SEC STRIPPED INT PMT, 0.000%, 15-AUG-2039","2039-08-15-912834EP9"
"2026-10-02T1405","912803DJ9","Bond","","2039-11-15","49.37600","49.60500","","UNITED STATES TREAS BD STRIPP ZERO CPN, 0.000%, 15-NOV-2039","2039-11-15-912803DJ9"
"2026-10-02T1405","912810QD3","Bond","4.37500","2039-11-15","90.28100","90.39100","semi-annually","UNITED STATES TREAS BDS, 4.375%, 15-NOV-2039","2039-11-15-912810QD3"
"2026-10-02T1405","912834EV6","STRIP","","2039-11-15","48.42200","48.65300","","U S TREAS SEC STRIPPED INT PMT, 0.000%, 15-NOV-2039","2039-11-15-912834EV6"
"2026-10-02T1405","912803DK6","Bond","","2040-02-15","48.56300","48.82800","","UNITED STATES TREAS BD STRIPP ZERO CPN, 0.000%, 15-FEB-2040","2040-02-15-912803DK6"
"2026-10-02T1405","912810QE1","Bond","4.62500","2040-02-15","92.41000","92.50000","semi-annually","UNITED STATES TREAS BDS, 4.625%, 15-FEB-2040","2040-02-15-912810QE1"
"2026-10-02T1405","912810QF8","TIPS","2.12500","2040-02-15","89.08000","89.32100","semi-annually","UNITED STATES TREAS BDS, 2.125%, 15-FEB-2040","2040-02-15-912810QF8"
"2026-10-02T1405","912834FB9","STRIP","","2040-02-15","47.58300","47.86400","","U S TREAS SEC STRIPPED INT PMT, 0.000%, 15-FEB-2040","2040-02-15-912834FB9"
"2026-10-02T1405","912803DM2","Bond","","2040-05-15","47.79100","48.01200","","UNITED STATES TREAS BD STRIPP ZERO CPN, 0.000%, 15-MAY-2040","2040-05-15-912803DM2"
"2026-10-02T1405","912810QH4","Bond","4.37500","2040-05-15","89.78500","89.88700","semi-annually","UNITED STATES TREAS BDS, 4.375%, 15-MAY-2040","2040-05-15-912810QH4"
"2026-10-02T1405","912810SR0","Bond","1.12500","2040-05-15","58.49600","58.62300","semi-annually","UNITED STATES TREAS SER BONDS OF MAY 2040, 1.125%, 15-MAY-2040","2040-05-15-912810SR0"
"2026-10-02T1405","912834HV3","STRIP","","2040-05-15","46.81700","47.10300","","U S TREAS SEC STRIPPED INT PMT, 0.000%, 15-MAY-2040","2040-05-15-912834HV3"
"2026-10-02T1405","912803DN0","Bond","","2040-08-15","47.08000","47.35500","","UNITED STATES TREAS BD STRIPP ZERO CPN, 0.000%, 15-AUG-2040","2040-08-15-912803DN0"
"2026-10-02T1405","912810QK7","Bond","3.87500","2040-08-15","84.69500","84.76200","semi-annually","UNITED STATES TREAS BDS, 3.875%, 15-AUG-2040","2040-08-15-912810QK7"
"2026-10-02T1405","912810SQ2","Bond","1.12500","2040-08-15","57.82800","57.94700","semi-annually","UNITED STATES TREAS SER BONDS OF AUGUST 2040, 1.125%, 15-AUG-2040","2040-08-15-912810SQ2"
"2026-10-02T1405","912834JB5","STRIP","","2040-08-15","46.09000","46.40500","","U S TREAS SEC STRIPPED INT PMT, 0.000%, 15-AUG-2040","2040-08-15-912834JB5"
"2026-10-02T1405","912803DP5","Bond","","2040-11-15","46.28600","46.56100","","UNITED STATES TREAS BD STRIPP ZERO CPN, 0.000%, 15-NOV-2040","2040-11-15-912803DP5"
"2026-10-02T1405","912810QL5","Bond","4.25000","2040-11-15","88.03100","88.10500","semi-annually","UNITED STATES TREAS BDS, 4.250%, 15-NOV-2040","2040-11-15-912810QL5"
"2026-10-02T1405","912810ST6","Bond","1.37500","2040-11-15","59.61700","59.72900","semi-annually","UNITED STATES TREAS SER BONDS OF NOVEMBER 2040, 1.375%, 15-NOV-2040","2040-11-15-912810ST6"
"2026-10-02T1405","912834JH2","STRIP","","2040-11-15","45.30100","45.63200","","U S TREAS SEC STRIPPED INT PMT, 0.000%, 15-NOV-2040","2040-11-15-912834JH2"
"2026-10-02T1405","912803DQ3","Bond","","2041-02-15","45.46100","45.73400","","UNITED STATES TREAS BD STRIPP ZERO CPN, 0.000%, 15-FEB-2041","2041-02-15-912803DQ3"
"2026-10-02T1405","912803FW8","Bond","","2041-02-15","45.17000","45.77600","","UNITED STATES TREAS BD STRIPP ZERO CPN, 0.000%, 15-FEB-2041","2041-02-15-912803FW8"
"2026-10-02T1405","912810QN1","Bond","4.75000","2041-02-15","92.65200","92.71100","semi-annually","UNITED STATES TREAS BDS, 4.750%, 15-FEB-2041","2041-02-15-912810QN1"
"2026-10-02T1405","912810QP6","TIPS","2.12500","2041-02-15","87.85300","88.09900","semi-annually","UNITED STATES TREAS BDS, 2.125%, 15-FEB-2041","2041-02-15-912810QP6"
"2026-10-02T1405","912810SW9","Bond","1.87500","2041-02-15","64.01100","64.14100","semi-annually","UNITED STATES TREAS SER BONDS OF FEBRUARY 2041, 1.875%, 15-FEB-2041","2041-02-15-912810SW9"
"2026-10-02T1405","912834JP4","STRIP","","2041-02-15","44.49700","44.81600","","U S TREAS SEC STRIPPED INT PMT, 0.000%, 15-FEB-2041","2041-02-15-912834JP4"
"2026-10-02T1405","912803DS9","Bond","","2041-05-15","44.73500","44.95300","","UNITED STATES TREAS BD STRIPP ZERO CPN, 0.000%, 15-MAY-2041","2041-05-15-912803DS9"
"2026-10-02T1405","912810QQ4","Bond","4.37500","2041-05-15","88.68100","88.77700","semi-annually","UNITED STATES TREAS BDS, 4.375%, 15-MAY-2041","2041-05-15-912810QQ4"
"2026-10-02T1405","912810SY5","Bond","2.25000","2041-05-15","67.20700","67.33100","semi-annually","UNITED STATES TREAS SER BONDS OF MAY 2041, 2.250%, 15-MAY-2041","2041-05-15-912810SY5"
"2026-10-02T1405","912834KH0","STRIP","","2041-05-15","43.77800","44.12500","","U S TREAS SEC STRIPPED INT PMT, 0.000%, 15-MAY-2041","2041-05-15-912834KH0"
"2026-10-02T1405","912803DT7","Bond","","2041-08-15","44.04400","44.31600","","UNITED STATES TREAS BD STRIPP ZERO CPN, 0.000%, 15-AUG-2041","2041-08-15-912803DT7"
"2026-10-02T1405","912810QS0","Bond","3.75000","2041-08-15","82.11500","82.21100","semi-annually","UNITED STATES TREAS BDS, 3.750%, 15-AUG-2041","2041-08-15-912810QS0"
"2026-10-02T1405","912810TA6","Bond","1.75000","2041-08-15","61.68300","61.80700","semi-annually","UNITED STATES TREAS SER BONDS OF AUGUST 2041, 1.750%, 15-AUG-2041","2041-08-15-912810TA6"
"2026-10-02T1405","912834KP2","STRIP","","2041-08-15","43.03600","43.38600","","U S TREAS SEC STRIPPED INT PMT, 0.000%, 15-AUG-2041","2041-08-15-912834KP2"
"2026-10-02T1405","912803DU4","Bond","","2041-11-15","43.24100","43.51100","","UNITED STATES TREAS BD STRIPP ZERO CPN, 0.000%, 15-NOV-2041","2041-11-15-912803DU4"
"2026-10-02T1405","912810QT8","Bond","3.12500","2041-11-15","75.29200","75.35600","semi-annually","UNITED STATES TREAS BDS, 3.125%, 15-NOV-2041","2041-11-15-912810QT8"
"2026-10-02T1405","912810TC2","Bond","2.00000","2041-11-15","63.67900","63.78800","semi-annually","UNITED STATES TREAS SER BONDS OF NOVEMBER 2041, 2.000%, 15-NOV-2041","2041-11-15-912810TC2"
"2026-10-02T1405","912834KV9","STRIP","","2041-11-15","42.32500","42.67900","","U S TREAS SEC STRIPPED INT PMT, 0.000%, 15-NOV-2041","2041-11-15-912834KV9"
"2026-10-02T1405","912803DV2","Bond","","2042-02-15","42.41100","42.67900","","UNITED STATES TREAS BD STRIPP ZERO CPN, 0.000%, 15-FEB-2042","2042-02-15-912803DV2"
"2026-10-02T1405","912810QU5","Bond","3.12500","2042-02-15","74.81600","74.89500","semi-annually","UNITED STATES TREAS BDS, 3.125%, 15-FEB-2042","2042-02-15-912810QU5"
"2026-10-02T1405","912810QV3","TIPS","0.75000","2042-02-15","69.86000","70.11600","semi-annually","UNITED STATES TREAS BDS, 0.750%, 15-FEB-2042","2042-02-15-912810QV3"
"2026-10-02T1405","912810TF5","Bond","2.37500","2042-02-15","67.04100","67.16800","semi-annually","UNITED STATES TREAS SER BONDS OF FEBRUARY 2042, 2.375%, 15-FEB-2042","2042-02-15-912810TF5"
"2026-10-02T1405","912834LB2","STRIP","","2042-02-15","41.55800","41.88200","","U S TREAS SEC STRIPPED INT PMT, 0.000%, 15-FEB-2042","2042-02-15-912834LB2"
"2026-10-02T1405","912803DX8","Bond","","2042-05-15","41.78100","42.06600","","UNITED STATES TREAS BD STRIPP ZERO CPN, 0.000%, 15-MAY-2042","2042-05-15-912803DX8"
"2026-10-02T1405","912803GJ6","Bond","","2042-05-15","41.51600","42.71000","","UNITED STATES TREAS BD STRIPP ZERO CPN, 0.000%, 15-MAY-2042","2042-05-15-912803GJ6"
"2026-10-02T1405","912810QW1","Bond","3.00000","2042-05-15","73.19500","73.27800","semi-annually","UNITED STATES TREAS BDS, 3.000%, 15-MAY-2042","2042-05-15-912810QW1"
"2026-10-02T1405","912810TH1","Bond","3.25000","2042-05-15","75.78300","75.85600","semi-annually","UNITED STATES TREAS SER BONDS OF MAY 204, 3.250%, 15-MAY-2042","2042-05-15-912810TH1"
"2026-10-02T1405","912834LK2","STRIP","","2042-05-15","40.91700","41.25700","","U S TREAS SEC STRIPPED INT PMT, 0.000%, 15-MAY-2042","2042-05-15-912834LK2"
"2026-10-02T1405","912803DY6","Bond","","2042-08-15","41.04900","41.32700","","UNITED STATES TREAS BD STRIPP ZERO CPN, 0.000%, 15-AUG-2042","2042-08-15-912803DY6"
"2026-10-02T1405","912810QX9","Bond","2.75000","2042-08-15","70.13200","70.19500","semi-annually","UNITED STATES TREAS BDS, 2.750%, 15-AUG-2042","2042-08-15-912810QX9"
"2026-10-02T1405","912810TK4","Bond","3.37500","2042-08-15","76.77700","76.85200","semi-annually","UNITED STATES TREAS SER BONDS OF AUGUST 2042, 3.375%, 15-AUG-2042","2042-08-15-912810TK4"
"2026-10-02T1405","912834LR7","STRIP","","2042-08-15","40.21500","40.55000","","U S TREAS SEC STRIPPED INT PMT, 0.000%, 15-AUG-2042","2042-08-15-912834LR7"
"2026-10-02T1405","912803DZ3","Bond","","2042-11-15","40.37900","40.66000","","UNITED STATES TREAS BD STRIPP ZERO CPN, 0.000%, 15-NOV-2042","2042-11-15-912803DZ3"
"2026-10-02T1405","912810QY7","Bond","2.75000","2042-11-15","69.72100","69.79700","semi-annually","UNITED STATES TREAS BDS, 2.750%, 15-NOV-2042","2042-11-15-912810QY7"
"2026-10-02T1405","912810TM0","Bond","4.00000","2042-11-15","83.05400","83.12900","semi-annually","UNITED STATES TREAS SER BONDS OF NOVEMBER 2042, 4.000%, 15-NOV-2042","2042-11-15-912810TM0"
"2026-10-02T1405","912834LX4","STRIP","","2042-11-15","39.55200","39.89800","","U S TREAS SEC STRIPPED INT PMT, 0.000%, 15-NOV-2042","2042-11-15-912834LX4"
"2026-10-02T1405","912803EA7","Bond","","2043-02-15","39.68200","39.94500","","UNITED STATES TREAS BD STRIPP ZERO CPN, 0.000%, 15-FEB-2043","2043-02-15-912803EA7"
"2026-10-02T1405","912810QZ4","Bond","3.12500","2043-02-15","73.31600","73.37700","semi-annually","UNITED STATES TREAS BDS, 3.125%, 15-FEB-2043","2043-02-15-912810QZ4"
"2026-10-02T1405","912810RA8","TIPS","0.62500","2043-02-15","66.50400","66.77400","semi-annually","UNITED STATES TREAS BDS, 0.625%, 15-FEB-2043","2043-02-15-912810RA8"
"2026-10-02T1405","912810TQ1","Bond","3.87500","2043-02-15","81.41700","81.47700","semi-annually","UNITED STATES TREAS SER BONDS OF FEBRUARY 2043, 3.875%, 15-FEB-2043","2043-02-15-912810TQ1"
"2026-10-02T1405","912834MD7","STRIP","","2043-02-15","38.89500","39.22200","","U S TREAS SEC STRIPPED INT PMT, 0.000%, 15-FEB-2043","2043-02-15-912834MD7"
"2026-10-02T1405","912803EC3","Bond","","2043-05-15","39.06100","39.33500","","UNITED STATES TREAS BD STRIPP ZERO CPN, 0.000%, 15-MAY-2043","2043-05-15-912803EC3"
"2026-10-02T1405","912810RB6","Bond","2.87500","2043-05-15","70.31200","70.37600","semi-annually","UNITED STATES TREAS BDS, 2.875%, 15-MAY-2043","2043-05-15-912810RB6"
"2026-10-02T1405","912810TS7","Bond","3.87500","2043-05-15","81.14800","81.22700","semi-annually","UNITED STATES TREAS SER BONDS OF MAY 2043, 3.875%, 15-MAY-2043","2043-05-15-912810TS7"
"2026-10-02T1405","912834MM7","STRIP","","2043-05-15","38.29700","38.61300","","U S TREAS SEC STRIPPED INT PMT, 0.000%, 15-MAY-2043","2043-05-15-912834MM7"
"2026-10-02T1405","912803ED1","Bond","","2043-08-15","38.40000","38.66400","","UNITED STATES TREAS BD STRIPP ZERO CPN, 0.000%, 15-AUG-2043","2043-08-15-912803ED1"
"2026-10-02T1405","912810RC4","Bond","3.62500","2043-08-15","78.15300","78.20000","semi-annually","UNITED STATES TREAS BDS, 3.625%, 15-AUG-2043","2043-08-15-912810RC4"
"2026-10-02T1405","912810TU2","Bond","4.37500","2043-08-15","86.34700","86.42200","semi-annually","UNITED STATES TREAS SER BONDS OF AUGUST 2043, 4.375%, 15-AUG-2043","2043-08-15-912810TU2"
"2026-10-02T1405","912834MT2","STRIP","","2043-08-15","37.65700","37.97100","","U S TREAS SEC STRIPPED INT PMT, 0.000%, 15-AUG-2043","2043-08-15-912834MT2"
"2026-10-02T1405","912803EE9","Bond","","2043-11-15","37.85200","38.04800","","UNITED STATES TREAS BD STRIPP ZERO CPN, 0.000%, 15-NOV-2043","2043-11-15-912803EE9"
"2026-10-02T1405","912810RD2","Bond","3.75000","2043-11-15","79.23400","79.29800","semi-annually","UNITED STATES TREAS BDS, 3.750%, 15-NOV-2043","2043-11-15-912810RD2"
"2026-10-02T1405","912810TW8","Bond","4.75000","2043-11-15","90.28700","90.37600","semi-annually","UNITED STATES TREAS SER BONDS OF NOVEMBER 2043, 4.750%, 15-NOV-2043","2043-11-15-912810TW8"
"2026-10-02T1405","912834MZ8","STRIP","","2043-11-15","37.08000","37.35900","","U S TREAS SEC STRIPPED INT PMT, 0.000%, 15-NOV-2043","2043-11-15-912834MZ8"
"2026-10-02T1405","912803EF6","Bond","","2044-02-15","37.27200","37.46400","","UNITED STATES TREAS BD STRIPP ZERO CPN, 0.000%, 15-FEB-2044","2044-02-15-912803EF6"
"2026-10-02T1405","912810RE0","Bond","3.62500","2044-02-15","77.57400","77.63600","semi-annually","UNITED STATES TREAS SER BONDS OF FEB 2044, 3.625%, 15-FEB-2044","2044-02-15-912810RE0"
"2026-10-02T1405","912810RF7","TIPS","1.37500","2044-02-15","74.58800","74.79600","semi-annually","UNITED STATES TREAS BDS, 1.375%, 15-FEB-2044","2044-02-15-912810RF7"
"2026-10-02T1405","912810TZ1","Bond","4.50000","2044-02-15","87.34000","87.41100","semi-annually","UNITED STATES TREAS SER BONDS OF FEBRUARY 2044, 4.500%, 15-FEB-2044","2044-02-15-912810TZ1"
"2026-10-02T1405","912834NF1","STRIP","","2044-02-15","36.46800","36.75700","","U S TREAS SEC STRIPPED INT PMT, 0.000%, 15-FEB-2044","2044-02-15-912834NF1"
"2026-10-02T1405","912803EH2","Bond","","2044-05-15","36.71100","36.89700","","UNITED STATES TREAS BD STRIPP ZERO CPN, 0.000%, 15-MAY-2044","2044-05-15-912803EH2"
"2026-10-02T1405","912810RG5","Bond","3.37500","2044-05-15","74.58200","74.63900","semi-annually","UNITED STATES TREAS BDS, 3.375%, 15-MAY-2044","2044-05-15-912810RG5"
"2026-10-02T1405","912810UB2","Bond","4.62500","2044-05-15","88.58900","88.66500","semi-annually","UNITED STATES TREAS SER BONDS OF MAY 2044, 4.625%, 15-MAY-2044","2044-05-15-912810UB2"
"2026-10-02T1405","912834NP9","STRIP","","2044-05-15","35.90400","36.17600","","U S TREAS SEC STRIPPED INT PMT, 0.000%, 15-MAY-2044","2044-05-15-912834NP9"
"2026-10-02T1405","912803EJ8","Bond","","2044-08-15","36.14800","36.34800","","UNITED STATES TREAS BD STRIPP ZERO CPN, 0.000%, 15-AUG-2044","2044-08-15-912803EJ8"
"2026-10-02T1405","912810RH3","Bond","3.12500","2044-08-15","71.48800","71.53300","semi-annually","UNITED STATES TREAS BDS, 3.125%, 15-AUG-2044","2044-08-15-912810RH3"
"2026-10-02T1405","912810UD8","Bond","4.12500","2044-08-15","82.73800","82.81300","semi-annually","UNITED STATES TREAS SER BONDS OF AUGUST 2044, 4.125%, 15-AUG-2044","2044-08-15-912810UD8"
"2026-10-02T1405","912834NV6","STRIP","","2044-08-15","35.35800","35.61700","","U S TREAS SEC STRIPPED INT PMT, 0.000%, 15-AUG-2044","2044-08-15-912834NV6"
"2026-10-02T1405","912803EK5","Bond","","2044-11-15","35.58600","35.81700","","UNITED STATES TREAS BD STRIPP ZERO CPN, 0.000%, 15-NOV-2044","2044-11-15-912803EK5"
"2026-10-02T1405","912810RJ9","Bond","3.00000","2044-11-15","69.76900","69.81200","semi-annually","UNITED STATES TREAS BDS, 3.000%, 15-NOV-2044","2044-11-15-912810RJ9"
"2026-10-02T1405","912810UF3","Bond","4.62500","2044-11-15","88.23000","88.30500","semi-annually","UNITED STATES TREAS SER BONDS OF NOVEMBER 2044, 4.625%, 15-NOV-2044","2044-11-15-912810UF3"
"2026-10-02T1405","912834PB8","STRIP","","2044-11-15","34.82600","35.09700","","U S TREAS SEC STRIPPED INT PMT, 0.000%, 15-NOV-2044","2044-11-15-912834PB8"
"2026-10-02T1405","912803EL3","Bond","","2045-02-15","35.04800","35.27900","","UNITED STATES TREAS BD STRIPP ZERO CPN, 0.000%, 15-FEB-2045","2045-02-15-912803EL3"
"2026-10-02T1405","912810RK6","Bond","2.50000","2045-02-15","63.78100","63.81600","semi-annually","UNITED STATES TREAS BDS, 2.500%, 15-FEB-2045","2045-02-15-912810RK6"
"2026-10-02T1405","912810RL4","TIPS","0.75000","2045-02-15","64.57000","64.81000","semi-annually","UNITED STATES TREAS BDS, 0.750%, 15-FEB-2045","2045-02-15-912810RL4"
"2026-10-02T1405","912810UJ5","Bond","4.75000","2045-02-15","89.50700","89.57900","semi-annually","UNITED STATES TREAS SER BONDS OF FEBRUARY 2045, 4.750%, 15-FEB-2045","2045-02-15-912810UJ5"
"2026-10-02T1405","912834PH5","STRIP","","2045-02-15","34.24700","34.56000","","U S TREAS SEC STRIPPED INT PMT, 0.000%, 15-FEB-2045","2045-02-15-912834PH5"
"2026-10-02T1405","912803EN9","Bond","","2045-05-15","34.56200","34.71300","","UNITED STATES TREAS BD STRIPP ZERO CPN, 0.000%, 15-MAY-2045","2045-05-15-912803EN9"
"2026-10-02T1405","912810RM2","Bond","3.00000","2045-05-15","69.25700","69.30200","semi-annually","UNITED STATES TREAS BDS, 3.000%, 15-MAY-2045","2045-05-15-912810RM2"
"2026-10-02T1405","912810UL0","Bond","5.00000","2045-05-15","92.29600","92.37500","semi-annually","UNITED STATES TREAS SER BONDS OF MAY 2045, 5.000%, 15-MAY-2045","2045-05-15-912810UL0"
"2026-10-02T1405","912834KB3","STRIP","","2045-05-15","33.72800","34.00500","","U S TREAS SEC STRIPPED INT PMT, 0.000%, 15-MAY-2045","2045-05-15-912834KB3"
"2026-10-02T1405","912803EP4","Bond","","2045-08-15","34.02400","34.19100","","UNITED STATES TREAS BD STRIPP ZERO CPN, 0.000%, 15-AUG-2045","2045-08-15-912803EP4"
"2026-10-02T1405","912810RN0","Bond","2.87500","2045-08-15","67.52300","67.56500","semi-annually","UNITED STATES TREAS BDS, 2.875%, 15-AUG-2045","2045-08-15-912810RN0"
"2026-10-02T1405","912810UN6","Bond","4.87500","2045-08-15","90.73000","90.80100","semi-annually","UNITED STATES TREAS SER BONDS OF AUGUST 2045, 4.875%, 15-AUG-2045","2045-08-15-912810UN6"
"2026-10-02T1405","912834PM4","STRIP","","2045-08-15","33.21400","33.51600","","U S TREAS SEC STRIPPED INT PMT, 0.000%, 15-AUG-2045","2045-08-15-912834PM4"
"2026-10-02T1405","912803EQ2","Bond","","2045-11-15","33.55900","33.72400","","UNITED STATES TREAS BD STRIPP ZERO CPN, 0.000%, 15-NOV-2045","2045-11-15-912803EQ2"
"2026-10-02T1405","912810RP5","Bond","3.00000","2045-11-15","68.74200","68.80400","semi-annually","UNITED STATES TREAS SER BONDS OF NOVEMBER 2045, 3.000%, 15-NOV-2045","2045-11-15-912810RP5"
"2026-10-02T1405","912810UQ9","Bond","4.62500","2045-11-15","87.73000","87.80100","semi-annually","UNITED STATES TREAS SER BONDS OF NOVEMBER 20, 4.625%, 15-NOV-2045","2045-11-15-912810UQ9"
"2026-10-02T1405","912834PT9","STRIP","","2045-11-15","32.74800","33.05500","","U S TREAS SEC STRIPPED INT PMT, 0.000%, 15-NOV-2045","2045-11-15-912834PT9"
"2026-10-02T1405","912803ER0","Bond","","2046-02-15","33.09300","33.25800","","UNITED STATES TREAS BD STRIPP ZERO CPN, 0.000%, 15-FEB-2046","2046-02-15-912803ER0"
"2026-10-02T1405","912810RQ3","Bond","2.50000","2046-02-15","62.62500","62.68700","semi-annually","UNITED STATES TREAS SER BONDS OF FEBRUARY 2046, 2.500%, 15-FEB-2046","2046-02-15-912810RQ3"
"2026-10-02T1405","912810RR1","TIPS","1.00000","2046-02-15","66.61900","66.84400","semi-annually","UNITED STATES TREAS BDS, 1.000%, 15-FEB-2046","2046-02-15-912810RR1"
"2026-10-02T1405","912810UT3","Bond","4.62500","2046-02-15","87.62800","87.68500","semi-annually","UNITED STATES TREAS SER BONDS OF FEBRUARY 2046, 4.625%, 15-FEB-2046","2046-02-15-912810UT3"
"2026-10-02T1405","912834PZ5","STRIP","","2046-02-15","32.27800","32.57700","","U S TREAS SEC STRIPPED INT PMT, 0.000%, 15-FEB-2046","2046-02-15-912834PZ5"
"2026-10-02T1405","912803ET6","Bond","","2046-05-15","32.61800","32.81900","","UNITED STATES TREAS BD STRIPP ZERO CPN, 0.000%, 15-MAY-2046","2046-05-15-912803ET6"
"2026-10-02T1405","912810RS9","Bond","2.50000","2046-05-15","62.34300","62.39700","semi-annually","UNITED STATES TREAS SER BONDS OF MAY 2046, 2.500%, 15-MAY-2046","2046-05-15-912810RS9"
"2026-10-02T1405","912810UV8","Bond","5.00000","2046-05-15","92.00700","92.06200","semi-annually","UNITED STATES TREAS SER BONDS, 5.000%, 15-MAY-2046","2046-05-15-912810UV8"
"2026-10-02T1405","912834QH4","STRIP","","2046-05-15","31.82300","32.12100","","U S TREAS SEC STRIPPED INT PMT, 0.000%, 15-MAY-2046","2046-05-15-912834QH4"
"2026-10-02T1405","912803EU3","Bond","","2046-08-15","32.16100","32.35800","","UNITED STATES TREAS BD STRIPP ZERO CPN, 0.000%, 15-AUG-2046","2046-08-15-912803EU3"
"2026-10-02T1405","912810RT7","Bond","2.25000","2046-08-15","59.11100","59.17400","semi-annually","UNITED STATES TREAS BOND, 2.250%, 15-AUG-2046","2046-08-15-912810RT7"
"2026-10-02T1405","912810UX4","Bond","5.12500","2046-08-15","93.53500","93.56200","semi-annually","UNITED STATES TREAS SER BONDS, 5.125%, 15-AUG-2046","2046-08-15-912810UX4"
"2026-10-02T1405","912834QP6","STRIP","","2046-08-15","31.36700","31.65700","","U S TREAS SEC STRIPPED INT PMT, 0.000%, 15-AUG-2046","2046-08-15-912834QP6"
"2026-10-02T1405","912803EV1","Bond","","2046-11-15","31.67400","31.85500","","UNITED STATES TREAS BD STRIPP ZERO CPN, 0.000%, 15-NOV-2046","2046-11-15-912803EV1"
"2026-10-02T1405","912810RU4","Bond","2.87500","2046-11-15","66.31600","66.38000","semi-annually","UNITED STATES TREAS SER BONDS OF NOVEMBER 2046, 2.875%, 15-NOV-2046","2046-11-15-912810RU4"
"2026-10-02T1405","912834QV3","STRIP","","2046-11-15","30.90300","31.17800","","U S TREAS SEC STRIPPED INT PMT, 0.000%, 15-NOV-2046","2046-11-15-912834QV3"
"2026-10-02T1405","912803EW9","Bond","","2047-02-15","31.20700","31.39300","","UNITED STATES TREAS BD STRIPP ZERO CPN, 0.000%, 15-FEB-2047","2047-02-15-912803EW9"
"2026-10-02T1405","912810RV2","Bond","3.00000","2047-02-15","67.56600","67.63000","semi-annually","UNITED STATES TREAS SER BONDS OF FEBRUARY 2047, 3.000%, 15-FEB-2047","2047-02-15-912810RV2"
"2026-10-02T1405","912810RW0","TIPS","0.87500","2047-02-15","63.46100","63.66400","semi-annually","UNITED STATES TREAS BDS TIPS, 0.875%, 15-FEB-2047","2047-02-15-912810RW0"
"2026-10-02T1405","912834RB6","STRIP","","2047-02-15","30.45800","30.75400","","U S TREAS SEC STRIPPED INT PMT, 0.000%, 15-FEB-2047","2047-02-15-912834RB6"
"2026-10-02T1405","912803EY5","Bond","","2047-05-15","30.76400","30.95000","","UNITED STATES TREAS BD STRIPP ZERO CPN, 0.000%, 15-MAY-2047","2047-05-15-912803EY5"
"2026-10-02T1405","912810RX8","Bond","3.00000","2047-05-15","67.35500","67.42000","semi-annually","UNITED STATES TREAS SER BONDS OF MAY 2047, 3.000%, 15-MAY-2047","2047-05-15-912810RX8"
"2026-10-02T1405","912834RK6","STRIP","","2047-05-15","30.08700","30.38200","","U S TREAS SEC STRIPPED INT PMT, 0.000%, 15-MAY-2047","2047-05-15-912834RK6"
"2026-10-02T1405","912803EZ2","Bond","","2047-08-15","30.31400","30.47200","","UNITED STATES TREAS BD STRIPP ZERO CPN, 0.000%, 15-AUG-2047","2047-08-15-912803EZ2"
"2026-10-02T1405","912810RY6","Bond","2.75000","2047-08-15","64.06900","64.13300","semi-annually","UNITED STATES TREAS SER BONDS OF AUGUST 2047, 2.750%, 15-AUG-2047","2047-08-15-912810RY6"
"2026-10-02T1405","912834RR1","STRIP","","2047-08-15","29.67200","30.00400","","U S TREAS SEC STRIPPED INT PMT, 0.000%, 15-AUG-2047","2047-08-15-912834RR1"
"2026-10-02T1405","912803FA6","Bond","","2047-11-15","29.90800","30.06900","","UNITED STATES TREAS BD STRIPP ZERO CPN, 0.000%, 15-NOV-2047","2047-11-15-912803FA6"
"2026-10-02T1405","912810RZ3","Bond","2.75000","2047-11-15","63.84600","63.91000","semi-annually","UNITED STATES TREAS SER BONDS OF NOVEMBER 2047, 2.750%, 15-NOV-2047","2047-11-15-912810RZ3"
"2026-10-02T1405","912834SZ2","STRIP","","2047-11-15","29.27800","29.56500","","U S TREAS SEC STRIPPED INT PMT, 0.000%, 15-NOV-2047","2047-11-15-912834SZ2"
"2026-10-02T1405","912803FB4","Bond","","2048-02-15","29.47200","29.65700","","UNITED STATES TREAS BD STRIPP ZERO CPN, 0.000%, 15-FEB-2048","2048-02-15-912803FB4"
"2026-10-02T1405","912810SA7","Bond","3.00000","2048-02-15","66.74500","66.79300","semi-annually","UNITED STATES TREAS SER BONDS OF FEBRUARY 2048, 3.000%, 15-FEB-2048","2048-02-15-912810SA7"
"2026-10-02T1405","912810SB5","TIPS","1.00000","2048-02-15","64.02400","64.23400","semi-annually","UNITED STATES TREAS BONDS, 1.000%, 15-FEB-2048","2048-02-15-912810SB5"
"2026-10-02T1405","912834TF5","STRIP","","2048-02-15","28.85800","29.13800","","U S TREAS SEC STRIPPED INT PMT, 0.000%, 15-FEB-2048","2048-02-15-912834TF5"
"2026-10-02T1405","912803FD0","Bond","","2048-05-15","29.04700","29.23200","","UNITED STATES TREAS BD STRIPP ZERO CPN, 0.000%, 15-MAY-2048","2048-05-15-912803FD0"
"2026-10-02T1405","912810SC3","Bond","3.12500","2048-05-15","68.09900","68.14100","semi-annually","UNITED STATES TREAS SER BONDS OF MAY 2048, 3.125%, 15-MAY-2048","2048-05-15-912810SC3"
"2026-10-02T1405","912834TP3","STRIP","","2048-05-15","28.42200","28.70300","","U S TREAS SEC STRIPPED INT PMT, 0.000%, 15-MAY-2048","2048-05-15-912834TP3"
"2026-10-02T1405","912803FE8","Bond","","2048-08-15","28.63500","28.81900","","UNITED STATES TREAS BD STRIPP ZERO CPN, 0.000%, 15-AUG-2048","2048-08-15-912803FE8"
"2026-10-02T1405","912810SD1","Bond","3.00000","2048-08-15","66.31100","66.36400","semi-annually","UNITED STATES TREAS SER BONDS OF AUGUST 2048, 3.000%, 15-AUG-2048","2048-08-15-912810SD1"
"2026-10-02T1405","912834TV0","STRIP","","2048-08-15","28.03500","28.33400","","U S TREAS SEC STRIPPED INT PMT, 0.000%, 15-AUG-2048","2048-08-15-912834TV0"
"2026-10-02T1405","912803FF5","Bond","","2048-11-15","28.21200","28.39000","","UNITED STATES TREAS BD STRIPP ZERO CPN, 0.000%, 15-NOV-2048","2048-11-15-912803FF5"
"2026-10-02T1405","912810SE9","Bond","3.37500","2048-11-15","70.86800","70.90700","semi-annually","UNITED STATES TREAS SER BONDS OF NOVEMBER 2048, 3.375%, 15-NOV-2048","2048-11-15-912810SE9"
"2026-10-02T1405","912834UB2","STRIP","","2048-11-15","27.61100","27.91300","","U S TREAS SEC STRIPPED INT PMT, 0.000%, 15-NOV-2048","2048-11-15-912834UB2"
"2026-10-02T1405","912803FG3","Bond","","2049-02-15","27.80700","28.00400","","UNITED STATES TREAS BD STRIPP ZERO CPN, 0.000%, 15-FEB-2049","2049-02-15-912803FG3"
"2026-10-02T1405","912810SF6","Bond","3.00000","2049-02-15","65.92600","65.96900","semi-annually","UNITED STATES TREAS SER BONDS OF FEBRUARY 2049, 3.000%, 15-FEB-2049","2049-02-15-912810SF6"
"2026-10-02T1405","912810SG4","TIPS","1.00000","2049-02-15","62.97000","63.18000","semi-annually","UNITED STATES TREAS BDS, 1.000%, 15-FEB-2049","2049-02-15-912810SG4"
"2026-10-02T1405","912834UH9","STRIP","","2049-02-15","27.22400","27.54000","","U S TREAS SEC STRIPPED INT PMT, 0.000%, 15-FEB-2049","2049-02-15-912834UH9"
"2026-10-02T1405","912803FJ7","Bond","","2049-05-15","27.44600","27.62400","","UNITED STATES TREAS BD STRIPP ZERO CPN, 0.000%, 15-MAY-2049","2049-05-15-912803FJ7"
"2026-10-02T1405","912810SH2","Bond","2.87500","2049-05-15","64.17100","64.21500","semi-annually","UNITED STATES TREAS SER BONDS OF MAY 2049, 2.875%, 15-MAY-2049","2049-05-15-912810SH2"
"2026-10-02T1405","912834UR7","STRIP","","2049-05-15","26.87700","27.16100","","U S TREAS SEC STRIPPED INT PMT, 0.000%, 15-MAY-2049","2049-05-15-912834UR7"
"2026-10-02T1405","912803FK4","Bond","","2049-08-15","27.04800","27.22800","","UNITED STATES TREAS BD STRIPP ZERO CPN, 0.000%, 15-AUG-2049","2049-08-15-912803FK4"
"2026-10-02T1405","912810SJ8","Bond","2.25000","2049-08-15","55.93500","55.98900","semi-annually","UNITED STATES TREAS SER BONDS OF AUGUST 2049, 2.250%, 15-AUG-2049","2049-08-15-912810SJ8"
"2026-10-02T1405","912834UY2","STRIP","","2049-08-15","26.49900","26.79300","","U S TREAS SEC STRIPPED INT PMT, 0.000%, 15-AUG-2049","2049-08-15-912834UY2"
"2026-10-02T1405","912803FL2","Bond","","2049-11-15","26.69600","26.86700","","UNITED STATES TREAS BD STRIPP ZERO CPN, 0.000%, 15-NOV-2049","2049-11-15-912803FL2"
"2026-10-02T1405","912810SK5","Bond","2.37500","2049-11-15","57.36900","57.41500","semi-annually","UNITED STATES TREAS SER BONDS OF NOVEMBER 2049, 2.375%, 15-NOV-2049","2049-11-15-912810SK5"
"2026-10-02T1405","912834VE5","STRIP","","2049-11-15","26.17500","26.44300","","U S TREAS SEC STRIPPED INT PMT, 0.000%, 15-NOV-2049","2049-11-15-912834VE5"
"2026-10-02T1405","912803FM0","Bond","","2050-02-15","26.38500","26.56400","","UNITED STATES TREAS BD STRIPP ZERO CPN, 0.000%, 15-FEB-2050","2050-02-15-912803FM0"
"2026-10-02T1405","912810SL3","Bond","2.00000","2050-02-15","52.30800","52.36800","semi-annually","UNITED STATES TREAS SER BONDS OF FEBRUARY 2050, 2.000%, 15-FEB-2050","2050-02-15-912810SL3"
"2026-10-02T1405","912810SM1","TIPS","0.25000","2050-02-15","49.73600","49.94600","semi-annually","UNITED STATES TREAS BDS, 0.250%, 15-FEB-2050","2050-02-15-912810SM1"
"2026-10-02T1405","912834VM7","STRIP","","2050-02-15","25.87500","26.16700","","U S TREAS SEC STRIPPED INT PMT, 0.000%, 15-FEB-2050","2050-02-15-912834VM7"
"2026-10-02T1405","912803FP3","Bond","","2050-05-15","26.31300","26.50800","","UNITED STATES TREAS BD STRIPP ZERO CPN, 0.000%, 15-MAY-2050","2050-05-15-912803FP3"
"2026-10-02T1405","912810SN9","Bond","1.25000","2050-05-15","42.63700","42.70400","semi-annually","UNITED STATES TREAS SER BONDS OF MAY 2050, 1.250%, 15-MAY-2050","2050-05-15-912810SN9"
"2026-10-02T1405","912834VV7","STRIP","","2050-05-15","25.57400","25.91300","","U S TREAS SEC STRIPPED INT PMT, 0.000%, 15-MAY-2050","2050-05-15-912834VV7"
"2026-10-02T1405","912803FR9","Bond","","2050-08-15","25.81400","26.05000","","UNITED STATES TREAS BD STRIPP ZERO CPN, 0.000%, 15-AUG-2050","2050-08-15-912803FR9"
"2026-10-02T1405","912810SP4","Bond","1.37500","2050-08-15","43.82000","43.86000","semi-annually","UNITED STATES TREAS SER BONDS OF AUGUST 2050, 1.375%, 15-AUG-2050","2050-08-15-912810SP4"
"2026-10-02T1405","912834WC8","STRIP","","2050-08-15","25.19800","25.50900","","U S TREAS SEC STRIPPED INT PMT, 0.000%, 15-AUG-2050","2050-08-15-912834WC8"
"2026-10-02T1405","912803FT5","Bond","","2050-11-15","25.32000","25.50900","","UNITED STATES TREAS BD STRIPP ZERO CPN, 0.000%, 15-NOV-2050","2050-11-15-912803FT5"
"2026-10-02T1405","912810SS8","Bond","1.62500","2050-11-15","46.71700","46.76300","semi-annually","UNITED STATES TREAS SER BONDS OF NOVEMBER 2050, 1.625%, 15-NOV-2050","2050-11-15-912810SS8"
"2026-10-02T1405","912834WJ3","STRIP","","2050-11-15","24.79700","25.11200","","U S TREAS SEC STRIPPED INT PMT, 0.000%, 15-NOV-2050","2050-11-15-912834WJ3"
"2026-10-02T1405","912803FV0","Bond","","2051-02-15","24.93800","25.12000","","UNITED STATES TREAS BD STRIPP ZERO CPN, 0.000%, 15-FEB-2051","2051-02-15-912803FV0"
"2026-10-02T1405","912810SU3","Bond","1.87500","2051-02-15","49.70800","49.76200","semi-annually","UNITED STATES TREAS SER BONDS OF FEBRUARY 2051, 1.875%, 15-FEB-2051","2051-02-15-912810SU3"
"2026-10-02T1405","912810SV1","TIPS","0.12500","2051-02-15","46.31200","46.57100","semi-annually","UNITED STATES TREAS BDS, 0.125%, 15-FEB-2051","2051-02-15-912810SV1"
"2026-10-02T1405","912834WR5","STRIP","","2051-02-15","24.43500","24.74300","","U S TREAS SEC STRIPPED INT PMT, 0.000%, 15-FEB-2051","2051-02-15-912834WR5"
"2026-10-02T1405","912803FY4","Bond","","2051-05-15","24.61400","24.74900","","UNITED STATES TREAS BD STRIPP ZERO CPN, 0.000%, 15-MAY-2051","2051-05-15-912803FY4"
"2026-10-02T1405","912810SX7","Bond","2.37500","2051-05-15","56.11700","56.16500","semi-annually","UNITED STATES TREAS SER BONDS OF MAY 2051, 2.375%, 15-MAY-2051","2051-05-15-912810SX7"
"2026-10-02T1405","912834WZ7","STRIP","","2051-05-15","24.11000","24.40800","","U S TREAS SEC STRIPPED INT PMT, 0.000%, 15-MAY-2051","2051-05-15-912834WZ7"
"2026-10-02T1405","912803GA5","Bond","","2051-08-15","24.24000","24.41800","","UNITED STATES TREAS BD STRIPP ZERO CPN, 0.000%, 15-AUG-2051","2051-08-15-912803GA5"
"2026-10-02T1405","912810SZ2","Bond","2.00000","2051-08-15","50.91400","50.96800","semi-annually","UNITED STATES TREAS SER BONDS OF AUGUST 2051, 2.000%, 15-AUG-2051","2051-08-15-912810SZ2"
"2026-10-02T1405","912834XG8","STRIP","","2051-08-15","23.77800","24.06400","","U S TREAS SEC STRIPPED INT PMT, 0.000%, 15-AUG-2051","2051-08-15-912834XG8"
"2026-10-02T1405","912803GC1","Bond","","2051-11-15","23.93500","24.13300","","UNITED STATES TREAS BD STRIPP ZERO CPN, 0.000%, 15-NOV-2051","2051-11-15-912803GC1"
"2026-10-02T1405","912810TB4","Bond","1.87500","2051-11-15","49.07400","49.12200","semi-annually","UNITED STATES TREAS SER BONDS OF NOVEMBER 2051, 1.875%, 15-NOV-2051","2051-11-15-912810TB4"
"2026-10-02T1405","912834A65","STRIP","","2051-11-15","23.45000","23.73900","","U S TREAS SEC STRIPPED INT PMT, 0.000%, 15-NOV-2051","2051-11-15-912834A65"
"2026-10-02T1405","912803GE7","Bond","","2052-02-15","23.63800","23.82900","","UNITED STATES TREAS BD STRIPP ZERO CPN, 0.000%, 15-FEB-2052","2052-02-15-912803GE7"
"2026-10-02T1405","912810TD0","Bond","2.25000","2052-02-15","53.92900","53.96900","semi-annually","UNITED STATES TREAS SER BONDS OF FEBRUARY 2052, 2.250%, 15-FEB-2052","2052-02-15-912810TD0"
"2026-10-02T1405","912810TE8","TIPS","0.12500","2052-02-15","44.94500","45.20400","semi-annually","UNITED STATES TREAS BDS, 0.125%, 15-FEB-2052","2052-02-15-912810TE8"
"2026-10-02T1405","912834B56","STRIP","","2052-02-15","23.13500","23.43700","","U S TREAS SEC STRIPPED INT PMT, 0.000%, 15-FEB-2052","2052-02-15-912834B56"
"2026-10-02T1405","912803GH0","Bond","","2052-05-15","23.29200","23.49200","","UNITED STATES TREAS BD STRIPP ZERO CPN, 0.000%, 15-MAY-2052","2052-05-15-912803GH0"
"2026-10-02T1405","912810TG3","Bond","2.87500","2052-05-15","62.15900","62.20800","semi-annually","UNITED STATES TREAS SER BONDS OF MAY 2052, 2.875%, 15-MAY-2052","2052-05-15-912810TG3"
"2026-10-02T1405","912834C55","STRIP","","2052-05-15","22.84000","23.17000","","U S TREAS SEC STRIPPED INT PMT, 0.000%, 15-MAY-2052","2052-05-15-912834C55"
"2026-10-02T1405","912803GK3","Bond","","2052-08-15","23.00600","23.21200","","UNITED STATES TREAS BD STRIPP ZERO CPN, 0.000%, 15-AUG-2052","2052-08-15-912803GK3"
"2026-10-02T1405","912810TJ7","Bond","3.00000","2052-08-15","63.70100","63.74300","semi-annually","UNITED STATES TREASURY, 3.000%, 15-AUG-2052","2052-08-15-912810TJ7"
"2026-10-02T1405","912834D47","STRIP","","2052-08-15","22.51600","22.78400","","U S TREAS SEC STRIPPED INT PMT, 0.000%, 15-AUG-2052","2052-08-15-912834D47"
"2026-10-02T1405","912803GM9","Bond","","2052-11-15","22.68400","22.84000","","UNITED STATES TREAS BD STRIPP ZERO CPN, 0.000%, 15-NOV-2052","2052-11-15-912803GM9"
"2026-10-02T1405","912810TL2","Bond","4.00000","2052-11-15","77.16300","77.20000","semi-annually","UNITED STATES TREAS SER BONDS OF NOVEMBER 2052, 4.000%, 15-NOV-2052","2052-11-15-912810TL2"
"2026-10-02T1405","912834F29","STRIP","","2052-11-15","22.18800","22.54700","","U S TREAS SEC STRIPPED INT PMT, 0.000%, 15-NOV-2052","2052-11-15-912834F29"
"2026-10-02T1405","912803GP2","Bond","","2053-02-15","22.49300","22.67200","","UNITED STATES TREAS BD STRIPP ZERO CPN, 0.000%, 15-FEB-2053","2053-02-15-912803GP2"
"2026-10-02T1405","912810TN8","Bond","3.62500","2053-02-15","72.01000","72.06700","semi-annually","UNITED STATES TREAS SER BONDS OF FEBRUARY 2053, 3.625%, 15-FEB-2053","2053-02-15-912810TN8"
"2026-10-02T1405","912810TP3","TIPS","1.50000","2053-02-15","67.48500","67.67100","semi-annually","UNITED STATES TREAS BDS, 1.500%, 15-FEB-2053","2053-02-15-912810TP3"
"2026-10-02T1405","912834F94","STRIP","","2053-02-15","21.93800","22.33000","","U S TREAS SEC STRIPPED INT PMT, 0.000%, 15-FEB-2053","2053-02-15-912834F94"
"2026-10-02T1405","912803GS6","Bond","","2053-05-15","22.16000","22.34100","","UNITED STATES TREAS BD STRIPP ZERO CPN, 0.000%, 15-MAY-2053","2053-05-15-912803GS6"
"2026-10-02T1405","912810TR9","Bond","3.62500","2053-05-15","71.91200","71.96100","semi-annually","UNITED STATES TREAS SER BONDS OF MAY 2053, 3.625%, 15-MAY-2053","2053-05-15-912810TR9"
"2026-10-02T1405","912834G93","STRIP","","2053-05-15","21.68900","22.05400","","U S TREAS SEC STRIPPED INT PMT, 0.000%, 15-MAY-2053","2053-05-15-912834G93"
"2026-10-02T1405","912803GU1","Bond","","2053-08-15","21.93700","22.14100","","UNITED STATES TREAS BD STRIPP ZERO CPN, 0.000%, 15-AUG-2053","2053-08-15-912803GU1"
"2026-10-02T1405","912810TT5","Bond","4.12500","2053-08-15","78.73200","78.77800","semi-annually","UNITED STATES TREAS SER BONDS OF AUGUST 2053, 4.125%, 15-AUG-2053","2053-08-15-912810TT5"
"2026-10-02T1405","912834H84","STRIP","","2053-08-15","21.40500","21.78900","","U S TREAS SEC STRIPPED INT PMT, 0.000%, 15-AUG-2053","2053-08-15-912834H84"
"2026-10-02T1405","912803GW7","Bond","","2053-11-15","21.68700","21.87000","","UNITED STATES TREAS BD STRIPP ZERO CPN, 0.000%, 15-NOV-2053","2053-11-15-912803GW7"
"2026-10-02T1405","912810TV0","Bond","4.75000","2053-11-15","87.33200","87.38300","semi-annually","UNITED STATES TREAS SER BONDS OF NOVEMBER 2053, 4.750%, 15-NOV-2053","2053-11-15-912810TV0"
"2026-10-02T1405","912834J66","STRIP","","2053-11-15","21.15500","21.56700","","U S TREAS SEC STRIPPED INT PMT, 0.000%, 15-NOV-2053","2053-11-15-912834J66"
"2026-10-02T1405","912803GY3","Bond","","2054-02-15","21.42800","21.60600","","UNITED STATES TREAS BD STRIPP ZERO CPN, 0.000%, 15-FEB-2054","2054-02-15-912803GY3"
"2026-10-02T1405","912810TX6","Bond","4.25000","2054-02-15","80.37500","80.43000","semi-annually","UNITED STATES TREAS SER BONDS OF FEBRUARY 2054, 4.250%, 15-FEB-2054","2054-02-15-912810TX6"
"2026-10-02T1405","912810TY4","TIPS","2.12500","2054-02-15","77.75800","77.96700","semi-annually","UNITED STATES TREAS BDS, 2.125%, 15-FEB-2054","2054-02-15-912810TY4"
"2026-10-02T1405","912834K56","STRIP","","2054-02-15","20.85200","21.17400","","U S TREAS SEC STRIPPED INT PMT, 0.000%, 15-FEB-2054","2054-02-15-912834K56"
"2026-10-02T1405","912803HB2","Bond","","2054-05-15","21.20900","21.40900","","UNITED STATES TREAS BD STRIPP ZERO CPN, 0.000%, 15-MAY-2054","2054-05-15-912803HB2"
"2026-10-02T1405","912810UA4","Bond","4.62500","2054-05-15","85.60500","85.66500","semi-annually","UNITED STATES TREAS SER BONDS OF MAY 2054, 4.625%, 15-MAY-2054","2054-05-15-912810UA4"
"2026-10-02T1405","912834XP8","STRIP","","2054-05-15","20.56700","21.06200","","U S TREAS SEC STRIPPED INT PMT, 0.000%, 15-MAY-2054","2054-05-15-912834XP8"
"2026-10-02T1405","912803HD8","Bond","","2054-08-15","20.94100","21.12700","","UNITED STATES TREAS BD STRIPP ZERO CPN, 0.000%, 15-AUG-2054","2054-08-15-912803HD8"
"2026-10-02T1405","912810UC0","Bond","4.25000","2054-08-15","80.32000","80.37500","semi-annually","UNITED STATES TREAS SER BONDS OF AUGUST 2054, 4.250%, 15-AUG-2054","2054-08-15-912810UC0"
"2026-10-02T1405","912834XW3","STRIP","","2054-08-15","20.46800","20.75600","","U S TREAS SEC STRIPPED INT PMT, 0.000%, 15-AUG-2054","2054-08-15-912834XW3"
"2026-10-02T1405","912803HF3","Bond","","2054-11-15","20.67800","20.88300","","UNITED STATES TREAS BD STRIPP ZERO CPN, 0.000%, 15-NOV-2054","2054-11-15-912803HF3"
"2026-10-02T1405","912810UE6","Bond","4.50000","2054-11-15","83.78500","83.84400","semi-annually","UNITED STATES TREAS SER BONDS OF NOVEMBER 2054, 4.500%, 15-NOV-2054","2054-11-15-912810UE6"
"2026-10-02T1405","912834YC6","STRIP","","2054-11-15","20.27800","20.56600","","U S TREAS SEC STRIPPED INT PMT, 0.000%, 15-NOV-2054","2054-11-15-912834YC6"
"2026-10-02T1405","912803HH9","Bond","","2055-02-15","20.44900","20.64200","","UNITED STATES TREAS BD STRIPP ZERO CPN, 0.000%, 15-FEB-2055","2055-02-15-912803HH9"
"2026-10-02T1405","912810UG1","Bond","4.62500","2055-02-15","85.54600","85.60200","semi-annually","UNITED STATES TREAS SER BONDS OF FEBRUARY 2055, 4.625%, 15-FEB-2055","2055-02-15-912810UG1"
"2026-10-02T1405","912810UH9","TIPS","2.37500","2055-02-15","81.88300","82.07700","semi-annually","UNITED STATES TREAS BDS, 2.375%, 15-FEB-2055","2055-02-15-912810UH9"
"2026-10-02T1405","912803HL0","Bond","","2055-05-15","20.23300","20.48200","","UNITED STATES TREAS BD STRIPP ZERO CPN, 0.000%, 15-MAY-2055","2055-05-15-912803HL0"
"2026-10-02T1405","912810UK2","Bond","4.75000","2055-05-15","87.33900","87.39900","semi-annually","UNITED STATES TREAS SER BONDS OF MAY 2055, 4.750%, 15-MAY-2055","2055-05-15-912810UK2"
"2026-10-02T1405","912834YT9","STRIP","","2055-05-15","19.92200","20.40000","","U S TREAS SEC STRIPPED INT PMT, 0.000%, 15-MAY-2055","2055-05-15-912834YT9"
"2026-10-02T1405","912803HN6","Bond","","2055-08-15","20.00000","20.19100","","UNITED STATES TREAS BD STRIPP ZERO CPN, 0.000%, 15-AUG-2055","2055-08-15-912803HN6"
"2026-10-02T1405","912810UM8","Bond","4.75000","2055-08-15","87.32400","87.38300","semi-annually","UNITED STATES TREAS SER BONDS OF AUGUST 2055, 4.750%, 15-AUG-2055","2055-08-15-912810UM8"
"2026-10-02T1405","912834ZA9","STRIP","","2055-08-15","19.73100","20.26000","","U S TREAS SEC STRIPPED INT PMT, 0.000%, 15-AUG-2055","2055-08-15-912834ZA9"
"2026-10-02T1405","912803HQ9","Bond","","2055-11-15","19.73900","19.95300","","UNITED STATES TREAS BD STRIPP ZERO CPN, 0.000%, 15-NOV-2055","2055-11-15-912803HQ9"
"2026-10-02T1405","912810UP1","Bond","4.62500","2055-11-15","85.53500","85.58600","semi-annually","UNITED STATES TREAS SER BONDS OF NOVEMBER 2055, 4.625%, 15-NOV-2055","2055-11-15-912810UP1"
"2026-10-02T1405","912834ZG6","STRIP","","2055-11-15","19.68900","20.25500","","U S TREAS SEC STRIPPED INT PMT, 0.000%, 15-NOV-2055","2055-11-15-912834ZG6"
"2026-10-02T1405","912803HS5","Bond","","2056-02-15","19.48000","19.89400","","UNITED STATES TREAS BD STRIPP ZERO CPN, 0.000%, 15-FEB-2056","2056-02-15-912803HS5"
"2026-10-02T1405","912810UR7","Bond","4.75000","2056-02-15","87.38700","87.43400","semi-annually","UNITED STATES TREAS SER BONDS OF FEBRUARY 2056, 4.750%, 15-FEB-2056","2056-02-15-912810UR7"
"2026-10-02T1405","912810US5","TIPS","2.37500","2056-02-15","81.83000","82.00000","semi-annually","UNITED STATES TREAS BDS, 2.375%, 15-FEB-2056","2056-02-15-912810US5"
"2026-10-02T1405","912834ZP6","STRIP","","2056-02-15","19.42100","19.99100","","U S TREAS SEC STRIPPED INT PMT, 0.000%, 15-FEB-2056","2056-02-15-912834ZP6"
"2026-10-02T1405","912803HV8","Bond","","2056-05-15","19.25200","19.71300","","UNITED STATES TREAS BD STRIPP ZERO CPN, 0.000%, 15-MAY-2056","2056-05-15-912803HV8"
"2026-10-02T1405","912810UU0","Bond","5.00000","2056-05-15","91.03500","91.07600","semi-annually","UNITED STATES TREAS SER BONDS, 5.000%, 15-MAY-2056","2056-05-15-912810UU0"
"2026-10-02T1405","912810UW6","Bond","5.12500","2056-08-15","92.82800","92.85900","semi-annually","UNITED STATES TREAS BDS, 5.125%, 15-AUG-2056","2056-08-15-912810UW6"
