asOfDate, cusip, securitytype, rate, maturitydate, bid, ask, frequency, description, key
"2026-10-06T1235","912797VL8","Bill","","2026-10-13",99.936,99.938,"","UNITED STATES TREAS BILLS ZERO CPN, 0.000%, 13-OCT-2026","2026-10-13-912797VL8"
"2026-10-06T1235","912797UK1","Bill","","2026-10-15",99.916,99.917,"","UNITED STATES TREAS BILLS ZERO CPN, 0.000%, 15-OCT-2026","2026-10-15-912797UK1"
"2026-10-06T1235","91282CDC2","TIPS",0.00125,"2026-10-15",99.953,100.052,"semi-annually","UNITED STATES TREAS NTS SER AE-2026, 0.125%, 15-OCT-2026","2026-10-15-91282CDC2"
"2026-10-06T1235","91282CJC6","Bond",0.04625,"2026-10-15",100.005,100.024,"semi-annually","UNITED STATES TREAS SER AT-2026, 4.625%, 15-OCT-2026","2026-10-15-91282CJC6"
"2026-10-06T1235","912797VM6","Bill","","2026-10-20",99.862,99.864,"","UNITED STATES TREAS BILLS ZERO CPN, 0.000%, 20-OCT-2026","2026-10-20-912797VM6"
"2026-10-06T1235","912797UL9","Bill","","2026-10-22",99.84,99.843,"","UNITED STATES TREAS BILLS ZERO CPN, 0.000%, 22-OCT-2026","2026-10-22-912797UL9"
"2026-10-06T1235","912797VN4","Bill","","2026-10-27",99.787,99.789,"","UNITED STATES TREAS BILLS ZERO CPN, 0.000%, 27-OCT-2026","2026-10-27-912797VN4"
"2026-10-06T1235","912797SK4","Bill","","2026-10-29",99.766,99.767,"","UNITED STATES TREAS BILLS ZERO CPN, 0.000%, 29-OCT-2026","2026-10-29-912797SK4"
"2026-10-06T1235","912828YQ7","Bond",0.01625,"2026-10-31",99.829,99.839,"semi-annually","UNITED STATES TREAS SER R-2026, 1.625%, 31-OCT-2026","2026-10-31-912828YQ7"
"2026-10-06T1235","91282CDG3","Bond",0.01125,"2026-10-31",99.8,99.807,"semi-annually","UNITED STATES TREAS SER AF-2026, 1.125%, 31-OCT-2026","2026-10-31-91282CDG3"
"2026-10-06T1235","91282CLS8","Bond",0.04125,"2026-10-31",99.99,99.996,"semi-annually","UNITED STATES TREAS SER BJ-2026, 4.125%, 31-OCT-2026","2026-10-31-91282CLS8"
"2026-10-06T1235","912797VP9","Bill","","2026-11-03",99.709,99.71,"","UNITED STATES TREAS BILLS ZERO CPN, 0.000%, 03-NOV-2026","2026-11-03-912797VP9"
"2026-10-06T1235","912797UM7","Bill","","2026-11-05",99.688,99.689,"","UNITED STATES TREAS BILLS ZERO CPN, 0.000%, 05-NOV-2026","2026-11-05-912797UM7"
"2026-10-06T1235","912797VW4","Bill","","2026-11-10",99.633,99.635,"","UNITED STATES TREAS BILLS ZERO CPN, 0.000%, 10-NOV-2026","2026-11-10-912797VW4"
"2026-10-06T1235","912797UY1","Bill","","2026-11-12",99.608,99.609,"","UNITED STATES TREAS BILLS ZERO CPN, 0.000%, 12-NOV-2026","2026-11-12-912797UY1"
"2026-10-06T1235","912803BJ1","STRIP","","2026-11-15",99.565,99.623,"","UNITED STATES TREAS BD STRIPP ZERO CPN, 0.000%, 15-NOV-2026","2026-11-15-912803BJ1"
"2026-10-06T1235","912810EY0","Bond",0.065,"2026-11-15",100.208,100.354,"semi-annually","UNITED STATES TREAS BDS, 6.500%, 15-NOV-2026","2026-11-15-912810EY0"
"2026-10-06T1235","9128205Y9","STRIP","","2026-11-15",99.551,99.617,"","U S TREAS SEC STRIPPED INT PMT, 0.000%, 15-NOV-2026","2026-11-15-9128205Y9"
"2026-10-06T1235","912828U24","Bond",0.02,"2026-11-15",99.773,99.784,"semi-annually","UNITED STATES TREAS SER F-2026, 2.000%, 15-NOV-2026","2026-11-15-912828U24"
"2026-10-06T1235","91282CJK8","Bond",0.04625,"2026-11-15",100.039,100.048,"semi-annually","UNITED STATES TREAS SER AU-2026, 4.625%, 15-NOV-2026","2026-11-15-91282CJK8"
"2026-10-06T1235","912833PB0","STRIP","","2026-11-15",99.557,99.591,"","U S TREAS SEC STRIPPED INT PMT, 0.000%, 15-NOV-2026","2026-11-15-912833PB0"
"2026-10-06T1235","912797VX2","Bill","","2026-11-17",99.553,99.555,"","UNITED STATES TREAS BILLS ZERO CPN, 0.000%, 17-NOV-2026","2026-11-17-912797VX2"
"2026-10-06T1235","912797UZ8","Bill","","2026-11-19",99.528,99.53,"","UNITED STATES TREAS BILLS ZERO CPN, 0.000%, 19-NOV-2026","2026-11-19-912797UZ8"
"2026-10-06T1235","912797VY0","Bill","","2026-11-24",99.473,99.475,"","UNITED STATES TREAS BILLS ZERO CPN, 0.000%, 24-NOV-2026","2026-11-24-912797VY0"
"2026-10-06T1235","912797SU2","Bill","","2026-11-27",99.439,99.44,"","UNITED STATES TREAS BILLS ZERO CPN, 0.000%, 27-NOV-2026","2026-11-27-912797SU2"
"2026-10-06T1235","912828YU8","Bond",0.01625,"2026-11-30",99.644,99.649,"semi-annually","UNITED STATES TREAS SER S-2026, 1.625%, 30-NOV-2026","2026-11-30-912828YU8"
"2026-10-06T1235","91282CDK4","Bond",0.0125,"2026-11-30",99.593,99.598,"semi-annually","UNITED STATES TREAS SER AG-2026, 1.250%, 30-NOV-2026","2026-11-30-91282CDK4"
"2026-10-06T1235","91282CLY5","Bond",0.0425,"2026-11-30",100.011,100.016,"semi-annually","UNITED STATES TREAS SER BL-2026, 4.250%, 30-NOV-2026","2026-11-30-91282CLY5"
"2026-10-06T1235","912797VZ7","Bill","","2026-12-01",99.394,99.395,"","UNITED STATES TREAS BILLS ZERO CPN, 0.000%, 01-DEC-2026","2026-12-01-912797VZ7"
"2026-10-06T1235","912797VA2","Bill","","2026-12-03",99.373,99.375,"","UNITED STATES TREAS BILLS ZERO CPN, 0.000%, 03-DEC-2026","2026-12-03-912797VA2"
"2026-10-06T1235","912797WE3","Bill","","2026-12-08",99.317,99.319,"","UNITED STATES TREAS BILLS ZERO CPN, 0.000%, 08-DEC-2026","2026-12-08-912797WE3"
"2026-10-06T1235","912797VG9","Bill","","2026-12-10",99.297,99.299,"","UNITED STATES TREAS BILLS ZERO CPN, 0.000%, 10-DEC-2026","2026-12-10-912797VG9"
"2026-10-06T1235","912797WF0","Bill","","2026-12-15",99.246,99.248,"","UNITED STATES TREAS BILLS ZERO CPN, 0.000%, 15-DEC-2026","2026-12-15-912797WF0"
"2026-10-06T1235","91282CJP7","Bond",0.04375,"2026-12-15",100.058,100.063,"semi-annually","UNITED STATES TREAS SER AV-2026, 4.375%, 15-DEC-2026","2026-12-15-91282CJP7"
"2026-10-06T1235","912797VH7","Bill","","2026-12-17",99.219,99.22,"","UNITED STATES TREAS BILLS ZERO CPN, 0.000%, 17-DEC-2026","2026-12-17-912797VH7"
"2026-10-06T1235","912797WG8","Bill","","2026-12-22",99.168,99.171,"","UNITED STATES TREAS BILLS ZERO CPN, 0.000%, 22-DEC-2026","2026-12-22-912797WG8"
"2026-10-06T1235","912797TC1","Bill","","2026-12-24",99.136,99.138,"","UNITED STATES TREAS BILLS ZERO CPN, 0.000%, 24-DEC-2026","2026-12-24-912797TC1"
"2026-10-06T1235","912797WH6","Bill","","2026-12-29",99.085,99.087,"","UNITED STATES TREAS BILLS ZERO CPN, 0.000%, 29-DEC-2026","2026-12-29-912797WH6"
"2026-10-06T1235","912797VJ3","Bill","","2026-12-31",99.052,99.053,"","UNITED STATES TREAS BILLS ZERO CPN, 0.000%, 31-DEC-2026","2026-12-31-912797VJ3"
"2026-10-06T1235","912828YX2","Bond",0.0175,"2026-12-31",99.464,99.474,"semi-annually","UNITED STATES TREAS SER T-2026, 1.750%, 31-DEC-2026","2026-12-31-912828YX2"
"2026-10-06T1235","91282CDQ1","Bond",0.0125,"2026-12-31",99.329,99.34,"semi-annually","UNITED STATES TREAS SER AH-2026, 1.250%, 31-DEC-2026","2026-12-31-91282CDQ1"
"2026-10-06T1235","91282CME8","Bond",0.0425,"2026-12-31",100.008,100.016,"semi-annually","UNITED STATES TREAS SER BM-2026, 4.250%, 31-DEC-2026","2026-12-31-91282CME8"
"2026-10-06T1235","912797WN3","Bill","","2027-01-05",98.996,98.997,"","UNITED STATES TREAS BILLS ZERO CPN, 0.000%, 05-JAN-2027","2027-01-05-912797WN3"
"2026-10-06T1235","912797VS3","Bill","","2027-01-07",98.97,98.972,"","UNITED STATES TREAS BILLS ZERO CPN, 0.000%, 07-JAN-2027","2027-01-07-912797VS3"
"2026-10-06T1235","912797WP8","Bill","","2027-01-12",98.916,98.92,"","UNITED STATES TREAS BILLS ZERO CPN, 0.000%, 12-JAN-2027","2027-01-12-912797WP8"
"2026-10-06T1235","912797VT1","Bill","","2027-01-14",98.896,98.899,"","UNITED STATES TREAS BILLS ZERO CPN, 0.000%, 14-JAN-2027","2027-01-14-912797VT1"
"2026-10-06T1235","912810PS1","TIPS",0.02375,"2027-01-15",100.248,100.309,"semi-annually","UNITED STATES TREAS BDS TIPS, 2.375%, 15-JAN-2027","2027-01-15-912810PS1"
"2026-10-06T1235","912828V49","TIPS",0.00375,"2027-01-15",99.732,99.77,"semi-annually","UNITED STATES TREAS NTS TIPS, 0.375%, 15-JAN-2027","2027-01-15-912828V49"
"2026-10-06T1235","91282CJT9","Bond",0.04,"2027-01-15",99.949,99.961,"semi-annually","UNITED STATES TREAS SER AJ-2027, 4.000%, 15-JAN-2027","2027-01-15-91282CJT9"
"2026-10-06T1235","912797WQ6","Bill","","2027-01-19",98.83,98.833,"","UNITED STATES TREAS BILLS ZERO CPN, 0.000%, 19-JAN-2027","2027-01-19-912797WQ6"
"2026-10-06T1235","912797TM9","Bill","","2027-01-21",98.816,98.818,"","UNITED STATES TREAS BILLS ZERO CPN, 0.000%, 21-JAN-2027","2027-01-21-912797TM9"
"2026-10-06T1235","912797WR4","Bill","","2027-01-26",98.75,98.753,"","UNITED STATES TREAS BILLS ZERO CPN, 0.000%, 26-JAN-2027","2027-01-26-912797WR4"
"2026-10-06T1235","912797VU8","Bill","","2027-01-28",98.726,98.729,"","UNITED STATES TREAS BILLS ZERO CPN, 0.000%, 28-JAN-2027","2027-01-28-912797VU8"
"2026-10-06T1235","912828Z78","Bond",0.015,"2027-01-31",99.15,99.161,"semi-annually","UNITED STATES TREAS SER G-2027, 1.500%, 31-JAN-2027","2027-01-31-912828Z78"
"2026-10-06T1235","91282CMH1","Bond",0.04125,"2027-01-31",99.972,99.984,"semi-annually","UNITED STATES TREAS SER AW-2027, 4.125%, 31-JAN-2027","2027-01-31-91282CMH1"
"2026-10-06T1235","912797WS2","Bill","","2027-02-02",98.662,98.665,"","UNITED STATES TREAS BILLS ZERO CPN, 0.000%, 02-FEB-2027","2027-02-02-912797WS2"
"2026-10-06T1235","912797VV6","Bill","","2027-02-04",98.65,98.653,"","UNITED STATES TREAS BILLS ZERO CPN, 0.000%, 04-FEB-2027","2027-02-04-912797VV6"
"2026-10-06T1235","912797WB9","Bill","","2027-02-11",98.568,98.571,"","UNITED STATES TREAS BILLS ZERO CPN, 0.000%, 11-FEB-2027","2027-02-11-912797WB9"
"2026-10-06T1235","912803BK8","STRIP","","2027-02-15",98.578,98.612,"","UNITED STATES TREAS BD STRIPP ZERO CPN, 0.000%, 15-FEB-2027","2027-02-15-912803BK8"
"2026-10-06T1235","912810EZ7","Bond",0.06625,"2027-02-15",100.873,101.053,"semi-annually","UNITED STATES TREAS BDS, 6.625%, 15-FEB-2027","2027-02-15-912810EZ7"
"2026-10-06T1235","9128206P7","STRIP","","2027-02-15",98.528,98.647,"","U S TREAS SEC STRIPPED INT PMT, 0.000%, 15-FEB-2027","2027-02-15-9128206P7"
"2026-10-06T1235","912828V98","Bond",0.0225,"2027-02-15",99.312,99.321,"semi-annually","UNITED STATES TREAS SER B-2027, 2.250%, 15-FEB-2027","2027-02-15-912828V98"
"2026-10-06T1235","91282CKA8","Bond",0.04125,"2027-02-15",99.97,99.977,"semi-annually","UNITED STATES TREAS SER AK-2027, 4.125%, 15-FEB-2027","2027-02-15-91282CKA8"
"2026-10-06T1235","912833PC8","STRIP","","2027-02-15",98.519,98.547,"","U S TREAS SEC STRIPPED INT PMT, 0.000%, 15-FEB-2027","2027-02-15-912833PC8"
"2026-10-06T1235","912797TV9","Bill","","2027-02-18",98.491,98.494,"","UNITED STATES TREAS BILLS ZERO CPN, 0.000%, 18-FEB-2027","2027-02-18-912797TV9"
"2026-10-06T1235","912797WC7","Bill","","2027-02-25",98.4,98.402,"","UNITED STATES TREAS BILLS ZERO CPN, 0.000%, 25-FEB-2027","2027-02-25-912797WC7"
"2026-10-06T1235","912828ZB9","Bond",0.01125,"2027-02-28",98.804,98.813,"semi-annually","UNITED STATES TREAS NOTE, 1.125%, 28-FEB-2027","2027-02-28-912828ZB9"
"2026-10-06T1235","91282CEC1","Bond",0.01875,"2027-02-28",99.097,99.106,"semi-annually","UNITED STATES TREAS SER V-2027, 1.875%, 28-FEB-2027","2027-02-28-91282CEC1"
"2026-10-06T1235","91282CMP3","Bond",0.04125,"2027-02-28",99.972,99.979,"semi-annually","UNITED STATES TREAS SER AY-2027, 4.125%, 28-FEB-2027","2027-02-28-91282CMP3"
"2026-10-06T1235","912797WD5","Bill","","2027-03-04",98.322,98.325,"","UNITED STATES TREAS BILLS ZERO CPN, 0.000%, 04-MAR-2027","2027-03-04-912797WD5"
"2026-10-06T1235","912797WK9","Bill","","2027-03-11",98.244,98.248,"","UNITED STATES TREAS BILLS ZERO CPN, 0.000%, 11-MAR-2027","2027-03-11-912797WK9"
"2026-10-06T1235","91282CKE0","Bond",0.0425,"2027-03-15",100.025,100.037,"semi-annually","UNITED STATES TREAS SER AL-2027, 4.250%, 15-MAR-2027","2027-03-15-91282CKE0"
"2026-10-06T1235","912797UD7","Bill","","2027-03-18",98.15,98.152,"","UNITED STATES TREAS BILLS, 0.000%, 18-MAR-2027","2027-03-18-912797UD7"
"2026-10-06T1235","912797WL7","Bill","","2027-03-25",98.068,98.071,"","UNITED STATES TREAS BILLS ZERO CPN, 0.000%, 25-MAR-2027","2027-03-25-912797WL7"
"2026-10-06T1235","912828ZE3","Bond",0.00625,"2027-03-31",98.308,98.317,"semi-annually","UNITED STATES TREAS NOTE, 0.625%, 31-MAR-2027","2027-03-31-912828ZE3"
"2026-10-06T1235","91282CEF4","Bond",0.025,"2027-03-31",99.17,99.179,"semi-annually","UNITED STATES TREAS SER W-2027, 2.500%, 31-MAR-2027","2027-03-31-91282CEF4"
"2026-10-06T1235","91282CMV0","Bond",0.03875,"2027-03-31",99.823,99.825,"semi-annually","UNITED STATES TREAS SER AZ-2027, 3.875%, 31-MAR-2027","2027-03-31-91282CMV0"
"2026-10-06T1235","912797WM5","Bill","","2027-04-01",97.978,97.981,"","UNITED STATES TREAS BILLS ZERO CPN, 0.000%, 01-APR-2027","2027-04-01-912797WM5"
"2026-10-06T1235","912797UE5","Bill","","2027-04-15",97.824,97.833,"","UNITED STATES TREAS BILLS ZERO CPN, 0.000%, 15-APR-2027","2027-04-15-912797UE5"
"2026-10-06T1235","91282CEJ6","TIPS",0.00125,"2027-04-15",98.931,98.964,"semi-annually","UNITED STATES TREAS NTS SER X-2027, 0.125%, 15-APR-2027","2027-04-15-91282CEJ6"
"2026-10-06T1235","91282CKJ9","Bond",0.045,"2027-04-15",100.126,100.136,"semi-annually","UNITED STATES TREAS SER AM-2027, 4.500%, 15-APR-2027","2027-04-15-91282CKJ9"
"2026-10-06T1235","912828ZN3","Bond",0.005,"2027-04-30",97.907,97.915,"semi-annually","UNITED STATES TREAS NOTE, 0.500%, 30-APR-2027","2027-04-30-912828ZN3"
"2026-10-06T1235","91282CEN7","Bond",0.0275,"2027-04-30",99.148,99.153,"semi-annually","UNITED STATES TREAS SER Y-2027, 2.750%, 30-APR-2027","2027-04-30-91282CEN7"
"2026-10-06T1235","91282CMY4","Bond",0.0375,"2027-04-30",99.703,99.707,"semi-annually","UNITED STATES TREAS SER BA-2027, 3.750%, 30-APR-2027","2027-04-30-91282CMY4"
"2026-10-06T1235","912797UX3","Bill","","2027-05-13",97.56,97.578,"","UNITED STATES TREAS BILLS ZERO CPN, 0.000%, 13-MAY-2027","2027-05-13-912797UX3"
"2026-10-06T1235","9128207D3","STRIP","","2027-05-15",97.435,97.502,"","U S TREAS SEC STRIPPED INT PMT, 0.000%, 15-MAY-2027","2027-05-15-9128207D3"
"2026-10-06T1235","912828X88","Bond",0.02375,"2027-05-15",98.829,98.839,"semi-annually","UNITED STATES TREAS SER C-2027, 2.375%, 15-MAY-2027","2027-05-15-912828X88"
"2026-10-06T1235","91282CKR1","Bond",0.045,"2027-05-15",100.089,100.102,"semi-annually","UNITED STATES TREAS SER AN-2027, 4.500%, 15-MAY-2027","2027-05-15-91282CKR1"
"2026-10-06T1235","912833PD6","STRIP","","2027-05-15",97.431,97.459,"","U S TREAS SEC STRIPPED INT PMT, 0.000%, 15-MAY-2027","2027-05-15-912833PD6"
"2026-10-06T1235","912828ZS2","Bond",0.005,"2027-05-31",97.568,97.578,"semi-annually","UNITED STATES TREAS SER L-2027, 0.500%, 31-MAY-2027","2027-05-31-912828ZS2"
"2026-10-06T1235","91282CET4","Bond",0.02625,"2027-05-31",98.902,98.911,"semi-annually","UNITED STATES TREAS SER Z-2027, 2.625%, 31-MAY-2027","2027-05-31-91282CET4"
"2026-10-06T1235","91282CNE7","Bond",0.03875,"2027-05-31",99.695,99.7,"semi-annually","UNITED STATES TREAS SER BC-2027, 3.875%, 31-MAY-2027","2027-05-31-91282CNE7"
"2026-10-06T1235","912797VF1","Bill","","2027-06-10",97.196,97.218,"","UNITED STATES TREAS BILLS ZERO CPN, 0.000%, 10-JUN-2027","2027-06-10-912797VF1"
"2026-10-06T1235","91282CKV2","Bond",0.04625,"2027-06-15",100.166,100.176,"semi-annually","UNITED STATES TREAS SER AP-2027, 4.625%, 15-JUN-2027","2027-06-15-91282CKV2"
"2026-10-06T1235","912828ZV5","Bond",0.005,"2027-06-30",97.242,97.248,"semi-annually","UNITED STATES TREAS SER M-2027, 0.500%, 30-JUN-2027","2027-06-30-912828ZV5"
"2026-10-06T1235","91282CEW7","Bond",0.0325,"2027-06-30",99.179,99.188,"semi-annually","UNITED STATES TREAS SER AA-2027, 3.250%, 30-JUN-2027","2027-06-30-91282CEW7"
"2026-10-06T1235","91282CNL1","Bond",0.0375,"2027-06-30",99.538,99.55,"semi-annually","UNITED STATES TREAS SER BD-2027, 3.750%, 30-JUN-2027","2027-06-30-91282CNL1"
"2026-10-06T1235","912797VQ7","Bill","","2027-07-08",96.836,96.86,"","UNITED STATES TREAS BILLS ZERO CPN, 0.000%, 08-JUL-2027","2027-07-08-912797VQ7"
"2026-10-06T1235","9128282L3","TIPS",0.00375,"2027-07-15",98.967,99.008,"semi-annually","UNITED STATES TREAS NTS SER D-2027, 0.375%, 15-JUL-2027","2027-07-15-9128282L3"
"2026-10-06T1235","91282CKZ3","Bond",0.04375,"2027-07-15",99.964,99.974,"semi-annually","UNITED STATES TREAS SER AQ-2027, 4.375%, 15-JUL-2027","2027-07-15-91282CKZ3"
"2026-10-06T1235","91282CAD3","Bond",0.00375,"2027-07-31",96.765,96.774,"semi-annually","UNITED STATES TREAS SER N-2027, 0.375%, 31-JUL-2027","2027-07-31-91282CAD3"
"2026-10-06T1235","91282CFB2","Bond",0.0275,"2027-07-31",98.638,98.647,"semi-annually","UNITED STATES TREAS SER AB-2027, 2.750%, 31-JUL-2027","2027-07-31-91282CFB2"
"2026-10-06T1235","91282CNP2","Bond",0.03875,"2027-07-31",99.528,99.536,"semi-annually","UNITED STATES TREAS SER BE-2027, 3.875%, 31-JUL-2027","2027-07-31-91282CNP2"
"2026-10-06T1235","912797VR5","Bill","","2027-08-05",96.485,96.497,"","UNITED STATES TREAS BILLS ZERO CPN, 0.000%, 05-AUG-2027","2027-08-05-912797VR5"
"2026-10-06T1235","912803BL6","STRIP","","2027-08-15",96.4,96.467,"","UNITED STATES TREAS BD STRIPP ZERO CPN, 0.000%, 15-AUG-2027","2027-08-15-912803BL6"
"2026-10-06T1235","912810FA1","Bond",0.06375,"2027-08-15",101.711,101.776,"semi-annually","UNITED STATES TREAS BDS, 6.375%, 15-AUG-2027","2027-08-15-912810FA1"
"2026-10-06T1235","9128203H8","STRIP","","2027-08-15",96.266,96.492,"","U S TREAS SEC STRIPPED INT PMT, 0.000%, 15-AUG-2027","2027-08-15-9128203H8"
"2026-10-06T1235","9128282R0","Bond",0.0225,"2027-08-15",98.143,98.156,"semi-annually","UNITED STATES TREAS SER E-2027, 2.250%, 15-AUG-2027","2027-08-15-9128282R0"
"2026-10-06T1235","91282CLG4","Bond",0.0375,"2027-08-15",99.388,99.395,"semi-annually","UNITED STATES TREAS SER AR-2027, 3.750%, 15-AUG-2027","2027-08-15-91282CLG4"
"2026-10-06T1235","912833PE4","STRIP","","2027-08-15",96.303,96.371,"","U S TREAS SEC STRIPPED INT PMT, 0.000%, 15-AUG-2027","2027-08-15-912833PE4"
"2026-10-06T1235","91282CAH4","Bond",0.005,"2027-08-31",96.523,96.532,"semi-annually","UNITED STATES TREAS SER P-2027, 0.500%, 31-AUG-2027","2027-08-31-91282CAH4"
"2026-10-06T1235","91282CFH9","Bond",0.03125,"2027-08-31",98.808,98.813,"semi-annually","UNITED STATES TREAS SER AC-2027, 3.125%, 31-AUG-2027","2027-08-31-91282CFH9"
"2026-10-06T1235","91282CNV9","Bond",0.03625,"2027-08-31",99.239,99.247,"semi-annually","UNITED STATES TREAS SER BG-2027, 3.625%, 31-AUG-2027","2027-08-31-91282CNV9"
"2026-10-06T1235","912797WA1","Bill","","2027-09-02",96.182,96.195,"","UNITED STATES TREAS BILLS ZERO CPN, 0.000%, 02-SEP-2027","2027-09-02-912797WA1"
"2026-10-06T1235","91282CLL3","Bond",0.03375,"2027-09-15",98.986,98.995,"semi-annually","UNITED STATES TREAS SER AS-2027, 3.375%, 15-SEP-2027","2027-09-15-91282CLL3"
"2026-10-06T1235","912797WJ2","Bill","","2027-09-30",95.783,95.787,"","UNITED STATES TREAS BILLS ZERO CPN, 0.000%, 30-SEP-2027","2027-09-30-912797WJ2"
"2026-10-06T1235","91282CAL5","Bond",0.00375,"2027-09-30",96.055,96.067,"semi-annually","UNITED STATES TREAS SER Q-2027, 0.375%, 30-SEP-2027","2027-09-30-91282CAL5"
"2026-10-06T1235","91282CFM8","Bond",0.04125,"2027-09-30",99.632,99.643,"semi-annually","UNITED STATES TREAS SER AD-2027, 4.125%, 30-SEP-2027","2027-09-30-91282CFM8"
"2026-10-06T1235","91282CPB1","Bond",0.035,"2027-09-30",99.033,99.038,"semi-annually","UNITED STATES TREAS SER BH-2027, 3.500%, 30-SEP-2027","2027-09-30-91282CPB1"
"2026-10-06T1235","91282CFR7","TIPS",0.01625,"2027-10-15",99.494,99.529,"semi-annually","UNITED STATES TREAS NTS SER AE-2027, 1.625%, 15-OCT-2027","2027-10-15-91282CFR7"
"2026-10-06T1235","91282CLQ2","Bond",0.03875,"2027-10-15",99.359,99.368,"semi-annually","UNITED STATES TREAS SER AT-2027, 3.875%, 15-OCT-2027","2027-10-15-91282CLQ2"
"2026-10-06T1235","91282CAU5","Bond",0.005,"2027-10-31",95.808,95.821,"semi-annually","UNITED STATES TREAS SER R-2027, 0.500%, 31-OCT-2027","2027-10-31-91282CAU5"
"2026-10-06T1235","91282CFU0","Bond",0.04125,"2027-10-31",99.546,99.554,"semi-annually","UNITED STATES TREAS SER AF-2027, 4.125%, 31-OCT-2027","2027-10-31-91282CFU0"
"2026-10-06T1235","91282CPE5","Bond",0.035,"2027-10-31",98.896,98.902,"semi-annually","UNITED STATES TREAS SER BJ-2027, 3.500%, 31-OCT-2027","2027-10-31-91282CPE5"
"2026-10-06T1235","912803BM4","STRIP","","2027-11-15",95.145,95.252,"","UNITED STATES TREAS BD STRIPP ZERO CPN, 0.000%, 15-NOV-2027","2027-11-15-912803BM4"
"2026-10-06T1235","912810FB9","Bond",0.06125,"2027-11-15",101.622,101.828,"semi-annually","UNITED STATES TREAS BDS, 6.125%, 15-NOV-2027","2027-11-15-912810FB9"
"2026-10-06T1235","9128203W5","STRIP","","2027-11-15",95.063,95.397,"","U S TREAS SEC STRIPPED INT PMT, 0.000%, 15-NOV-2027","2027-11-15-9128203W5"
"2026-10-06T1235","9128283F5","Bond",0.0225,"2027-11-15",97.491,97.504,"semi-annually","UNITED STATES TREAS SER F-2027, 2.250%, 15-NOV-2027","2027-11-15-9128283F5"
"2026-10-06T1235","91282CLX7","Bond",0.04125,"2027-11-15",99.492,99.5,"semi-annually","UNITED STATES TREAS SER AU-2027, 4.125%, 15-NOV-2027","2027-11-15-91282CLX7"
"2026-10-06T1235","912833QB9","STRIP","","2027-11-15",95.096,95.144,"","U S TREAS SEC STRIPPED INT PMT, 0.000%, 15-NOV-2027","2027-11-15-912833QB9"
"2026-10-06T1235","91282CAY7","Bond",0.00625,"2027-11-30",95.593,95.604,"semi-annually","UNITED STATES TREAS SER S-2027, 0.625%, 30-NOV-2027","2027-11-30-91282CAY7"
"2026-10-06T1235","91282CFZ9","Bond",0.03875,"2027-11-30",99.183,99.192,"semi-annually","UNITED STATES TREAS SER AG-2027, 3.875%, 30-NOV-2027","2027-11-30-91282CFZ9"
"2026-10-06T1235","91282CPL9","Bond",0.03375,"2027-11-30",98.63,98.642,"semi-annually","UNITED STATES TREAS SER BL-2027, 3.375%, 30-NOV-2027","2027-11-30-91282CPL9"
"2026-10-06T1235","91282CMB4","Bond",0.04,"2027-12-15",99.292,99.304,"semi-annually","UNITED STATES TREAS SER AV-2027, 4.000%, 15-DEC-2027","2027-12-15-91282CMB4"
"2026-10-06T1235","91282CBB6","Bond",0.00625,"2027-12-31",95.257,95.277,"semi-annually","UNITED STATES TREAS SER T-2027, 0.625%, 31-DEC-2027","2027-12-31-91282CBB6"
"2026-10-06T1235","91282CGC9","Bond",0.03875,"2027-12-31",99.096,99.106,"semi-annually","UNITED STATES TREAS SER AH-2027, 3.875%, 31-DEC-2027","2027-12-31-91282CGC9"
"2026-10-06T1235","91282CPS4","Bond",0.03375,"2027-12-31",98.489,98.504,"semi-annually","UNITED STATES TREAS SER BM-2027, 3.375%, 31-DEC-2027","2027-12-31-91282CPS4"
"2026-10-06T1235","912810PV4","TIPS",0.0175,"2028-01-15",99.023,99.073,"semi-annually","UNITED STATES TREASURY, 1.750%, 15-JAN-2028","2028-01-15-912810PV4"
"2026-10-06T1235","9128283R9","TIPS",0.005,"2028-01-15",97.48,97.526,"semi-annually","UNITED STATES TREAS NTS SER A-2028, 0.500%, 15-JAN-2028","2028-01-15-9128283R9"
"2026-10-06T1235","91282CMF5","Bond",0.0425,"2028-01-15",99.486,99.497,"semi-annually","UNITED STATES TREAS SER AJ-2028, 4.250%, 15-JAN-2028","2028-01-15-91282CMF5"
"2026-10-06T1235","91282CBJ9","Bond",0.0075,"2028-01-31",95.051,95.069,"semi-annually","UNITED STATES TREAS SER G-2028, 0.750%, 31-JAN-2028","2028-01-31-91282CBJ9"
"2026-10-06T1235","91282CGH8","Bond",0.035,"2028-01-31",98.515,98.533,"semi-annually","UNITED STATES TREAS SER U-2028, 3.500%, 31-JAN-2028","2028-01-31-91282CGH8"
"2026-10-06T1235","9128204M6","STRIP","","2028-02-15",93.876,93.946,"","U S TREAS SEC STRIPPED INT PMT, 0.000%, 15-FEB-2028","2028-02-15-9128204M6"
"2026-10-06T1235","9128283W8","Bond",0.0275,"2028-02-15",97.476,97.49,"semi-annually","UNITED STATES TREAS NOTES, 2.750%, 15-FEB-2028","2028-02-15-9128283W8"
"2026-10-06T1235","91282CMN8","Bond",0.0425,"2028-02-15",99.433,99.434,"semi-annually","UNITED STATES TREAS SER AK-2028, 4.250%, 15-FEB-2028","2028-02-15-91282CMN8"
"2026-10-06T1235","912833RY8","STRIP","","2028-02-15",93.881,93.94,"","U S TREAS SEC STRIPPED INT PMT, 0.000%, 15-FEB-2028","2028-02-15-912833RY8"
"2026-10-06T1235","91282CBP5","Bond",0.01125,"2028-02-29",95.228,95.239,"semi-annually","UNITED STATES TREAS SER H-2028, 1.125%, 29-FEB-2028","2028-02-29-91282CBP5"
"2026-10-06T1235","91282CGP0","Bond",0.04,"2028-02-29",99.078,99.084,"semi-annually","UNITED STATES TREAS SER V-2028, 4.000%, 29-FEB-2028","2028-02-29-91282CGP0"
"2026-10-06T1235","91282CQB0","Bond",0.03375,"2028-02-29",98.246,98.258,"semi-annually","UNITED STATES TREAS SER AY-2028, 3.375%, 29-FEB-2028","2028-02-29-91282CQB0"
"2026-10-06T1235","91282CMS7","Bond",0.03875,"2028-03-15",98.872,98.882,"semi-annually","UNITED STATES TREAS SER AL-2028, 3.875%, 15-MAR-2028","2028-03-15-91282CMS7"
"2026-10-06T1235","91282CBS9","Bond",0.0125,"2028-03-31",95.101,95.116,"semi-annually","UNITED STATES TREAS SER J-2028, 1.250%, 31-MAR-2028","2028-03-31-91282CBS9"
"2026-10-06T1235","91282CGT2","Bond",0.03625,"2028-03-31",98.465,98.471,"semi-annually","UNITED STATES TREAS SER W-2028, 3.625%, 31-MAR-2028","2028-03-31-91282CGT2"
"2026-10-06T1235","91282CQH7","Bond",0.03875,"2028-03-31",98.817,98.823,"semi-annually","UNITED STATES TREAS SER AZ-2028, 3.875%, 31-MAR-2028","2028-03-31-91282CQH7"
"2026-10-06T1235","912810FD5","TIPS",0.03625,"2028-04-15",101.497,101.549,"semi-annually","UNITED STATES TREAS BDS, 3.625%, 15-APR-2028","2028-04-15-912810FD5"
"2026-10-06T1235","91282CGW5","TIPS",0.0125,"2028-04-15",97.981,98.028,"semi-annually","UNITED STATES TREAS NTS SER X-2028, 1.250%, 15-APR-2028","2028-04-15-91282CGW5"
"2026-10-06T1235","91282CMW8","Bond",0.0375,"2028-04-15",98.582,98.59,"semi-annually","UNITED STATES TREAS SER AM-2028, 3.750%, 15-APR-2028","2028-04-15-91282CMW8"
"2026-10-06T1235","91282CBZ3","Bond",0.0125,"2028-04-30",94.804,94.813,"semi-annually","UNITED STATES TREAS SER K-2028, 1.250%, 30-APR-2028","2028-04-30-91282CBZ3"
"2026-10-06T1235","91282CHA2","Bond",0.035,"2028-04-30",98.162,98.171,"semi-annually","UNITED STATES TREAS SER Y-2028, 3.500%, 30-APR-2028","2028-04-30-91282CHA2"
"2026-10-06T1235","91282CQL8","Bond",0.0375,"2028-04-30",98.528,98.536,"semi-annually","UNITED STATES TREAS SER BA-2028, 3.750%, 30-APR-2028","2028-04-30-91282CQL8"
"2026-10-06T1235","9128205B9","STRIP","","2028-05-15",92.744,92.835,"","U S TREAS SEC STRIPPED INT PMT, 0.000%, 15-MAY-2028","2028-05-15-9128205B9"
"2026-10-06T1235","9128284N7","Bond",0.02875,"2028-05-15",97.146,97.16,"semi-annually","UNITED STATES TREAS SER C-2028, 2.875%, 15-MAY-2028","2028-05-15-9128284N7"
"2026-10-06T1235","91282CND9","Bond",0.0375,"2028-05-15",98.483,98.492,"semi-annually","UNITED STATES TREAS SER AN-2028, 3.750%, 15-MAY-2028","2028-05-15-91282CND9"
"2026-10-06T1235","912833WQ9","STRIP","","2028-05-15",92.719,92.782,"","U S TREAS SEC STRIPPED INT PMT, 0.000%, 15-MAY-2028","2028-05-15-912833WQ9"
"2026-10-06T1235","91282CCE9","Bond",0.0125,"2028-05-31",94.512,94.528,"semi-annually","UNITED STATES TREAS SER L-2028, 1.250%, 31-MAY-2028","2028-05-31-91282CCE9"
"2026-10-06T1235","91282CHE4","Bond",0.03625,"2028-05-31",98.241,98.25,"semi-annually","UNITED STATES TREAS SER Z-2028, 3.625%, 31-MAY-2028","2028-05-31-91282CHE4"
"2026-10-06T1235","91282CQS3","Bond",0.04,"2028-05-31",98.818,98.826,"semi-annually","UNITED STATES TREAS SER BC-2028, 4.000%, 31-MAY-2028","2028-05-31-91282CQS3"
"2026-10-06T1235","91282CNH0","Bond",0.03875,"2028-06-15",98.576,98.583,"semi-annually","UNITED STATES TREAS SER AP-2028, 3.875%, 15-JUN-2028","2028-06-15-91282CNH0"
"2026-10-06T1235","91282CCH2","Bond",0.0125,"2028-06-30",94.226,94.235,"semi-annually","UNITED STATES TREAS SER M-2028, 1.250%, 30-JUN-2028","2028-06-30-91282CCH2"
"2026-10-06T1235","91282CHK0","Bond",0.04,"2028-06-30",98.752,98.768,"semi-annually","UNITED STATES TREAS SER AA-2028, 4.000%, 30-JUN-2028","2028-06-30-91282CHK0"
"2026-10-06T1235","91282CQY0","Bond",0.04125,"2028-06-30",98.938,98.949,"semi-annually","UNITED STATES TREAS SER BD-2028, 4.125%, 30-JUN-2028","2028-06-30-91282CQY0"
"2026-10-06T1235","912828Y38","TIPS",0.0075,"2028-07-15",97.363,97.394,"semi-annually","UNITED STATES TREAS NTS SER D-2028, 0.750%, 15-JUL-2028","2028-07-15-912828Y38"
"2026-10-06T1235","91282CNM9","Bond",0.03875,"2028-07-15",98.48,98.487,"semi-annually","UNITED STATES TREAS SER AQ-2028, 3.875%, 15-JUL-2028","2028-07-15-91282CNM9"
"2026-10-06T1235","91282CCR0","Bond",0.01,"2028-07-31",93.503,93.512,"semi-annually","UNITED STATES TREAS SER N-2028, 1.000%, 31-JUL-2028","2028-07-31-91282CCR0"
"2026-10-06T1235","91282CHQ7","Bond",0.04125,"2028-07-31",98.882,98.891,"semi-annually","UNITED STATES TREAS SER AB-2028, 4.125%, 31-JUL-2028","2028-07-31-91282CHQ7"
"2026-10-06T1235","91282CRB9","Bond",0.0425,"2028-07-31",99.083,99.092,"semi-annually","UNITED STATES TREAS SER BE-2028, 4.250%, 31-JUL-2028","2028-07-31-91282CRB9"
"2026-10-06T1235","912803BP7","STRIP","","2028-08-15",91.63,91.757,"","UNITED STATES TREAS BD STRIPP ZERO CPN, 0.000%, 15-AUG-2028","2028-08-15-912803BP7"
"2026-10-06T1235","912810FE3","Bond",0.055,"2028-08-15",101.253,101.475,"semi-annually","UNITED STATES TREAS BDS, 5.500%, 15-AUG-2028","2028-08-15-912810FE3"
"2026-10-06T1235","912821AH8","STRIP","","2028-08-15",91.512,92.229,"","U S TREAS NT STRIPPED PRIN PMT, 0.000%, 15-AUG-2028","2028-08-15-912821AH8"
"2026-10-06T1235","9128284V9","Bond",0.02875,"2028-08-15",96.649,96.657,"semi-annually","UNITED STATES TREAS SER E-2028, 2.875%, 15-AUG-2028","2028-08-15-9128284V9"
"2026-10-06T1235","91282CNU1","Bond",0.03625,"2028-08-15",97.957,97.965,"semi-annually","UNITED STATES TREAS SER AR-2028, 3.625%, 15-AUG-2028","2028-08-15-91282CNU1"
"2026-10-06T1235","912833RZ5","STRIP","","2028-08-15",91.555,91.615,"","U S TREAS SEC STRIPPED INT PMT, 0.000%, 15-AUG-2028","2028-08-15-912833RZ5"
"2026-10-06T1235","91282CCV1","Bond",0.01125,"2028-08-31",93.429,93.437,"semi-annually","UNITED STATES TREAS SER P-2028, 1.125%, 31-AUG-2028","2028-08-31-91282CCV1"
"2026-10-06T1235","91282CHX2","Bond",0.04375,"2028-08-31",99.251,99.264,"semi-annually","UNITED STATES TREAS SER AC-2028, 4.375%, 31-AUG-2028","2028-08-31-91282CHX2"
"2026-10-06T1235","91282CRH6","Bond",0.04125,"2028-08-31",98.805,98.812,"semi-annually","UNITED STATES TREAS SER BG-2028, 4.125%, 31-AUG-2028","2028-08-31-91282CRH6"
"2026-10-06T1235","91282CNY3","Bond",0.03375,"2028-09-15",97.397,97.404,"semi-annually","UNITED STATES TREAS SER AS-2028, 3.375%, 15-SEP-2028","2028-09-15-91282CNY3"
"2026-10-06T1235","91282CCY5","Bond",0.0125,"2028-09-30",93.367,93.377,"semi-annually","UNITED STATES TREAS SER Q-2028, 1.250%, 30-SEP-2028","2028-09-30-91282CCY5"
"2026-10-06T1235","91282CJA0","Bond",0.04625,"2028-09-30",99.656,99.664,"semi-annually","UNITED STATES TREAS SER AD-2028, 4.625%, 30-SEP-2028","2028-09-30-91282CJA0"
"2026-10-06T1235","91282CRP8","Bond",0.0475,"2028-09-30",99.914,99.918,"semi-annually","UNITED STATES TREAS SER BH-2028, 4.750%, 30-SEP-2028","2028-09-30-91282CRP8"
"2026-10-06T1235","91282CJH5","TIPS",0.02375,"2028-10-15",100.042,100.067,"semi-annually","UNITED STATES TREAS NTS SER AE-2028, 2.375%, 15-OCT-2028","2028-10-15-91282CJH5"
"2026-10-06T1235","91282CPC9","Bond",0.035,"2028-10-15",97.49,97.5,"semi-annually","UNITED STATES TREAS SER AT-2028, 3.500%, 15-OCT-2028","2028-10-15-91282CPC9"
"2026-10-06T1235","91282CDF5","Bond",0.01375,"2028-10-31",93.3,93.321,"semi-annually","UNITED STATES TREAS SER R-2028, 1.375%, 31-OCT-2028","2028-10-31-91282CDF5"
"2026-10-06T1235","91282CJF9","Bond",0.04875,"2028-10-31",100.105,100.114,"semi-annually","UNITED STATES TREAS SER AF-2028, 4.875%, 31-OCT-2028","2028-10-31-91282CJF9"
"2026-10-06T1235","912803BV4","STRIP","","2028-11-15",90.467,90.546,"","UNITED STATES TREAS BD STRIPP ZERO CPN, 0.000%, 15-NOV-2028","2028-11-15-912803BV4"
"2026-10-06T1235","912810FF0","Bond",0.0525,"2028-11-15",100.879,101.095,"semi-annually","UNITED STATES TREAS BDS, 5.250%, 15-NOV-2028","2028-11-15-912810FF0"
"2026-10-06T1235","912821AW5","STRIP","","2028-11-15",90.329,90.707,"","U S TREAS NT STRIPPED PRIN PMT, 0.000%, 15-NOV-2028","2028-11-15-912821AW5"
"2026-10-06T1235","9128285M8","Bond",0.03125,"2028-11-15",96.64,96.667,"semi-annually","UNITED STATES TREAS SER F-2028, 3.125%, 15-NOV-2028","2028-11-15-9128285M8"
"2026-10-06T1235","91282CPK1","Bond",0.035,"2028-11-15",97.365,97.379,"semi-annually","UNITED STATES TREAS SER AU-2028, 3.500%, 15-NOV-2028","2028-11-15-91282CPK1"
"2026-10-06T1235","912833WR7","STRIP","","2028-11-15",90.397,90.465,"","U S TREAS SEC STRIPPED INT PMT, 0.000%, 15-NOV-2028","2028-11-15-912833WR7"
"2026-10-06T1235","91282CDL2","Bond",0.015,"2028-11-30",93.269,93.287,"semi-annually","UNITED STATES TREAS SER S-2028, 1.500%, 30-NOV-2028","2028-11-30-91282CDL2"
"2026-10-06T1235","91282CJN2","Bond",0.04375,"2028-11-30",99.068,99.082,"semi-annually","UNITED STATES TREAS SER AG-2028, 4.375%, 30-NOV-2028","2028-11-30-91282CJN2"
"2026-10-06T1235","91282CPP0","Bond",0.035,"2028-12-15",97.251,97.265,"semi-annually","UNITED STATES TREAS SER AV-2028, 3.500%, 15-DEC-2028","2028-12-15-91282CPP0"
"2026-10-06T1235","91282CDP3","Bond",0.01375,"2028-12-31",92.74,92.762,"semi-annually","UNITED STATES TREAS SER T-2028, 1.375%, 31-DEC-2028","2028-12-31-91282CDP3"
"2026-10-06T1235","91282CJR3","Bond",0.0375,"2028-12-31",97.703,97.721,"semi-annually","UNITED STATES TREAS SER AH-2028, 3.750%, 31-DEC-2028","2028-12-31-91282CJR3"
"2026-10-06T1235","912810PZ5","TIPS",0.025,"2029-01-15",99.922,99.977,"semi-annually","UNITED STATES TREAS BDS, 2.500%, 15-JAN-2029","2029-01-15-912810PZ5"
"2026-10-06T1235","9128285W6","TIPS",0.00875,"2029-01-15",96.38,96.411,"semi-annually","UNITED STATES TREAS NTS SER A-2029, 0.875%, 15-JAN-2029","2029-01-15-9128285W6"
"2026-10-06T1235","91282CPT2","Bond",0.035,"2029-01-15",97.111,97.124,"semi-annually","UNITED STATES TREAS SER AJ-2029, 3.500%, 15-JAN-2029","2029-01-15-91282CPT2"
"2026-10-06T1235","91282CDW8","Bond",0.0175,"2029-01-31",93.267,93.285,"semi-annually","UNITED STATES TREAS SER G-2029, 1.750%, 31-JAN-2029","2029-01-31-91282CDW8"
"2026-10-06T1235","91282CJW2","Bond",0.04,"2029-01-31",98.128,98.149,"semi-annually","UNITED STATES TREAS SER U-2029, 4.000%, 31-JAN-2029","2029-01-31-91282CJW2"
"2026-10-06T1235","912803BW2","STRIP","","2029-02-15",89.388,89.482,"","UNITED STATES TREAS BD STRIPP ZERO CPN, 0.000%, 15-FEB-2029","2029-02-15-912803BW2"
"2026-10-06T1235","912810FG8","Bond",0.0525,"2029-02-15",100.971,101.202,"semi-annually","UNITED STATES TREAS BDS, 5.250%, 15-FEB-2029","2029-02-15-912810FG8"
"2026-10-06T1235","912821BL8","STRIP","","2029-02-15",88.989,89.66,"","U S TREAS NT STRIPPED PRIN PMT, 0.000%, 15-FEB-2029","2029-02-15-912821BL8"
"2026-10-06T1235","9128286B1","Bond",0.02625,"2029-02-15",95.062,95.082,"semi-annually","UNITED STATES TREAS SER B-2029, 2.625%, 15-FEB-2029","2029-02-15-9128286B1"
"2026-10-06T1235","91282CQA2","Bond",0.035,"2029-02-15",96.979,96.99,"semi-annually","UNITED STATES TREAS SER AK-2029, 3.500%, 15-FEB-2029","2029-02-15-91282CQA2"
"2026-10-06T1235","912833XN5","STRIP","","2029-02-15",89.127,89.198,"","U S TREAS SEC STRIPPED INT PMT, 0.000%, 15-FEB-2029","2029-02-15-912833XN5"
"2026-10-06T1235","91282CEB3","Bond",0.01875,"2029-02-28",93.291,93.31,"semi-annually","UNITED STATES TREAS SER H-2029, 1.875%, 28-FEB-2029","2029-02-28-91282CEB3"
"2026-10-06T1235","91282CKD2","Bond",0.0425,"2029-02-28",98.626,98.645,"semi-annually","UNITED STATES TREAS SER V-2029, 4.250%, 28-FEB-2029","2029-02-28-91282CKD2"
"2026-10-06T1235","91282CQE4","Bond",0.035,"2029-03-15",96.878,96.895,"semi-annually","UNITED STATES TREAS SER AL-2029, 3.500%, 15-MAR-2029","2029-03-15-91282CQE4"
"2026-10-06T1235","91282CEE7","Bond",0.02375,"2029-03-31",94.195,94.216,"semi-annually","UNITED STATES TREAS SER J-2029, 2.375%, 31-MAR-2029","2029-03-31-91282CEE7"
"2026-10-06T1235","91282CKG5","Bond",0.04125,"2029-03-31",98.261,98.277,"semi-annually","UNITED STATES TREAS SER W-2029, 4.125%, 31-MAR-2029","2029-03-31-91282CKG5"
"2026-10-06T1235","912810FH6","TIPS",0.03875,"2029-04-15",103.087,103.131,"semi-annually","UNITED STATES TREAS BDS, 3.875%, 15-APR-2029","2029-04-15-912810FH6"
"2026-10-06T1235","91282CKL4","TIPS",0.02125,"2029-04-15",98.849,98.869,"semi-annually","UNITED STATES TREAS NTS SER X-2029, 2.125%, 15-APR-2029","2029-04-15-91282CKL4"
"2026-10-06T1235","91282CQJ3","Bond",0.03875,"2029-04-15",97.622,97.636,"semi-annually","UNITED STATES TREAS SER AM-2029, 3.875%, 15-APR-2029","2029-04-15-91282CQJ3"
"2026-10-06T1235","91282CEM9","Bond",0.02875,"2029-04-30",95.195,95.211,"semi-annually","UNITED STATES TREAS SER K-2029, 2.875%, 30-APR-2029","2029-04-30-91282CEM9"
"2026-10-06T1235","91282CKP5","Bond",0.04625,"2029-04-30",99.392,99.404,"semi-annually","UNITED STATES TREAS SER Y-2029, 4.625%, 30-APR-2029","2029-04-30-91282CKP5"
"2026-10-06T1235","912821CA1","STRIP","","2029-05-15",88.115,88.198,"","U S TREAS NT STRIPPED PRIN PMT, 0.000%, 15-MAY-2029","2029-05-15-912821CA1"
"2026-10-06T1235","9128286T2","Bond",0.02375,"2029-05-15",93.917,93.932,"semi-annually","UNITED STATES TREAS SER C-2029, 2.375%, 15-MAY-2029","2029-05-15-9128286T2"
"2026-10-06T1235","91282CQR5","Bond",0.03875,"2029-05-15",97.542,97.551,"semi-annually","UNITED STATES TREASURY NOTE, 3.875%, 15-MAY-2029","2029-05-15-91282CQR5"
"2026-10-06T1235","912833XS4","STRIP","","2029-05-15",88,88.102,"","U S TREAS SEC STRIPPED INT PMT, 0.000%, 15-MAY-2029","2029-05-15-912833XS4"
"2026-10-06T1235","91282CES6","Bond",0.0275,"2029-05-31",94.728,94.747,"semi-annually","UNITED STATES TREAS SER L-2029, 2.750%, 31-MAY-2029","2029-05-31-91282CES6"
"2026-10-06T1235","91282CKT7","Bond",0.045,"2029-05-31",99.021,99.039,"semi-annually","UNITED STATES TREAS SER Z-2029, 4.500%, 31-MAY-2029","2029-05-31-91282CKT7"
"2026-10-06T1235","91282CQV6","Bond",0.04125,"2029-06-15",98.065,98.078,"semi-annually","UNITED STATES TREAS SER AP-2029, 4.125%, 15-JUN-2029","2029-06-15-91282CQV6"
"2026-10-06T1235","91282CEV9","Bond",0.0325,"2029-06-30",95.81,95.833,"semi-annually","UNITED STATES TREAS SER M-2029, 3.250%, 30-JUN-2029","2029-06-30-91282CEV9"
"2026-10-06T1235","91282CKX8","Bond",0.0425,"2029-06-30",98.335,98.354,"semi-annually","UNITED STATES TREAS SER AA-2029, 4.250%, 30-JUN-2029","2029-06-30-91282CKX8"
"2026-10-06T1235","9128287D6","TIPS",0.0025,"2029-07-15",94.261,94.284,"semi-annually","UNITED STATES TREAS NTS SER D-2029, 0.250%, 15-JUL-2029","2029-07-15-9128287D6"
"2026-10-06T1235","91282CQZ7","Bond",0.04125,"2029-07-15",97.972,97.984,"semi-annually","UNITED STATES TREAS SER AQ-2029, 4.125%, 15-JUL-2029","2029-07-15-91282CQZ7"
"2026-10-06T1235","91282CFC0","Bond",0.02625,"2029-07-31",94.048,94.065,"semi-annually","UNITED STATES TREAS SER N-2029, 2.625%, 31-JUL-2029","2029-07-31-91282CFC0"
"2026-10-06T1235","91282CLC3","Bond",0.04,"2029-07-31",97.614,97.625,"semi-annually","UNITED STATES TREAS SER AB-2029, 4.000%, 31-JUL-2029","2029-07-31-91282CLC3"
"2026-10-06T1235","912803CG6","STRIP","","2029-08-15",87.048,87.138,"","UNITED STATES TREAS BD STRIPP ZERO CPN, 0.000%, 15-AUG-2029","2029-08-15-912803CG6"
"2026-10-06T1235","912810FJ2","Bond",0.06125,"2029-08-15",103.205,103.416,"semi-annually","UNITED STATES TREAS BDS, 6.125%, 15-AUG-2029","2029-08-15-912810FJ2"
"2026-10-06T1235","912821CR4","STRIP","","2029-08-15",86.911,87.644,"","U S TREAS NT STRIPPED PRIN PMT, 0.000%, 15-AUG-2029","2029-08-15-912821CR4"
"2026-10-06T1235","912828YB0","Bond",0.01625,"2029-08-15",91.38,91.407,"semi-annually","UNITED STATES TREAS SER E-2029, 1.625%, 15-AUG-2029","2029-08-15-912828YB0"
"2026-10-06T1235","91282CRG8","Bond",0.0425,"2029-08-15",98.236,98.25,"semi-annually","UNITED STATES TREAS SER AR-2029, 4.250%, 15-AUG-2029","2029-08-15-91282CRG8"
"2026-10-06T1235","912833XP0","STRIP","","2029-08-15",86.862,86.932,"","U S TREAS SEC STRIPPED INT PMT, 0.000%, 15-AUG-2029","2029-08-15-912833XP0"
"2026-10-06T1235","91282CFJ5","Bond",0.03125,"2029-08-31",95.191,95.211,"semi-annually","UNITED STATES TREAS SER P-2029, 3.125%, 31-AUG-2029","2029-08-31-91282CFJ5"
"2026-10-06T1235","91282CLK5","Bond",0.03625,"2029-08-31",96.521,96.536,"semi-annually","UNITED STATES TREAS SER AC-2029, 3.625%, 31-AUG-2029","2029-08-31-91282CLK5"
"2026-10-06T1235","91282CRL7","Bond",0.04375,"2029-09-15",98.51,98.515,"semi-annually","UNITED STATES TREAS SER AS-2029, 4.375%, 15-SEP-2029","2029-09-15-91282CRL7"
"2026-10-06T1235","91282CFL0","Bond",0.03875,"2029-09-30",97.111,97.125,"semi-annually","UNITED STATES TREAS SER Q-2029, 3.875%, 30-SEP-2029","2029-09-30-91282CFL0"
"2026-10-06T1235","91282CLN9","Bond",0.035,"2029-09-30",96.085,96.098,"semi-annually","UNITED STATES TREAS SER AD-2029, 3.500%, 30-SEP-2029","2029-09-30-91282CLN9"
"2026-10-06T1235","91282CLV1","TIPS",0.01625,"2029-10-15",97.58,97.607,"semi-annually","UNITED STATES TREAS NTS SER AE-2029, 1.625%, 15-OCT-2029","2029-10-15-91282CLV1"
"2026-10-06T1235","91282CFT3","Bond",0.04,"2029-10-31",97.359,97.377,"semi-annually","UNITED STATES TREAS SER R-2029, 4.000%, 31-OCT-2029","2029-10-31-91282CFT3"
"2026-10-06T1235","91282CLR0","Bond",0.04125,"2029-10-31",97.71,97.723,"semi-annually","UNITED STATES TREAS SER AF-2029, 4.125%, 31-OCT-2029","2029-10-31-91282CLR0"
"2026-10-06T1235","912821DF9","STRIP","","2029-11-15",85.971,86.06,"","U S TREAS NT STRIPPED PRIN PMT, 0.000%, 15-NOV-2029","2029-11-15-912821DF9"
"2026-10-06T1235","912828YS3","Bond",0.0175,"2029-11-15",90.96,90.984,"semi-annually","UNITED STATES TREAS SER F-2029, 1.750%, 15-NOV-2029","2029-11-15-912828YS3"
"2026-10-06T1235","912833XT2","STRIP","","2029-11-15",85.742,85.825,"","U S TREAS SEC STRIPPED INT PMT, 0.000%, 15-NOV-2029","2029-11-15-912833XT2"
"2026-10-06T1235","91282CFY2","Bond",0.03875,"2029-11-30",96.908,96.93,"semi-annually","UNITED STATES TREAS SER S-2029, 3.875%, 30-NOV-2029","2029-11-30-91282CFY2"
"2026-10-06T1235","91282CMA6","Bond",0.04125,"2029-11-30",97.633,97.651,"semi-annually","UNITED STATES TREAS SER AG-2029, 4.125%, 30-NOV-2029","2029-11-30-91282CMA6"
"2026-10-06T1235","91282CGB1","Bond",0.03875,"2029-12-31",96.808,96.827,"semi-annually","UNITED STATES TREAS SER T-2029, 3.875%, 31-DEC-2029","2029-12-31-91282CGB1"
"2026-10-06T1235","91282CMD0","Bond",0.04375,"2029-12-31",98.298,98.313,"semi-annually","UNITED STATES TREAS SER AH-2029, 4.375%, 31-DEC-2029","2029-12-31-91282CMD0"
"2026-10-06T1235","912828Z37","TIPS",0.00125,"2030-01-15",92.368,92.402,"semi-annually","UNITED STATES TREAS NTS SER A-2030, 0.125%, 15-JAN-2030","2030-01-15-912828Z37"
"2026-10-06T1235","91282CGJ4","Bond",0.035,"2030-01-31",95.593,95.605,"semi-annually","UNITED STATES TREAS SER G-2030, 3.500%, 31-JAN-2030","2030-01-31-91282CGJ4"
"2026-10-06T1235","91282CMG3","Bond",0.0425,"2030-01-31",97.843,97.864,"semi-annually","UNITED STATES TREAS SER U-2030, 4.250%, 31-JAN-2030","2030-01-31-91282CMG3"
"2026-10-06T1235","912821DV4","STRIP","","2030-02-15",84.84,84.956,"","U S TREAS NT STRIPPED PRIN PMT, 0.000%, 15-FEB-2030","2030-02-15-912821DV4"
"2026-10-06T1235","912828Z94","Bond",0.015,"2030-02-15",89.423,89.44,"semi-annually","UNITED STATES TREAS NTS NOTE, 1.500%, 15-FEB-2030","2030-02-15-912828Z94"
"2026-10-06T1235","912833XX3","STRIP","","2030-02-15",84.57,84.674,"","U S TREAS SEC STRIPPED INT PMT, 0.000%, 15-FEB-2030","2030-02-15-912833XX3"
"2026-10-06T1235","91282CGQ8","Bond",0.04,"2030-02-28",97.035,97.047,"semi-annually","UNITED STATES TREAS SER H-2030, 4.000%, 28-FEB-2030","2030-02-28-91282CGQ8"
"2026-10-06T1235","91282CGS4","Bond",0.03625,"2030-03-31",95.75,95.753,"semi-annually","UNITED STATES TREAS SER J-2030, 3.625%, 31-MAR-2030","2030-03-31-91282CGS4"
"2026-10-06T1235","91282CMU2","Bond",0.04,"2030-03-31",96.933,96.95,"semi-annually","UNITED STATES TREAS SER W-2030, 4.000%, 31-MAR-2030","2030-03-31-91282CMU2"
"2026-10-06T1235","91282CNB3","TIPS",0.01625,"2030-04-15",96.643,96.676,"semi-annually","UNITED STATES TREAS NTS SER X-2030, 1.625%, 15-APR-2030","2030-04-15-91282CNB3"
"2026-10-06T1235","91282CGZ8","Bond",0.035,"2030-04-30",95.234,95.257,"semi-annually","UNITED STATES TREAS SER K-2030, 3.500%, 30-APR-2030","2030-04-30-91282CGZ8"
"2026-10-06T1235","91282CMZ1","Bond",0.03875,"2030-04-30",96.457,96.472,"semi-annually","UNITED STATES TREAS SER Y-2030, 3.875%, 30-APR-2030","2030-04-30-91282CMZ1"
"2026-10-06T1235","912803CH4","STRIP","","2030-05-15",83.751,83.855,"","UNITED STATES TREAS BD STRIPP ZERO CPN, 0.000%, 15-MAY-2030","2030-05-15-912803CH4"
"2026-10-06T1235","912810FM5","Bond",0.0625,"2030-05-15",104.161,104.405,"semi-annually","UNITED STATES TREAS BDS, 6.250%, 15-MAY-2030","2030-05-15-912810FM5"
"2026-10-06T1235","912821EK7","STRIP","","2030-05-15",83.536,84.507,"","U S TREAS NT STRIPPED PRIN PMT, 0.000%, 15-MAY-2030","2030-05-15-912821EK7"
"2026-10-06T1235","912828ZQ6","Bond",0.00625,"2030-05-15",85.789,85.817,"semi-annually","UNITED STATES TREAS SER C-2030, 0.625%, 15-MAY-2030","2030-05-15-912828ZQ6"
"2026-10-06T1235","912833XU9","STRIP","","2030-05-15",83.522,83.615,"","U S TREAS SEC STRIPPED INT PMT, 0.000%, 15-MAY-2030","2030-05-15-912833XU9"
"2026-10-06T1235","91282CHF1","Bond",0.0375,"2030-05-31",95.934,95.935,"semi-annually","UNITED STATES TREAS SER L-2030, 3.750%, 31-MAY-2030","2030-05-31-91282CHF1"
"2026-10-06T1235","91282CNG2","Bond",0.04,"2030-05-31",96.759,96.773,"semi-annually","UNITED STATES TREAS SER Z-2030, 4.000%, 31-MAY-2030","2030-05-31-91282CNG2"
"2026-10-06T1235","91282CHJ3","Bond",0.0375,"2030-06-30",95.824,95.84,"semi-annually","UNITED STATES TREAS SER M-2030, 3.750%, 30-JUN-2030","2030-06-30-91282CHJ3"
"2026-10-06T1235","91282CNK3","Bond",0.03875,"2030-06-30",96.257,96.271,"semi-annually","UNITED STATES TREAS SER AA-2030, 3.875%, 30-JUN-2030","2030-06-30-91282CNK3"
"2026-10-06T1235","912828ZZ6","TIPS",0.00125,"2030-07-15",91.55,91.581,"semi-annually","UNITED STATES TREAS NTS SER D-2030, 0.125%, 15-JUL-2030","2030-07-15-912828ZZ6"
"2026-10-06T1235","91282CHR5","Bond",0.04,"2030-07-31",96.582,96.597,"semi-annually","UNITED STATES TREAS SER N-2030, 4.000%, 31-JUL-2030","2030-07-31-91282CHR5"
"2026-10-06T1235","91282CNN7","Bond",0.03875,"2030-07-31",96.166,96.178,"semi-annually","UNITED STATES TREAS SER AB-2030, 3.875%, 31-JUL-2030","2030-07-31-91282CNN7"
"2026-10-06T1235","912821EZ4","STRIP","","2030-08-15",82.679,82.8,"","U S TREAS NT STRIPPED PRIN PMT, 0.000%, 15-AUG-2030","2030-08-15-912821EZ4"
"2026-10-06T1235","91282CAE1","Bond",0.00625,"2030-08-15",84.841,84.864,"semi-annually","UNITED STATES TREAS SER E-2030, 0.625%, 15-AUG-2030","2030-08-15-91282CAE1"
"2026-10-06T1235","912833XY1","STRIP","","2030-08-15",82.396,82.493,"","U S TREAS SEC STRIPPED INT PMT, 0.000%, 15-AUG-2030","2030-08-15-912833XY1"
"2026-10-06T1235","91282CHW4","Bond",0.04125,"2030-08-31",96.93,96.949,"semi-annually","UNITED STATES TREAS SER P-2030, 4.125%, 31-AUG-2030","2030-08-31-91282CHW4"
"2026-10-06T1235","91282CNX5","Bond",0.03625,"2030-08-31",95.179,95.199,"semi-annually","UNITED STATES TREAS SER AC-2030, 3.625%, 31-AUG-2030","2030-08-31-91282CNX5"
"2026-10-06T1235","91282CHZ7","Bond",0.04625,"2030-09-30",98.677,98.688,"semi-annually","UNITED STATES TREAS SER Q-2030, 4.625%, 30-SEP-2030","2030-09-30-91282CHZ7"
"2026-10-06T1235","91282CPA3","Bond",0.03625,"2030-09-30",95.091,95.11,"semi-annually","UNITED STATES TREAS SER AD-2030, 3.625%, 30-SEP-2030","2030-09-30-91282CPA3"
"2026-10-06T1235","91282CPH8","TIPS",0.01125,"2030-10-15",94.716,94.737,"semi-annually","UNITED STATES TREAS NTS SER AE-2030, 1.125%, 15-OCT-2030","2030-10-15-91282CPH8"
"2026-10-06T1235","91282CJG7","Bond",0.04875,"2030-10-31",99.542,99.559,"semi-annually","UNITED STATES TREAS SER R-2030, 4.875%, 31-OCT-2030","2030-10-31-91282CJG7"
"2026-10-06T1235","91282CPD7","Bond",0.03625,"2030-10-31",94.973,94.99,"semi-annually","UNITED STATES TREAS SER AF-2030, 3.625%, 31-OCT-2030","2030-10-31-91282CPD7"
"2026-10-06T1235","912821FP5","STRIP","","2030-11-15",81.621,81.763,"","U S TREAS NT STRIPPED PRIN PMT, 0.000%, 15-NOV-2030","2030-11-15-912821FP5"
"2026-10-06T1235","91282CAV3","Bond",0.00875,"2030-11-15",84.82,84.844,"semi-annually","UNITED STATES TREAS SER F-2030, 0.875%, 15-NOV-2030","2030-11-15-91282CAV3"
"2026-10-06T1235","9128337N4","STRIP","","2030-11-15",81.278,81.385,"","U S TREAS SEC STRIPPED INT PMT, 0.000%, 15-NOV-2030","2030-11-15-9128337N4"
"2026-10-06T1235","91282CJM4","Bond",0.04375,"2030-11-30",97.644,97.663,"semi-annually","UNITED STATES TREAS SER S-2030, 4.375%, 30-NOV-2030","2030-11-30-91282CJM4"
"2026-10-06T1235","91282CPN5","Bond",0.035,"2030-11-30",94.382,94.402,"semi-annually","UNITED STATES TREAS SER AG-2030, 3.500%, 30-NOV-2030","2030-11-30-91282CPN5"
"2026-10-06T1235","91282CJQ5","Bond",0.0375,"2030-12-31",95.221,95.235,"semi-annually","UNITED STATES TREAS SER T-2030, 3.750%, 31-DEC-2030","2030-12-31-91282CJQ5"
"2026-10-06T1235","91282CPR6","Bond",0.03625,"2030-12-31",94.761,94.774,"semi-annually","UNITED STATES TREAS SER AH-2030, 3.625%, 31-DEC-2030","2030-12-31-91282CPR6"
"2026-10-06T1235","91282CBF7","TIPS",0.00125,"2031-01-15",90.111,90.14,"semi-annually","UNITED STATES TREAS NTS SER A-2031, 0.125%, 15-JAN-2031","2031-01-15-91282CBF7"
"2026-10-06T1235","91282CJX0","Bond",0.04,"2031-01-31",96.093,96.105,"semi-annually","UNITED STATES TREAS SER G-2031, 4.000%, 31-JAN-2031","2031-01-31-91282CJX0"
"2026-10-06T1235","91282CPW5","Bond",0.0375,"2031-01-31",95.121,95.132,"semi-annually","UNITED STATES TREAS SER U-2031, 3.750%, 31-JAN-2031","2031-01-31-91282CPW5"
"2026-10-06T1235","912803CK7","STRIP","","2031-02-15",80.684,80.785,"","UNITED STATES TREAS BD STRIPP ZERO CPN, 0.000%, 15-FEB-2031","2031-02-15-912803CK7"
"2026-10-06T1235","912810FP8","Bond",0.05375,"2031-02-15",101.447,101.639,"semi-annually","UNITED STATES TREAS BDS, 5.375%, 15-FEB-2031","2031-02-15-912810FP8"
"2026-10-06T1235","912821GD1","STRIP","","2031-02-15",80.215,81.488,"","U S TREAS NT STRIPPED PRIN PMT, 0.000%, 15-FEB-2031","2031-02-15-912821GD1"
"2026-10-06T1235","91282CBL4","Bond",0.01125,"2031-02-15",85.027,85.044,"semi-annually","UNITED STATES TREAS SER B-2031, 1.125%, 15-FEB-2031","2031-02-15-91282CBL4"
"2026-10-06T1235","912833XZ8","STRIP","","2031-02-15",80.205,80.305,"","U S TREAS SEC STRIPPED INT PMT, 0.000%, 15-FEB-2031","2031-02-15-912833XZ8"
"2026-10-06T1235","91282CKC4","Bond",0.0425,"2031-02-28",97.006,97.022,"semi-annually","UNITED STATES TREAS SER H-2031, 4.250%, 28-FEB-2031","2031-02-28-91282CKC4"
"2026-10-06T1235","91282CQD6","Bond",0.035,"2031-02-28",94.087,94.099,"semi-annually","UNITED STATES TREAS SER V-2031, 3.500%, 28-FEB-2031","2031-02-28-91282CQD6"
"2026-10-06T1235","91282CKF7","Bond",0.04125,"2031-03-31",96.435,96.448,"semi-annually","UNITED STATES TREAS SER J-2031, 4.125%, 31-MAR-2031","2031-03-31-91282CKF7"
"2026-10-06T1235","91282CQG9","Bond",0.03875,"2031-03-31",95.434,95.446,"semi-annually","UNITED STATES TREAS SER W-2031, 3.875%, 31-MAR-2031","2031-03-31-91282CQG9"
"2026-10-06T1235","91282CQP9","TIPS",0.0125,"2031-04-15",94.102,94.134,"semi-annually","UNITED STATES TREAS NTS SER X-2031, 1.250%, 15-APR-2031","2031-04-15-91282CQP9"
"2026-10-06T1235","91282CKN0","Bond",0.04625,"2031-04-30",98.38,98.397,"semi-annually","UNITED STATES TREAS SER K-2031, 4.625%, 30-APR-2031","2031-04-30-91282CKN0"
"2026-10-06T1235","91282CQK0","Bond",0.03875,"2031-04-30",95.351,95.367,"semi-annually","UNITED STATES TREAS SER Y-2031, 3.875%, 30-APR-2031","2031-04-30-91282CQK0"
"2026-10-06T1235","912821MH5","STRIP","","2031-05-15",79.524,79.676,"","U S TREAS NT STRIPPED PRIN PMT, 0.000%, 15-MAY-2031","2031-05-15-912821MH5"
"2026-10-06T1235","91282CCB5","Bond",0.01625,"2031-05-15",86.157,86.168,"semi-annually","UNITED STATES TREAS SER C-2031, 1.625%, 15-MAY-2031","2031-05-15-91282CCB5"
"2026-10-06T1235","9128337P9","STRIP","","2031-05-15",79.192,79.289,"","U S TREAS SEC STRIPPED INT PMT, 0.000%, 15-MAY-2031","2031-05-15-9128337P9"
"2026-10-06T1235","91282CKU4","Bond",0.04625,"2031-05-31",98.324,98.33,"semi-annually","UNITED STATES TREAS SER L-2031, 4.625%, 31-MAY-2031","2031-05-31-91282CKU4"
"2026-10-06T1235","91282CQU8","Bond",0.04125,"2031-05-31",96.273,96.281,"semi-annually","UNITED STATES TREAS SER Z-2031, 4.125%, 31-MAY-2031","2031-05-31-91282CQU8"
"2026-10-06T1235","91282CKW0","Bond",0.0425,"2031-06-30",96.718,96.725,"semi-annually","UNITED STATES TREAS SER M-2031, 4.250%, 30-JUN-2031","2031-06-30-91282CKW0"
"2026-10-06T1235","91282CQX2","Bond",0.04125,"2031-06-30",96.212,96.223,"semi-annually","UNITED STATES TREAS SER AA-2031, 4.125%, 30-JUN-2031","2031-06-30-91282CQX2"
"2026-10-06T1235","91282CCM1","TIPS",0.00125,"2031-07-15",89.215,89.249,"semi-annually","UNITED STATES TREAS NTS SER D-2031, 0.125%, 15-JUL-2031","2031-07-15-91282CCM1"
"2026-10-06T1235","91282CLD1","Bond",0.04125,"2031-07-31",96.13,96.143,"semi-annually","UNITED STATES TREAS SER N-2031, 4.125%, 31-JUL-2031","2031-07-31-91282CLD1"
"2026-10-06T1235","91282CRA1","Bond",0.04375,"2031-07-31",97.193,97.204,"semi-annually","UNITED STATES TREAS SER AB-2031, 4.375%, 31-JUL-2031","2031-07-31-91282CRA1"
"2026-10-06T1235","912821MX0","STRIP","","2031-08-15",78.493,78.602,"","U S TREAS NT STRIPPED PRIN PMT, 0.000%, 15-AUG-2031","2031-08-15-912821MX0"
"2026-10-06T1235","91282CCS8","Bond",0.0125,"2031-08-15",83.82,83.824,"semi-annually","UNITED STATES TREAS SER E-2031, 1.250%, 15-AUG-2031","2031-08-15-91282CCS8"
"2026-10-06T1235","9128334S6","STRIP","","2031-08-15",78.148,78.266,"","U S TREAS SEC STRIPPED INT PMT, 0.000%, 15-AUG-2031","2031-08-15-9128334S6"
"2026-10-06T1235","91282CLJ8","Bond",0.0375,"2031-08-31",94.439,94.448,"semi-annually","UNITED STATES TREAS SER P-2031, 3.750%, 31-AUG-2031","2031-08-31-91282CLJ8"
"2026-10-06T1235","91282CRK9","Bond",0.04375,"2031-08-31",97.171,97.181,"semi-annually","UNITED STATES TREAS SER AC-2031, 4.375%, 31-AUG-2031","2031-08-31-91282CRK9"
"2026-10-06T1235","91282CLM1","Bond",0.03625,"2031-09-30",93.796,93.812,"semi-annually","UNITED STATES TREAS SER Q-2031, 3.625%, 30-SEP-2031","2031-09-30-91282CLM1"
"2026-10-06T1235","91282CRN3","Bond",0.05,"2031-09-30",99.859,99.866,"semi-annually","UNITED STATES TREAS SER AD-2031, 5.000%, 30-SEP-2031","2031-09-30-91282CRN3"
"2026-10-06T1235","91282CLU3","Bond",0.04125,"2031-10-31",95.894,95.906,"semi-annually","UNITED STATES TREAS SER R-2031, 4.125%, 31-OCT-2031","2031-10-31-91282CLU3"
"2026-10-06T1235","912821GU3","STRIP","","2031-11-15",77.418,77.514,"","U S TREAS NT STRIPPED PRIN PMT, 0.000%, 15-NOV-2031","2031-11-15-912821GU3"
"2026-10-06T1235","91282CDJ7","Bond",0.01375,"2031-11-15",83.558,83.575,"semi-annually","UNITED STATES TREAS SER F-2031, 1.375%, 15-NOV-2031","2031-11-15-91282CDJ7"
"2026-10-06T1235","9128337Q7","STRIP","","2031-11-15",77.095,77.167,"","U S TREAS SEC STRIPPED INT PMT, 0.000%, 15-NOV-2031","2031-11-15-9128337Q7"
"2026-10-06T1235","91282CLZ2","Bond",0.04125,"2031-11-30",95.814,95.825,"semi-annually","UNITED STATES TREAS SER S-2031, 4.125%, 30-NOV-2031","2031-11-30-91282CLZ2"
"2026-10-06T1235","91282CMC2","Bond",0.045,"2031-12-31",97.449,97.458,"semi-annually","UNITED STATES TREAS SER T-2031, 4.500%, 31-DEC-2031","2031-12-31-91282CMC2"
"2026-10-06T1235","91282CDX6","TIPS",0.00125,"2032-01-15",87.666,87.695,"semi-annually","UNITED STATES TREAS NTS SER A-2032, 0.125%, 15-JAN-2032","2032-01-15-91282CDX6"
"2026-10-06T1235","91282CMK4","Bond",0.04375,"2032-01-31",96.797,96.8,"semi-annually","UNITED STATES TREAS SER G-2032, 4.375%, 31-JAN-2032","2032-01-31-91282CMK4"
"2026-10-06T1235","912821HJ7","STRIP","","2032-02-15",76.359,76.486,"","U S TREAS NT STRIPPED PRIN PMT, 0.000%, 15-FEB-2032","2032-02-15-912821HJ7"
"2026-10-06T1235","91282CDY4","Bond",0.01875,"2032-02-15",85.105,85.122,"semi-annually","UNITED STATES TREAS SER B-2032, 1.875%, 15-FEB-2032","2032-02-15-91282CDY4"
"2026-10-06T1235","9128334T4","STRIP","","2032-02-15",76.024,76.148,"","U S TREAS SEC STRIPPED INT PMT, 0.000%, 15-FEB-2032","2032-02-15-9128334T4"
"2026-10-06T1235","91282CMR9","Bond",0.04125,"2032-02-29",95.566,95.584,"semi-annually","UNITED STATES TREAS SER H-2032, 4.125%, 29-FEB-2032","2032-02-29-91282CMR9"
"2026-10-06T1235","91282CMT5","Bond",0.04125,"2032-03-31",95.501,95.515,"semi-annually","UNITED STATES TREAS SER J-2032, 4.125%, 31-MAR-2032","2032-03-31-91282CMT5"
"2026-10-06T1235","912810FQ6","TIPS",0.03375,"2032-04-15",103.564,103.617,"semi-annually","UNITED STATES TREASURY, 3.375%, 15-APR-2032","2032-04-15-912810FQ6"
"2026-10-06T1235","91282CNA5","Bond",0.04,"2032-04-30",94.832,94.843,"semi-annually","UNITED STATES TREAS SER K-2032, 4.000%, 30-APR-2032","2032-04-30-91282CNA5"
"2026-10-06T1235","912821HY4","STRIP","","2032-05-15",75.374,75.465,"","U S TREAS NT STRIPPED PRIN PMT, 0.000%, 15-MAY-2032","2032-05-15-912821HY4"
"2026-10-06T1235","91282CEP2","Bond",0.02875,"2032-05-15",89.285,89.293,"semi-annually","UNITED STATES TREAS SER C-2032, 2.875%, 15-MAY-2032","2032-05-15-91282CEP2"
"2026-10-06T1235","9128337R5","STRIP","","2032-05-15",75.06,75.131,"","U S TREAS SEC STRIPPED INT PMT, 0.000%, 15-MAY-2032","2032-05-15-9128337R5"
"2026-10-06T1235","91282CNF4","Bond",0.04125,"2032-05-31",95.32,95.342,"semi-annually","UNITED STATES TREAS SER L-2032, 4.125%, 31-MAY-2032","2032-05-31-91282CNF4"
"2026-10-06T1235","91282CNJ6","Bond",0.04,"2032-06-30",94.642,94.662,"semi-annually","UNITED STATES TREAS SER M-2032, 4.000%, 30-JUN-2032","2032-06-30-91282CNJ6"
"2026-10-06T1235","91282CEZ0","TIPS",0.00625,"2032-07-15",89.42,89.446,"semi-annually","UNITED STATES TREAS NTS SER D-2032, 0.625%, 15-JUL-2032","2032-07-15-91282CEZ0"
"2026-10-06T1235","91282CNR8","Bond",0.04,"2032-07-31",94.525,94.541,"semi-annually","UNITED STATES TREAS SER N-2032, 4.000%, 31-JUL-2032","2032-07-31-91282CNR8"
"2026-10-06T1235","912821JN6","STRIP","","2032-08-15",74.338,74.477,"","U S TREAS NT STRIPPED PRIN PMT, 0.000%, 15-AUG-2032","2032-08-15-912821JN6"
"2026-10-06T1235","91282CFF3","Bond",0.0275,"2032-08-15",88.195,88.215,"semi-annually","UNITED STATES TREAS SER E-2032, 2.750%, 15-AUG-2032","2032-08-15-91282CFF3"
"2026-10-06T1235","9128334U1","STRIP","","2032-08-15",74.021,74.103,"","U S TREAS SEC STRIPPED INT PMT, 0.000%, 15-AUG-2032","2032-08-15-9128334U1"
"2026-10-06T1235","91282CNW7","Bond",0.03875,"2032-08-31",93.822,93.84,"semi-annually","UNITED STATES TREAS SER P-2032, 3.875%, 31-AUG-2032","2032-08-31-91282CNW7"
"2026-10-06T1235","91282CNZ0","Bond",0.03875,"2032-09-30",93.726,93.74,"semi-annually","UNITED STATES TREAS SER Q-2032, 3.875%, 30-SEP-2032","2032-09-30-91282CNZ0"
"2026-10-06T1235","91282CPF2","Bond",0.0375,"2032-10-31",92.978,92.991,"semi-annually","UNITED STATES TREAS SER R-2032, 3.750%, 31-OCT-2032","2032-10-31-91282CPF2"
"2026-10-06T1235","912821KC8","STRIP","","2032-11-15",73.419,73.526,"","U S TREAS NT STRIPPED PRIN PMT, 0.000%, 15-NOV-2032","2032-11-15-912821KC8"
"2026-10-06T1235","91282CFV8","Bond",0.04125,"2032-11-15",94.867,94.883,"semi-annually","UNITED STATES TREAS SER F-2032, 4.125%, 15-NOV-2032","2032-11-15-91282CFV8"
"2026-10-06T1235","9128337S3","STRIP","","2032-11-15",73.018,73.098,"","U S TREAS SEC STRIPPED INT PMT, 0.000%, 15-NOV-2032","2032-11-15-9128337S3"
"2026-10-06T1235","91282CPM7","Bond",0.0375,"2032-11-30",92.875,92.892,"semi-annually","UNITED STATES TREAS SER S-2032, 3.750%, 30-NOV-2032","2032-11-30-91282CPM7"
"2026-10-06T1235","91282CPQ8","Bond",0.03875,"2032-12-31",93.414,93.43,"semi-annually","UNITED STATES TREAS SER T-2032, 3.875%, 31-DEC-2032","2032-12-31-91282CPQ8"
"2026-10-06T1235","91282CGK1","TIPS",0.01125,"2033-01-15",90.912,90.939,"semi-annually","UNITED STATES TREAS NTS SER A-2033, 1.125%, 15-JAN-2033","2033-01-15-91282CGK1"
"2026-10-06T1235","91282CPY1","Bond",0.04,"2033-01-31",93.98,93.998,"semi-annually","UNITED STATES TREAS SER G-2033, 4.000%, 31-JAN-2033","2033-01-31-91282CPY1"
"2026-10-06T1235","912821KS3","STRIP","","2033-02-15",72.395,72.507,"","U S TREAS NT STRIPPED PRIN PMT, 0.000%, 15-FEB-2033","2033-02-15-912821KS3"
"2026-10-06T1235","91282CGM7","Bond",0.035,"2033-02-15",91.234,91.251,"semi-annually","UNITED STATES TREAS SER B-2033, 3.500%, 15-FEB-2033","2033-02-15-91282CGM7"
"2026-10-06T1235","9128334V9","STRIP","","2033-02-15",71.969,72.095,"","U S TREAS SEC STRIPPED INT PMT, 0.000%, 15-FEB-2033","2033-02-15-9128334V9"
"2026-10-06T1235","91282CQC8","Bond",0.0375,"2033-02-28",92.574,92.596,"semi-annually","UNITED STATES TREAS SER H-2033, 3.750%, 28-FEB-2033","2033-02-28-91282CQC8"
"2026-10-06T1235","91282CQF1","Bond",0.0425,"2033-03-31",95.191,95.205,"semi-annually","UNITED STATES TREAS SER J-2033, 4.250%, 31-MAR-2033","2033-03-31-91282CQF1"
"2026-10-06T1235","91282CQN4","Bond",0.04125,"2033-04-30",94.416,94.43,"semi-annually","UNITED STATES TREAS SER K-2033, 4.125%, 30-APR-2033","2033-04-30-91282CQN4"
"2026-10-06T1235","912821LG8","STRIP","","2033-05-15",71.474,71.556,"","U S TREAS NT STRIPPED PRIN PMT, 0.000%, 15-MAY-2033","2033-05-15-912821LG8"
"2026-10-06T1235","91282CHC8","Bond",0.03375,"2033-05-15",90.196,90.21,"semi-annually","UNITED STATES TREAS SER C-2033, 3.375%, 15-MAY-2033","2033-05-15-91282CHC8"
"2026-10-06T1235","9128337T1","STRIP","","2033-05-15",71.058,71.143,"","U S TREAS SEC STRIPPED INT PMT, 0.000%, 15-MAY-2033","2033-05-15-9128337T1"
"2026-10-06T1235","91282CQT1","Bond",0.0425,"2033-05-31",95.039,95.057,"semi-annually","UNITED STATES TREAS SER L-2033, 4.250%, 31-MAY-2033","2033-05-31-91282CQT1"
"2026-10-06T1235","91282CQW4","Bond",0.0425,"2033-06-30",94.96,94.976,"semi-annually","UNITED STATES TREAS SER M-2033, 4.250%, 30-JUN-2033","2033-06-30-91282CQW4"
"2026-10-06T1235","91282CHP9","TIPS",0.01375,"2033-07-15",91.886,91.925,"semi-annually","UNITED STATES TREAS NTS SER D-2033, 1.375%, 15-JUL-2033","2033-07-15-91282CHP9"
"2026-10-06T1235","91282CRC7","Bond",0.04375,"2033-07-31",95.585,95.601,"semi-annually","UNITED STATES TREAS SER N-2033, 4.375%, 31-JUL-2033","2033-07-31-91282CRC7"
"2026-10-06T1235","912821LW3","STRIP","","2033-08-15",70.502,70.599,"","U S TREAS NT STRIPPED PRIN PMT, 0.000%, 15-AUG-2033","2033-08-15-912821LW3"
"2026-10-06T1235","91282CHT1","Bond",0.03875,"2033-08-15",92.685,92.704,"semi-annually","UNITED STATES TREAS SER E-2033, 3.875%, 15-AUG-2033","2033-08-15-91282CHT1"
"2026-10-06T1235","9128334W7","STRIP","","2033-08-15",70.009,70.121,"","U S TREAS SEC STRIPPED INT PMT, 0.000%, 15-AUG-2033","2033-08-15-9128334W7"
"2026-10-06T1235","91282CRJ2","Bond",0.045,"2033-08-31",96.274,96.287,"semi-annually","UNITED STATES TREAS SER P-2033, 4.500%, 31-AUG-2033","2033-08-31-91282CRJ2"
"2026-10-06T1235","91282CRM5","Bond",0.05,"2033-09-30",99.132,99.137,"semi-annually","UNITED STATES TREAS SER Q-2033, 5.000%, 30-SEP-2033","2033-09-30-91282CRM5"
"2026-10-06T1235","912821NP6","STRIP","","2033-11-15",69.531,69.641,"","U S TREAS NT STRIPPED PRIN PMT, 0.000%, 15-NOV-2033","2033-11-15-912821NP6"
"2026-10-06T1235","91282CJJ1","Bond",0.045,"2033-11-15",96.085,96.104,"semi-annually","UNITED STATES TREAS SER F-2033, 4.500%, 15-NOV-2033","2033-11-15-91282CJJ1"
"2026-10-06T1235","9128337U8","STRIP","","2033-11-15",69.089,69.199,"","U S TREAS SEC STRIPPED INT PMT, 0.000%, 15-NOV-2033","2033-11-15-9128337U8"
"2026-10-06T1235","91282CJY8","TIPS",0.0175,"2034-01-15",93.276,93.303,"semi-annually","UNITED STATES TREAS NTS SER A-2034, 1.750%, 15-JAN-2034","2034-01-15-91282CJY8"
"2026-10-06T1235","912821PD1","STRIP","","2034-02-15",68.531,68.632,"","U S TREAS NT STRIPPED PRIN PMT, 0.000%, 15-FEB-2034","2034-02-15-912821PD1"
"2026-10-06T1235","91282CJZ5","Bond",0.04,"2034-02-15",92.833,92.848,"semi-annually","UNITED STATES TREAS SER B-2034, 4.000%, 15-FEB-2034","2034-02-15-91282CJZ5"
"2026-10-06T1235","9128334X5","STRIP","","2034-02-15",68.097,68.205,"","U S TREAS SEC STRIPPED INT PMT, 0.000%, 15-FEB-2034","2034-02-15-9128334X5"
"2026-10-06T1235","912821PT6","STRIP","","2034-05-15",67.639,67.77,"","U S TREAS NT STRIPPED PRIN PMT, 0.000%, 15-MAY-2034","2034-05-15-912821PT6"
"2026-10-06T1235","91282CKQ3","Bond",0.04375,"2034-05-15",94.921,94.938,"semi-annually","UNITED STATES TREAS SER C-2034, 4.375%, 15-MAY-2034","2034-05-15-91282CKQ3"
"2026-10-06T1235","9128337V6","STRIP","","2034-05-15",67.161,67.254,"","U S TREAS SEC STRIPPED INT PMT, 0.000%, 15-MAY-2034","2034-05-15-9128337V6"
"2026-10-06T1235","91282CLE9","TIPS",0.01875,"2034-07-15",93.806,93.83,"semi-annually","UNITED STATES TREAS NTS SER D-2034, 1.875%, 15-JUL-2034","2034-07-15-91282CLE9"
"2026-10-06T1235","912821QH1","STRIP","","2034-08-15",66.713,66.806,"","U S TREAS NT STRIPPED PRIN PMT, 0.000%, 15-AUG-2034","2034-08-15-912821QH1"
"2026-10-06T1235","91282CLF6","Bond",0.03875,"2034-08-15",91.492,91.512,"semi-annually","UNITED STATES TREAS SER E-2034, 3.875%, 15-AUG-2034","2034-08-15-91282CLF6"
"2026-10-06T1235","9128334Y3","STRIP","","2034-08-15",66.2,66.314,"","U S TREAS SEC STRIPPED INT PMT, 0.000%, 15-AUG-2034","2034-08-15-9128334Y3"
"2026-10-06T1235","912821QX6","STRIP","","2034-11-15",65.77,65.923,"","U S TREAS NT STRIPPED PRIN PMT, 0.000%, 15-NOV-2034","2034-11-15-912821QX6"
"2026-10-06T1235","91282CLW9","Bond",0.0425,"2034-11-15",93.68,93.688,"semi-annually","UNITED STATES TREAS SER F-2034, 4.250%, 15-NOV-2034","2034-11-15-91282CLW9"
"2026-10-06T1235","9128337W4","STRIP","","2034-11-15",65.24,65.389,"","U S TREAS SEC STRIPPED INT PMT, 0.000%, 15-NOV-2034","2034-11-15-9128337W4"
"2026-10-06T1235","91282CML2","TIPS",0.02125,"2035-01-15",94.735,94.77,"semi-annually","UNITED STATES TREAS NTS SER A-2035, 2.125%, 15-JAN-2035","2035-01-15-91282CML2"
"2026-10-06T1235","912821RM9","STRIP","","2035-02-15",64.816,64.929,"","U S TREAS NT STRIPPED PRIN PMT, 0.000%, 15-FEB-2035","2035-02-15-912821RM9"
"2026-10-06T1235","91282CMM0","Bond",0.04625,"2035-02-15",95.929,95.95,"semi-annually","UNITED STATES TREAS SER B-2035, 4.625%, 15-FEB-2035","2035-02-15-91282CMM0"
"2026-10-06T1235","9128334Z0","STRIP","","2035-02-15",64.291,64.425,"","U S TREAS SEC STRIPPED INT PMT, 0.000%, 15-FEB-2035","2035-02-15-9128334Z0"
"2026-10-06T1235","912821SB2","STRIP","","2035-05-15",63.921,64.042,"","U S TREAS NT STRIPPED PRIN PMT, 0.000%, 15-MAY-2035","2035-05-15-912821SB2"
"2026-10-06T1235","91282CNC1","Bond",0.0425,"2035-05-15",93.203,93.221,"semi-annually","UNITED STATES TREAS SER C-2035, 4.250%, 15-MAY-2035","2035-05-15-91282CNC1"
"2026-10-06T1235","912833X88","STRIP","","2035-05-15",63.466,63.564,"","U S TREAS SEC STRIPPED INT PMT, 0.000%, 15-MAY-2035","2035-05-15-912833X88"
"2026-10-06T1235","91282CNS6","TIPS",0.01875,"2035-07-15",92.518,92.543,"semi-annually","UNITED STATES TREAS NTS SER D-2035, 1.875%, 15-JUL-2035","2035-07-15-91282CNS6"
"2026-10-06T1235","912821SR7","STRIP","","2035-08-15",63.038,63.167,"","U S TREAS NT STRIPPED PRIN PMT, 0.000%, 15-AUG-2035","2035-08-15-912821SR7"
"2026-10-06T1235","91282CNT4","Bond",0.0425,"2035-08-15",92.974,92.988,"semi-annually","UNITED STATES TREAS SER E-2035, 4.250%, 15-AUG-2035","2035-08-15-91282CNT4"
"2026-10-06T1235","9128335A4","STRIP","","2035-08-15",62.477,62.612,"","U S TREAS SEC STRIPPED INT PMT, 0.000%, 15-AUG-2035","2035-08-15-9128335A4"
"2026-10-06T1235","912821TF2","STRIP","","2035-11-15",62.139,62.309,"","U S TREAS NT STRIPPED PRIN PMT, 0.000%, 15-NOV-2035","2035-11-15-912821TF2"
"2026-10-06T1235","91282CPJ4","Bond",0.04,"2035-11-15",90.953,90.967,"semi-annually","UNITED STATES TREAS SER F-2035, 4.000%, 15-NOV-2035","2035-11-15-91282CPJ4"
"2026-10-06T1235","912833X96","STRIP","","2035-11-15",61.609,61.71,"","U S TREAS SEC STRIPPED INT PMT, 0.000%, 15-NOV-2035","2035-11-15-912833X96"
"2026-10-06T1235","91282CPU9","TIPS",0.01875,"2036-01-15",91.628,91.654,"semi-annually","UNITED STATES TREAS NTS SER A-2036, 1.875%, 15-JAN-2036","2036-01-15-91282CPU9"
"2026-10-06T1235","912803CX9","STRIP","","2036-02-15",62.279,62.396,"","UNITED STATES TREAS BD STRIPP ZERO CPN, 0.000%, 15-FEB-2036","2036-02-15-912803CX9"
"2026-10-06T1235","912810FT0","Bond",0.045,"2036-02-15",95.3,95.379,"semi-annually","UNITED STATES TREAS SER BONDS OF FEBRUARY 2036, 4.500%, 15-FEB-2036","2036-02-15-912810FT0"
"2026-10-06T1235","91282CPZ8","Bond",0.04125,"2036-02-15",91.644,91.656,"semi-annually","UNITED STATES TREAS SER B-2036, 4.125%, 15-FEB-2036","2036-02-15-91282CPZ8"
"2026-10-06T1235","9128335B2","STRIP","","2036-02-15",60.776,60.937,"","U S TREAS SEC STRIPPED INT PMT, 0.000%, 15-FEB-2036","2036-02-15-9128335B2"
"2026-10-06T1235","912821UK9","STRIP","","2036-05-15",60.562,60.649,"","U S TREAS NT STRIPPED PRIN PMT, 0.000%, 15-MAY-2036","2036-05-15-912821UK9"
"2026-10-06T1235","91282CQQ7","Bond",0.04375,"2036-05-15",93.297,93.309,"semi-annually","UNITED STATES TREAS SER C-2036, 4.375%, 15-MAY-2036","2036-05-15-91282CQQ7"
"2026-10-06T1235","912833Y20","STRIP","","2036-05-15",59.938,60.076,"","U S TREAS SEC STRIPPED INT PMT, 0.000%, 15-MAY-2036","2036-05-15-912833Y20"
"2026-10-06T1235","91282CRE3","TIPS",0.02375,"2036-07-15",95.504,95.526,"semi-annually","UNITED STATES TREAS NTS SER D-2036, 2.375%, 15-JUL-2036","2036-07-15-91282CRE3"
"2026-10-06T1235","91282CRF0","Bond",0.04625,"2036-08-15",95.054,95.06,"semi-annually","UNITED STATES TREAS NTS, 4.625%, 15-AUG-2036","2036-08-15-91282CRF0"
"2026-10-06T1235","9128337E4","STRIP","","2036-08-15",59.043,59.187,"","U S TREAS SEC STRIPPED INT PMT, 0.000%, 15-AUG-2036","2036-08-15-9128337E4"
"2026-10-06T1235","912833Y38","STRIP","","2036-11-15",58.21,58.368,"","U S TREAS SEC STRIPPED INT PMT, 0.000%, 15-NOV-2036","2036-11-15-912833Y38"
"2026-10-06T1235","912803CZ4","STRIP","","2037-02-15",58.764,58.877,"","UNITED STATES TREAS BD STRIPP ZERO CPN, 0.000%, 15-FEB-2037","2037-02-15-912803CZ4"
"2026-10-06T1235","912810PT9","Bond",0.0475,"2037-02-15",96.332,96.441,"semi-annually","UNITED STATES TREAS BDS, 4.750%, 15-FEB-2037","2037-02-15-912810PT9"
"2026-10-06T1235","9128337F1","STRIP","","2037-02-15",57.32,57.451,"","U S TREAS SEC STRIPPED INT PMT, 0.000%, 15-FEB-2037","2037-02-15-9128337F1"
"2026-10-06T1235","912803DA8","STRIP","","2037-05-15",57.984,58.087,"","UNITED STATES TREAS BD STRIPP ZERO CPN, 0.000%, 15-MAY-2037","2037-05-15-912803DA8"
"2026-10-06T1235","912810PU6","Bond",0.05,"2037-05-15",98.284,98.387,"semi-annually","UNITED STATES TREAS BDS, 5.000%, 15-MAY-2037","2037-05-15-912810PU6"
"2026-10-06T1235","912833Y46","STRIP","","2037-05-15",56.519,56.665,"","U S TREAS SEC STRIPPED INT PMT, 0.000%, 15-MAY-2037","2037-05-15-912833Y46"
"2026-10-06T1235","912833Z52","STRIP","","2037-08-15",55.698,55.822,"","U S TREAS SEC STRIPPED INT PMT, 0.000%, 15-AUG-2037","2037-08-15-912833Z52"
"2026-10-06T1235","912834AD0","STRIP","","2037-11-15",54.819,54.952,"","U S TREAS SEC STRIPPED INT PMT, 0.000%, 15-NOV-2037","2037-11-15-912834AD0"
"2026-10-06T1235","912803DC4","STRIP","","2038-02-15",55.629,55.743,"","UNITED STATES TREAS BD STRIPP ZERO CPN, 0.000%, 15-FEB-2038","2038-02-15-912803DC4"
"2026-10-06T1235","912810PW2","Bond",0.04375,"2038-02-15",92.65,92.756,"semi-annually","UNITED STATES TREAS BDS, 4.375%, 15-FEB-2038","2038-02-15-912810PW2"
"2026-10-06T1235","912833Z60","STRIP","","2038-02-15",54.024,54.163,"","U S TREAS SEC STRIPPED INT PMT, 0.000%, 15-FEB-2038","2038-02-15-912833Z60"
"2026-10-06T1235","912803DD2","STRIP","","2038-05-15",54.658,54.764,"","UNITED STATES TREAS BD STRIPP ZERO CPN, 0.000%, 15-MAY-2038","2038-05-15-912803DD2"
"2026-10-06T1235","912810PX0","Bond",0.045,"2038-05-15",93.345,93.434,"semi-annually","UNITED STATES TREAS BDS, 4.500%, 15-MAY-2038","2038-05-15-912810PX0"
"2026-10-06T1235","912834AE8","STRIP","","2038-05-15",53.144,53.288,"","U S TREAS SEC STRIPPED INT PMT, 0.000%, 15-MAY-2038","2038-05-15-912834AE8"
"2026-10-06T1235","912834AT5","STRIP","","2038-08-15",52.352,52.49,"","U S TREAS SEC STRIPPED INT PMT, 0.000%, 15-AUG-2038","2038-08-15-912834AT5"
"2026-10-06T1235","912834DU9","STRIP","","2038-11-15",51.52,51.654,"","U S TREAS SEC STRIPPED INT PMT, 0.000%, 15-NOV-2038","2038-11-15-912834DU9"
"2026-10-06T1235","912803DF7","STRIP","","2039-02-15",52.201,52.32,"","UNITED STATES TREAS BD STRIPP ZERO CPN, 0.000%, 15-FEB-2039","2039-02-15-912803DF7"
"2026-10-06T1235","912810QA9","Bond",0.035,"2039-02-15",83.621,83.711,"semi-annually","UNITED STATES TREAS BDS, 3.500%, 15-FEB-2039","2039-02-15-912810QA9"
"2026-10-06T1235","912834AU2","STRIP","","2039-02-15",50.677,50.815,"","U S TREAS SEC STRIPPED INT PMT, 0.000%, 15-FEB-2039","2039-02-15-912834AU2"
"2026-10-06T1235","912803DG5","STRIP","","2039-05-15",51.105,51.228,"","UNITED STATES TREAS BD STRIPP ZERO CPN, 0.000%, 15-MAY-2039","2039-05-15-912803DG5"
"2026-10-06T1235","912810QB7","Bond",0.0425,"2039-05-15",89.81,89.871,"semi-annually","UNITED STATES TREAS BDS, 4.250%, 15-MAY-2039","2039-05-15-912810QB7"
"2026-10-06T1235","912834DV7","STRIP","","2039-05-15",49.931,50.104,"","U S TREAS SEC STRIPPED INT PMT, 0.000%, 15-MAY-2039","2039-05-15-912834DV7"
"2026-10-06T1235","912803DH3","STRIP","","2039-08-15",50.178,50.301,"","UNITED STATES TREAS BD STRIPP ZERO CPN, 0.000%, 15-AUG-2039","2039-08-15-912803DH3"
"2026-10-06T1235","912810QC5","Bond",0.045,"2039-08-15",91.698,91.77,"semi-annually","UNITED STATES TREAS BDS, 4.500%, 15-AUG-2039","2039-08-15-912810QC5"
"2026-10-06T1235","912834EP9","STRIP","","2039-08-15",49.179,49.297,"","U S TREAS SEC STRIPPED INT PMT, 0.000%, 15-AUG-2039","2039-08-15-912834EP9"
"2026-10-06T1235","912803DJ9","STRIP","","2039-11-15",49.361,49.462,"","UNITED STATES TREAS BD STRIPP ZERO CPN, 0.000%, 15-NOV-2039","2039-11-15-912803DJ9"
"2026-10-06T1235","912810QD3","Bond",0.04375,"2039-11-15",90.228,90.309,"semi-annually","UNITED STATES TREAS BDS, 4.375%, 15-NOV-2039","2039-11-15-912810QD3"
"2026-10-06T1235","912834EV6","STRIP","","2039-11-15",48.4,48.549,"","U S TREAS SEC STRIPPED INT PMT, 0.000%, 15-NOV-2039","2039-11-15-912834EV6"
"2026-10-06T1235","912803DK6","STRIP","","2040-02-15",48.603,48.688,"","UNITED STATES TREAS BD STRIPP ZERO CPN, 0.000%, 15-FEB-2040","2040-02-15-912803DK6"
"2026-10-06T1235","912810QE1","Bond",0.04625,"2040-02-15",92.356,92.43,"semi-annually","UNITED STATES TREAS BDS, 4.625%, 15-FEB-2040","2040-02-15-912810QE1"
"2026-10-06T1235","912810QF8","TIPS",0.02125,"2040-02-15",89.113,89.253,"semi-annually","UNITED STATES TREAS BDS, 2.125%, 15-FEB-2040","2040-02-15-912810QF8"
"2026-10-06T1235","912834FB9","STRIP","","2040-02-15",47.616,47.755,"","U S TREAS SEC STRIPPED INT PMT, 0.000%, 15-FEB-2040","2040-02-15-912834FB9"
"2026-10-06T1235","912803DM2","STRIP","","2040-05-15",47.834,47.929,"","UNITED STATES TREAS BD STRIPP ZERO CPN, 0.000%, 15-MAY-2040","2040-05-15-912803DM2"
"2026-10-06T1235","912810QH4","Bond",0.04375,"2040-05-15",89.748,89.814,"semi-annually","UNITED STATES TREAS BDS, 4.375%, 15-MAY-2040","2040-05-15-912810QH4"
"2026-10-06T1235","912810SR0","Bond",0.01125,"2040-05-15",58.446,58.538,"semi-annually","UNITED STATES TREAS SER BONDS OF MAY 2040, 1.125%, 15-MAY-2040","2040-05-15-912810SR0"
"2026-10-06T1235","912834HV3","STRIP","","2040-05-15",46.858,46.999,"","U S TREAS SEC STRIPPED INT PMT, 0.000%, 15-MAY-2040","2040-05-15-912834HV3"
"2026-10-06T1235","912803DN0","STRIP","","2040-08-15",47.057,47.171,"","UNITED STATES TREAS BD STRIPP ZERO CPN, 0.000%, 15-AUG-2040","2040-08-15-912803DN0"
"2026-10-06T1235","912810QK7","Bond",0.03875,"2040-08-15",84.656,84.701,"semi-annually","UNITED STATES TREAS BDS, 3.875%, 15-AUG-2040","2040-08-15-912810QK7"
"2026-10-06T1235","912810SQ2","Bond",0.01125,"2040-08-15",57.792,57.864,"semi-annually","UNITED STATES TREAS SER BONDS OF AUGUST 2040, 1.125%, 15-AUG-2040","2040-08-15-912810SQ2"
"2026-10-06T1235","912834JB5","STRIP","","2040-08-15",46.139,46.258,"","U S TREAS SEC STRIPPED INT PMT, 0.000%, 15-AUG-2040","2040-08-15-912834JB5"
"2026-10-06T1235","912803DP5","STRIP","","2040-11-15",46.316,46.408,"","UNITED STATES TREAS BD STRIPP ZERO CPN, 0.000%, 15-NOV-2040","2040-11-15-912803DP5"
"2026-10-06T1235","912810QL5","Bond",0.0425,"2040-11-15",87.984,88.05,"semi-annually","UNITED STATES TREAS BDS, 4.250%, 15-NOV-2040","2040-11-15-912810QL5"
"2026-10-06T1235","912810ST6","Bond",0.01375,"2040-11-15",59.587,59.664,"semi-annually","UNITED STATES TREAS SER BONDS OF NOVEMBER 2040, 1.375%, 15-NOV-2040","2040-11-15-912810ST6"
"2026-10-06T1235","912834JH2","STRIP","","2040-11-15",45.337,45.481,"","U S TREAS SEC STRIPPED INT PMT, 0.000%, 15-NOV-2040","2040-11-15-912834JH2"
"2026-10-06T1235","912803DQ3","STRIP","","2041-02-15",45.495,45.596,"","UNITED STATES TREAS BD STRIPP ZERO CPN, 0.000%, 15-FEB-2041","2041-02-15-912803DQ3"
"2026-10-06T1235","912803FW8","STRIP","","2041-02-15",45.088,45.683,"","UNITED STATES TREAS BD STRIPP ZERO CPN, 0.000%, 15-FEB-2041","2041-02-15-912803FW8"
"2026-10-06T1235","912810QN1","Bond",0.0475,"2041-02-15",92.609,92.667,"semi-annually","UNITED STATES TREAS BDS, 4.750%, 15-FEB-2041","2041-02-15-912810QN1"
"2026-10-06T1235","912810QP6","TIPS",0.02125,"2041-02-15",87.864,87.987,"semi-annually","UNITED STATES TREAS BDS, 2.125%, 15-FEB-2041","2041-02-15-912810QP6"
"2026-10-06T1235","912810SW9","Bond",0.01875,"2041-02-15",63.944,64.012,"semi-annually","UNITED STATES TREAS SER BONDS OF FEBRUARY 2041, 1.875%, 15-FEB-2041","2041-02-15-912810SW9"
"2026-10-06T1235","912834JP4","STRIP","","2041-02-15",44.506,44.653,"","U S TREAS SEC STRIPPED INT PMT, 0.000%, 15-FEB-2041","2041-02-15-912834JP4"
"2026-10-06T1235","912803DS9","STRIP","","2041-05-15",44.757,44.862,"","UNITED STATES TREAS BD STRIPP ZERO CPN, 0.000%, 15-MAY-2041","2041-05-15-912803DS9"
"2026-10-06T1235","912810QQ4","Bond",0.04375,"2041-05-15",88.616,88.69,"semi-annually","UNITED STATES TREAS BDS, 4.375%, 15-MAY-2041","2041-05-15-912810QQ4"
"2026-10-06T1235","912810SY5","Bond",0.0225,"2041-05-15",67.136,67.21,"semi-annually","UNITED STATES TREAS SER BONDS OF MAY 2041, 2.250%, 15-MAY-2041","2041-05-15-912810SY5"
"2026-10-06T1235","912834KH0","STRIP","","2041-05-15",43.804,43.948,"","U S TREAS SEC STRIPPED INT PMT, 0.000%, 15-MAY-2041","2041-05-15-912834KH0"
"2026-10-06T1235","912803DT7","STRIP","","2041-08-15",44.028,44.145,"","UNITED STATES TREAS BD STRIPP ZERO CPN, 0.000%, 15-AUG-2041","2041-08-15-912803DT7"
"2026-10-06T1235","912810QS0","Bond",0.0375,"2041-08-15",82.027,82.098,"semi-annually","UNITED STATES TREAS BDS, 3.750%, 15-AUG-2041","2041-08-15-912810QS0"
"2026-10-06T1235","912810TA6","Bond",0.0175,"2041-08-15",61.597,61.676,"semi-annually","UNITED STATES TREAS SER BONDS OF AUGUST 2041, 1.750%, 15-AUG-2041","2041-08-15-912810TA6"
"2026-10-06T1235","912834KP2","STRIP","","2041-08-15",43.063,43.217,"","U S TREAS SEC STRIPPED INT PMT, 0.000%, 15-AUG-2041","2041-08-15-912834KP2"
"2026-10-06T1235","912803DU4","STRIP","","2041-11-15",43.234,43.34,"","UNITED STATES TREAS BD STRIPP ZERO CPN, 0.000%, 15-NOV-2041","2041-11-15-912803DU4"
"2026-10-06T1235","912810QT8","Bond",0.03125,"2041-11-15",75.211,75.252,"semi-annually","UNITED STATES TREAS BDS, 3.125%, 15-NOV-2041","2041-11-15-912810QT8"
"2026-10-06T1235","912810TC2","Bond",0.02,"2041-11-15",63.605,63.676,"semi-annually","UNITED STATES TREAS SER BONDS OF NOVEMBER 2041, 2.000%, 15-NOV-2041","2041-11-15-912810TC2"
"2026-10-06T1235","912834KV9","STRIP","","2041-11-15",42.346,42.482,"","U S TREAS SEC STRIPPED INT PMT, 0.000%, 15-NOV-2041","2041-11-15-912834KV9"
"2026-10-06T1235","912803DV2","STRIP","","2042-02-15",42.408,42.503,"","UNITED STATES TREAS BD STRIPP ZERO CPN, 0.000%, 15-FEB-2042","2042-02-15-912803DV2"
"2026-10-06T1235","912810QU5","Bond",0.03125,"2042-02-15",74.726,74.78,"semi-annually","UNITED STATES TREAS BDS, 3.125%, 15-FEB-2042","2042-02-15-912810QU5"
"2026-10-06T1235","912810QV3","TIPS",0.0075,"2042-02-15",69.904,70.023,"semi-annually","UNITED STATES TREAS BDS, 0.750%, 15-FEB-2042","2042-02-15-912810QV3"
"2026-10-06T1235","912810TF5","Bond",0.02375,"2042-02-15",66.98,67.036,"semi-annually","UNITED STATES TREAS SER BONDS OF FEBRUARY 2042, 2.375%, 15-FEB-2042","2042-02-15-912810TF5"
"2026-10-06T1235","912834LB2","STRIP","","2042-02-15",41.598,41.723,"","U S TREAS SEC STRIPPED INT PMT, 0.000%, 15-FEB-2042","2042-02-15-912834LB2"
"2026-10-06T1235","912803DX8","STRIP","","2042-05-15",41.751,41.83,"","UNITED STATES TREAS BD STRIPP ZERO CPN, 0.000%, 15-MAY-2042","2042-05-15-912803DX8"
"2026-10-06T1235","912803GJ6","STRIP","","2042-05-15",41.391,42.585,"","UNITED STATES TREAS BD STRIPP ZERO CPN, 0.000%, 15-MAY-2042","2042-05-15-912803GJ6"
"2026-10-06T1235","912810QW1","Bond",0.03,"2042-05-15",73.094,73.152,"semi-annually","UNITED STATES TREAS BDS, 3.000%, 15-MAY-2042","2042-05-15-912810QW1"
"2026-10-06T1235","912810TH1","Bond",0.0325,"2042-05-15",75.678,75.731,"semi-annually","UNITED STATES TREAS SER BONDS OF MAY 2042, 3.250%, 15-MAY-2042","2042-05-15-912810TH1"
"2026-10-06T1235","912834LK2","STRIP","","2042-05-15",40.872,41.033,"","U S TREAS SEC STRIPPED INT PMT, 0.000%, 15-MAY-2042","2042-05-15-912834LK2"
"2026-10-06T1235","912803DY6","STRIP","","2042-08-15",41.069,41.17,"","UNITED STATES TREAS BD STRIPP ZERO CPN, 0.000%, 15-AUG-2042","2042-08-15-912803DY6"
"2026-10-06T1235","912810QX9","Bond",0.0275,"2042-08-15",70.031,70.088,"semi-annually","UNITED STATES TREAS BDS, 2.750%, 15-AUG-2042","2042-08-15-912810QX9"
"2026-10-06T1235","912810TK4","Bond",0.03375,"2042-08-15",76.66,76.715,"semi-annually","UNITED STATES TREAS SER BONDS OF AUGUST 2042, 3.375%, 15-AUG-2042","2042-08-15-912810TK4"
"2026-10-06T1235","912834LR7","STRIP","","2042-08-15",40.241,40.386,"","U S TREAS SEC STRIPPED INT PMT, 0.000%, 15-AUG-2042","2042-08-15-912834LR7"
"2026-10-06T1235","912803DZ3","STRIP","","2042-11-15",40.371,40.458,"","UNITED STATES TREAS BD STRIPP ZERO CPN, 0.000%, 15-NOV-2042","2042-11-15-912803DZ3"
"2026-10-06T1235","912810QY7","Bond",0.0275,"2042-11-15",69.613,69.667,"semi-annually","UNITED STATES TREAS BDS, 2.750%, 15-NOV-2042","2042-11-15-912810QY7"
"2026-10-06T1235","912810TM0","Bond",0.04,"2042-11-15",82.933,82.985,"semi-annually","UNITED STATES TREAS SER BONDS OF NOVEMBER 2042, 4.000%, 15-NOV-2042","2042-11-15-912810TM0"
"2026-10-06T1235","912834LX4","STRIP","","2042-11-15",39.502,39.651,"","U S TREAS SEC STRIPPED INT PMT, 0.000%, 15-NOV-2042","2042-11-15-912834LX4"
"2026-10-06T1235","912803EA7","STRIP","","2043-02-15",39.67,39.761,"","UNITED STATES TREAS BD STRIPP ZERO CPN, 0.000%, 15-FEB-2043","2043-02-15-912803EA7"
"2026-10-06T1235","912810QZ4","Bond",0.03125,"2043-02-15",73.214,73.244,"semi-annually","UNITED STATES TREAS BDS, 3.125%, 15-FEB-2043","2043-02-15-912810QZ4"
"2026-10-06T1235","912810RA8","TIPS",0.00625,"2043-02-15",66.553,66.665,"semi-annually","UNITED STATES TREAS BDS, 0.625%, 15-FEB-2043","2043-02-15-912810RA8"
"2026-10-06T1235","912810TQ1","Bond",0.03875,"2043-02-15",81.312,81.36,"semi-annually","UNITED STATES TREAS SER BONDS OF FEBRUARY 2043, 3.875%, 15-FEB-2043","2043-02-15-912810TQ1"
"2026-10-06T1235","912834MD7","STRIP","","2043-02-15",38.896,39.044,"","U S TREAS SEC STRIPPED INT PMT, 0.000%, 15-FEB-2043","2043-02-15-912834MD7"
"2026-10-06T1235","912803EC3","STRIP","","2043-05-15",39.028,39.134,"","UNITED STATES TREAS BD STRIPP ZERO CPN, 0.000%, 15-MAY-2043","2043-05-15-912803EC3"
"2026-10-06T1235","912810RB6","Bond",0.02875,"2043-05-15",70.21,70.246,"semi-annually","UNITED STATES TREAS BDS, 2.875%, 15-MAY-2043","2043-05-15-912810RB6"
"2026-10-06T1235","912810TS7","Bond",0.03875,"2043-05-15",81.039,81.086,"semi-annually","UNITED STATES TREAS SER BONDS OF MAY 2043, 3.875%, 15-MAY-2043","2043-05-15-912810TS7"
"2026-10-06T1235","912834MM7","STRIP","","2043-05-15",38.237,38.399,"","U S TREAS SEC STRIPPED INT PMT, 0.000%, 15-MAY-2043","2043-05-15-912834MM7"
"2026-10-06T1235","912803ED1","STRIP","","2043-08-15",38.399,38.502,"","UNITED STATES TREAS BD STRIPP ZERO CPN, 0.000%, 15-AUG-2043","2043-08-15-912803ED1"
"2026-10-06T1235","912810RC4","Bond",0.03625,"2043-08-15",78.015,78.069,"semi-annually","UNITED STATES TREAS BDS, 3.625%, 15-AUG-2043","2043-08-15-912810RC4"
"2026-10-06T1235","912810TU2","Bond",0.04375,"2043-08-15",86.245,86.286,"semi-annually","UNITED STATES TREAS SER BONDS OF AUGUST 2043, 4.375%, 15-AUG-2043","2043-08-15-912810TU2"
"2026-10-06T1235","912834MT2","STRIP","","2043-08-15",37.583,37.732,"","U S TREAS SEC STRIPPED INT PMT, 0.000%, 15-AUG-2043","2043-08-15-912834MT2"
"2026-10-06T1235","912803EE9","STRIP","","2043-11-15",37.783,37.874,"","UNITED STATES TREAS BD STRIPP ZERO CPN, 0.000%, 15-NOV-2043","2043-11-15-912803EE9"
"2026-10-06T1235","912810RD2","Bond",0.0375,"2043-11-15",79.101,79.154,"semi-annually","UNITED STATES TREAS BDS, 3.750%, 15-NOV-2043","2043-11-15-912810RD2"
"2026-10-06T1235","912810TW8","Bond",0.0475,"2043-11-15",90.203,90.227,"semi-annually","UNITED STATES TREAS SER BONDS OF NOVEMBER 2043, 4.750%, 15-NOV-2043","2043-11-15-912810TW8"
"2026-10-06T1235","912834MZ8","STRIP","","2043-11-15",36.99,37.161,"","U S TREAS SEC STRIPPED INT PMT, 0.000%, 15-NOV-2043","2043-11-15-912834MZ8"
"2026-10-06T1235","912803EF6","STRIP","","2044-02-15",37.174,37.277,"","UNITED STATES TREAS BD STRIPP ZERO CPN, 0.000%, 15-FEB-2044","2044-02-15-912803EF6"
"2026-10-06T1235","912810RE0","Bond",0.03625,"2044-02-15",77.436,77.464,"semi-annually","UNITED STATES TREAS SER BONDS OF FEB 2044, 3.625%, 15-FEB-2044","2044-02-15-912810RE0"
"2026-10-06T1235","912810RF7","TIPS",0.01375,"2044-02-15",74.57,74.679,"semi-annually","UNITED STATES TREAS BDS, 1.375%, 15-FEB-2044","2044-02-15-912810RF7"
"2026-10-06T1235","912810TZ1","Bond",0.045,"2044-02-15",87.208,87.254,"semi-annually","UNITED STATES TREAS SER BONDS OF FEBRUARY 2044, 4.500%, 15-FEB-2044","2044-02-15-912810TZ1"
"2026-10-06T1235","912834NF1","STRIP","","2044-02-15",36.361,36.52,"","U S TREAS SEC STRIPPED INT PMT, 0.000%, 15-FEB-2044","2044-02-15-912834NF1"
"2026-10-06T1235","912803EH2","STRIP","","2044-05-15",36.63,36.745,"","UNITED STATES TREAS BD STRIPP ZERO CPN, 0.000%, 15-MAY-2044","2044-05-15-912803EH2"
"2026-10-06T1235","912810RG5","Bond",0.03375,"2044-05-15",74.455,74.484,"semi-annually","UNITED STATES TREAS BDS, 3.375%, 15-MAY-2044","2044-05-15-912810RG5"
"2026-10-06T1235","912810UB2","Bond",0.04625,"2044-05-15",88.46,88.5,"semi-annually","UNITED STATES TREAS SER BONDS OF MAY 2044, 4.625%, 15-MAY-2044","2044-05-15-912810UB2"
"2026-10-06T1235","912834NP9","STRIP","","2044-05-15",35.815,35.97,"","U S TREAS SEC STRIPPED INT PMT, 0.000%, 15-MAY-2044","2044-05-15-912834NP9"
"2026-10-06T1235","912803EJ8","STRIP","","2044-08-15",36.04,36.145,"","UNITED STATES TREAS BD STRIPP ZERO CPN, 0.000%, 15-AUG-2044","2044-08-15-912803EJ8"
"2026-10-06T1235","912810RH3","Bond",0.03125,"2044-08-15",71.341,71.382,"semi-annually","UNITED STATES TREAS BDS, 3.125%, 15-AUG-2044","2044-08-15-912810RH3"
"2026-10-06T1235","912810UD8","Bond",0.04125,"2044-08-15",82.605,82.653,"semi-annually","UNITED STATES TREAS SER BONDS OF AUGUST 2044, 4.125%, 15-AUG-2044","2044-08-15-912810UD8"
"2026-10-06T1235","912834NV6","STRIP","","2044-08-15",35.273,35.445,"","U S TREAS SEC STRIPPED INT PMT, 0.000%, 15-AUG-2044","2044-08-15-912834NV6"
"2026-10-06T1235","912803EK5","STRIP","","2044-11-15",35.507,35.627,"","UNITED STATES TREAS BD STRIPP ZERO CPN, 0.000%, 15-NOV-2044","2044-11-15-912803EK5"
"2026-10-06T1235","912810RJ9","Bond",0.03,"2044-11-15",69.642,69.672,"semi-annually","UNITED STATES TREAS BDS, 3.000%, 15-NOV-2044","2044-11-15-912810RJ9"
"2026-10-06T1235","912810UF3","Bond",0.04625,"2044-11-15",88.095,88.127,"semi-annually","UNITED STATES TREAS SER BONDS OF NOVEMBER 2044, 4.625%, 15-NOV-2044","2044-11-15-912810UF3"
"2026-10-06T1235","912834PB8","STRIP","","2044-11-15",34.788,34.938,"","U S TREAS SEC STRIPPED INT PMT, 0.000%, 15-NOV-2044","2044-11-15-912834PB8"
"2026-10-06T1235","912803EL3","STRIP","","2045-02-15",35,35.098,"","UNITED STATES TREAS BD STRIPP ZERO CPN, 0.000%, 15-FEB-2045","2045-02-15-912803EL3"
"2026-10-06T1235","912810RK6","Bond",0.025,"2045-02-15",63.635,63.667,"semi-annually","UNITED STATES TREAS BDS, 2.500%, 15-FEB-2045","2045-02-15-912810RK6"
"2026-10-06T1235","912810RL4","TIPS",0.0075,"2045-02-15",64.561,64.672,"semi-annually","UNITED STATES TREAS BDS, 0.750%, 15-FEB-2045","2045-02-15-912810RL4"
"2026-10-06T1235","912810UJ5","Bond",0.0475,"2045-02-15",89.398,89.417,"semi-annually","UNITED STATES TREAS SER BONDS OF FEBRUARY 2045, 4.750%, 15-FEB-2045","2045-02-15-912810UJ5"
"2026-10-06T1235","912834PH5","STRIP","","2045-02-15",34.193,34.359,"","U S TREAS SEC STRIPPED INT PMT, 0.000%, 15-FEB-2045","2045-02-15-912834PH5"
"2026-10-06T1235","912803EN9","STRIP","","2045-05-15",34.499,34.59,"","UNITED STATES TREAS BD STRIPP ZERO CPN, 0.000%, 15-MAY-2045","2045-05-15-912803EN9"
"2026-10-06T1235","912810RM2","Bond",0.03,"2045-05-15",69.142,69.174,"semi-annually","UNITED STATES TREAS BDS, 3.000%, 15-MAY-2045","2045-05-15-912810RM2"
"2026-10-06T1235","912810UL0","Bond",0.05,"2045-05-15",92.199,92.213,"semi-annually","UNITED STATES TREAS SER BONDS OF MAY 2045, 5.000%, 15-MAY-2045","2045-05-15-912810UL0"
"2026-10-06T1235","912834KB3","STRIP","","2045-05-15",33.713,33.859,"","U S TREAS SEC STRIPPED INT PMT, 0.000%, 15-MAY-2045","2045-05-15-912834KB3"
"2026-10-06T1235","912803EP4","STRIP","","2045-08-15",33.995,34.067,"","UNITED STATES TREAS BD STRIPP ZERO CPN, 0.000%, 15-AUG-2045","2045-08-15-912803EP4"
"2026-10-06T1235","912810RN0","Bond",0.02875,"2045-08-15",67.417,67.445,"semi-annually","UNITED STATES TREAS BDS, 2.875%, 15-AUG-2045","2045-08-15-912810RN0"
"2026-10-06T1235","912810UN6","Bond",0.04875,"2045-08-15",90.616,90.639,"semi-annually","UNITED STATES TREAS SER BONDS OF AUGUST 2045, 4.875%, 15-AUG-2045","2045-08-15-912810UN6"
"2026-10-06T1235","912834PM4","STRIP","","2045-08-15",33.157,33.324,"","U S TREAS SEC STRIPPED INT PMT, 0.000%, 15-AUG-2045","2045-08-15-912834PM4"
"2026-10-06T1235","912803EQ2","STRIP","","2045-11-15",33.514,33.597,"","UNITED STATES TREAS BD STRIPP ZERO CPN, 0.000%, 15-NOV-2045","2045-11-15-912803EQ2"
"2026-10-06T1235","912803HR7","STRIP","","2045-11-15",33.469,33.568,"","UNITED STATES TREAS BD STRIPP ZERO CPN, 0.000%, 15-NOV-2045","2045-11-15-912803HR7"
"2026-10-06T1235","912810RP5","Bond",0.03,"2045-11-15",68.625,68.655,"semi-annually","UNITED STATES TREAS SER BONDS OF NOVEMBER 2045, 3.000%, 15-NOV-2045","2045-11-15-912810RP5"
"2026-10-06T1235","912810UQ9","Bond",0.04625,"2045-11-15",87.62,87.637,"semi-annually","UNITED STATES TREAS SER BONDS OF NOVEMBER 20, 4.625%, 15-NOV-2045","2045-11-15-912810UQ9"
"2026-10-06T1235","912834PT9","STRIP","","2045-11-15",32.738,32.869,"","U S TREAS SEC STRIPPED INT PMT, 0.000%, 15-NOV-2045","2045-11-15-912834PT9"
"2026-10-06T1235","912803ER0","STRIP","","2046-02-15",33.057,33.14,"","UNITED STATES TREAS BD STRIPP ZERO CPN, 0.000%, 15-FEB-2046","2046-02-15-912803ER0"
"2026-10-06T1235","912810RQ3","Bond",0.025,"2046-02-15",62.511,62.55,"semi-annually","UNITED STATES TREAS SER BONDS OF FEBRUARY 2046, 2.500%, 15-FEB-2046","2046-02-15-912810RQ3"
"2026-10-06T1235","912810RR1","TIPS",0.01,"2046-02-15",66.64,66.742,"semi-annually","UNITED STATES TREAS BDS, 1.000%, 15-FEB-2046","2046-02-15-912810RR1"
"2026-10-06T1235","912810UT3","Bond",0.04625,"2046-02-15",87.519,87.538,"semi-annually","UNITED STATES TREAS SER BONDS OF FEBRUAR, 4.625%, 15-FEB-2046","2046-02-15-912810UT3"
"2026-10-06T1235","912834PZ5","STRIP","","2046-02-15",32.342,32.413,"","U S TREAS SEC STRIPPED INT PMT, 0.000%, 15-FEB-2046","2046-02-15-912834PZ5"
"2026-10-06T1235","912803ET6","STRIP","","2046-05-15",32.58,32.664,"","UNITED STATES TREAS BD STRIPP ZERO CPN, 0.000%, 15-MAY-2046","2046-05-15-912803ET6"
"2026-10-06T1235","912810RS9","Bond",0.025,"2046-05-15",62.236,62.274,"semi-annually","UNITED STATES TREAS SER BONDS OF MAY 2046, 2.500%, 15-MAY-2046","2046-05-15-912810RS9"
"2026-10-06T1235","912810UV8","Bond",0.05,"2046-05-15",91.89,91.901,"semi-annually","UNITED STATES TREAS SER BONDS, 5.000%, 15-MAY-2046","2046-05-15-912810UV8"
"2026-10-06T1235","912834QH4","STRIP","","2046-05-15",31.827,31.963,"","U S TREAS SEC STRIPPED INT PMT, 0.000%, 15-MAY-2046","2046-05-15-912834QH4"
"2026-10-06T1235","912803EU3","STRIP","","2046-08-15",32.149,32.226,"","UNITED STATES TREAS BD STRIPP ZERO CPN, 0.000%, 15-AUG-2046","2046-08-15-912803EU3"
"2026-10-06T1235","912810RT7","Bond",0.0225,"2046-08-15",59.005,59.034,"semi-annually","UNITED STATES TREAS BOND, 2.250%, 15-AUG-2046","2046-08-15-912810RT7"
"2026-10-06T1235","912810UX4","Bond",0.05125,"2046-08-15",93.386,93.405,"semi-annually","UNITED STATES TREAS SER BONDS, 5.125%, 15-AUG-2046","2046-08-15-912810UX4"
"2026-10-06T1235","912834QP6","STRIP","","2046-08-15",31.408,31.525,"","U S TREAS SEC STRIPPED INT PMT, 0.000%, 15-AUG-2046","2046-08-15-912834QP6"
"2026-10-06T1235","912803EV1","STRIP","","2046-11-15",31.675,31.752,"","UNITED STATES TREAS BD STRIPP ZERO CPN, 0.000%, 15-NOV-2046","2046-11-15-912803EV1"
"2026-10-06T1235","912810RU4","Bond",0.02875,"2046-11-15",66.227,66.254,"semi-annually","UNITED STATES TREAS SER BONDS OF NOVEMBER 2046, 2.875%, 15-NOV-2046","2046-11-15-912810RU4"
"2026-10-06T1235","912834QV3","STRIP","","2046-11-15",30.973,31.113,"","U S TREAS SEC STRIPPED INT PMT, 0.000%, 15-NOV-2046","2046-11-15-912834QV3"
"2026-10-06T1235","912803EW9","STRIP","","2047-02-15",31.192,31.271,"","UNITED STATES TREAS BD STRIPP ZERO CPN, 0.000%, 15-FEB-2047","2047-02-15-912803EW9"
"2026-10-06T1235","912810RV2","Bond",0.03,"2047-02-15",67.467,67.499,"semi-annually","UNITED STATES TREAS SER BONDS OF FEBRUARY 2047, 3.000%, 15-FEB-2047","2047-02-15-912810RV2"
"2026-10-06T1235","912810RW0","TIPS",0.00875,"2047-02-15",63.429,63.531,"semi-annually","UNITED STATES TREAS BDS TIPS, 0.875%, 15-FEB-2047","2047-02-15-912810RW0"
"2026-10-06T1235","912834RB6","STRIP","","2047-02-15",30.503,30.646,"","U S TREAS SEC STRIPPED INT PMT, 0.000%, 15-FEB-2047","2047-02-15-912834RB6"
"2026-10-06T1235","912803EY5","STRIP","","2047-05-15",30.732,30.828,"","UNITED STATES TREAS BD STRIPP ZERO CPN, 0.000%, 15-MAY-2047","2047-05-15-912803EY5"
"2026-10-06T1235","912810RX8","Bond",0.03,"2047-05-15",67.251,67.284,"semi-annually","UNITED STATES TREAS SER BONDS OF MAY 2047, 3.000%, 15-MAY-2047","2047-05-15-912810RX8"
"2026-10-06T1235","912834RK6","STRIP","","2047-05-15",30.155,30.261,"","U S TREAS SEC STRIPPED INT PMT, 0.000%, 15-MAY-2047","2047-05-15-912834RK6"
"2026-10-06T1235","912803EZ2","STRIP","","2047-08-15",30.324,30.391,"","UNITED STATES TREAS BD STRIPP ZERO CPN, 0.000%, 15-AUG-2047","2047-08-15-912803EZ2"
"2026-10-06T1235","912810RY6","Bond",0.0275,"2047-08-15",63.984,64.02,"semi-annually","UNITED STATES TREAS SER BONDS OF AUGUST 2047, 2.750%, 15-AUG-2047","2047-08-15-912810RY6"
"2026-10-06T1235","912834RR1","STRIP","","2047-08-15",29.763,29.865,"","U S TREAS SEC STRIPPED INT PMT, 0.000%, 15-AUG-2047","2047-08-15-912834RR1"
"2026-10-06T1235","912803FA6","STRIP","","2047-11-15",29.869,29.963,"","UNITED STATES TREAS BD STRIPP ZERO CPN, 0.000%, 15-NOV-2047","2047-11-15-912803FA6"
"2026-10-06T1235","912810RZ3","Bond",0.0275,"2047-11-15",63.758,63.801,"semi-annually","UNITED STATES TREAS SER BONDS OF NOVEMBER 2047, 2.750%, 15-NOV-2047","2047-11-15-912810RZ3"
"2026-10-06T1235","912834SZ2","STRIP","","2047-11-15",29.285,29.445,"","U S TREAS SEC STRIPPED INT PMT, 0.000%, 15-NOV-2047","2047-11-15-912834SZ2"
"2026-10-06T1235","912803FB4","STRIP","","2048-02-15",29.463,29.541,"","UNITED STATES TREAS BD STRIPP ZERO CPN, 0.000%, 15-FEB-2048","2048-02-15-912803FB4"
"2026-10-06T1235","912810SA7","Bond",0.03,"2048-02-15",66.619,66.672,"semi-annually","UNITED STATES TREAS SER BONDS OF FEBRUARY 2048, 3.000%, 15-FEB-2048","2048-02-15-912810SA7"
"2026-10-06T1235","912810SB5","TIPS",0.01,"2048-02-15",63.977,64.077,"semi-annually","UNITED STATES TREAS BONDS, 1.000%, 15-FEB-2048","2048-02-15-912810SB5"
"2026-10-06T1235","912834TF5","STRIP","","2048-02-15",28.911,29.013,"","U S TREAS SEC STRIPPED INT PMT, 0.000%, 15-FEB-2048","2048-02-15-912834TF5"
"2026-10-06T1235","912803FD0","STRIP","","2048-05-15",29.023,29.123,"","UNITED STATES TREAS BD STRIPP ZERO CPN, 0.000%, 15-MAY-2048","2048-05-15-912803FD0"
"2026-10-06T1235","912810SC3","Bond",0.03125,"2048-05-15",67.968,68.012,"semi-annually","UNITED STATES TREAS SER BONDS OF MAY 2048, 3.125%, 15-MAY-2048","2048-05-15-912810SC3"
"2026-10-06T1235","912834TP3","STRIP","","2048-05-15",28.357,28.544,"","U S TREAS SEC STRIPPED INT PMT, 0.000%, 15-MAY-2048","2048-05-15-912834TP3"
"2026-10-06T1235","912803FE8","STRIP","","2048-08-15",28.618,28.711,"","UNITED STATES TREAS BD STRIPP ZERO CPN, 0.000%, 15-AUG-2048","2048-08-15-912803FE8"
"2026-10-06T1235","912810SD1","Bond",0.03,"2048-08-15",66.203,66.235,"semi-annually","UNITED STATES TREAS SER BONDS OF AUGUST 2048, 3.000%, 15-AUG-2048","2048-08-15-912810SD1"
"2026-10-06T1235","912834TV0","STRIP","","2048-08-15",28.044,28.204,"","U S TREAS SEC STRIPPED INT PMT, 0.000%, 15-AUG-2048","2048-08-15-912834TV0"
"2026-10-06T1235","912803FF5","STRIP","","2048-11-15",28.201,28.299,"","UNITED STATES TREAS BD STRIPP ZERO CPN, 0.000%, 15-NOV-2048","2048-11-15-912803FF5"
"2026-10-06T1235","912810SE9","Bond",0.03375,"2048-11-15",70.73,70.774,"semi-annually","UNITED STATES TREAS SER BONDS OF NOVEMBER 2048, 3.375%, 15-NOV-2048","2048-11-15-912810SE9"
"2026-10-06T1235","912834UB2","STRIP","","2048-11-15",27.646,27.794,"","U S TREAS SEC STRIPPED INT PMT, 0.000%, 15-NOV-2048","2048-11-15-912834UB2"
"2026-10-06T1235","912803FG3","STRIP","","2049-02-15",27.803,27.902,"","UNITED STATES TREAS BD STRIPP ZERO CPN, 0.000%, 15-FEB-2049","2049-02-15-912803FG3"
"2026-10-06T1235","912810SF6","Bond",0.03,"2049-02-15",65.8,65.848,"semi-annually","UNITED STATES TREAS SER BONDS OF FEBRUARY 2049, 3.000%, 15-FEB-2049","2049-02-15-912810SF6"
"2026-10-06T1235","912810SG4","TIPS",0.01,"2049-02-15",62.907,63.006,"semi-annually","UNITED STATES TREAS BDS, 1.000%, 15-FEB-2049","2049-02-15-912810SG4"
"2026-10-06T1235","912834UH9","STRIP","","2049-02-15",27.284,27.408,"","U S TREAS SEC STRIPPED INT PMT, 0.000%, 15-FEB-2049","2049-02-15-912834UH9"
"2026-10-06T1235","912803FJ7","STRIP","","2049-05-15",27.439,27.53,"","UNITED STATES TREAS BD STRIPP ZERO CPN, 0.000%, 15-MAY-2049","2049-05-15-912803FJ7"
"2026-10-06T1235","912810SH2","Bond",0.02875,"2049-05-15",64.052,64.094,"semi-annually","UNITED STATES TREAS SER BONDS OF MAY 2049, 2.875%, 15-MAY-2049","2049-05-15-912810SH2"
"2026-10-06T1235","912834UR7","STRIP","","2049-05-15",26.891,27.075,"","U S TREAS SEC STRIPPED INT PMT, 0.000%, 15-MAY-2049","2049-05-15-912834UR7"
"2026-10-06T1235","912803FK4","STRIP","","2049-08-15",27.066,27.164,"","UNITED STATES TREAS BD STRIPP ZERO CPN, 0.000%, 15-AUG-2049","2049-08-15-912803FK4"
"2026-10-06T1235","912810SJ8","Bond",0.0225,"2049-08-15",55.864,55.907,"semi-annually","UNITED STATES TREAS SER BONDS OF AUGUST 2049, 2.250%, 15-AUG-2049","2049-08-15-912810SJ8"
"2026-10-06T1235","912834UY2","STRIP","","2049-08-15",26.487,26.663,"","U S TREAS SEC STRIPPED INT PMT, 0.000%, 15-AUG-2049","2049-08-15-912834UY2"
"2026-10-06T1235","912803FL2","STRIP","","2049-11-15",26.691,26.775,"","UNITED STATES TREAS BD STRIPP ZERO CPN, 0.000%, 15-NOV-2049","2049-11-15-912803FL2"
"2026-10-06T1235","912810SK5","Bond",0.02375,"2049-11-15",57.239,57.295,"semi-annually","UNITED STATES TREAS SER BONDS OF NOVEMBER 2049, 2.375%, 15-NOV-2049","2049-11-15-912810SK5"
"2026-10-06T1235","912834VE5","STRIP","","2049-11-15",26.145,26.315,"","U S TREAS SEC STRIPPED INT PMT, 0.000%, 15-NOV-2049","2049-11-15-912834VE5"
"2026-10-06T1235","912803FM0","STRIP","","2050-02-15",26.348,26.421,"","UNITED STATES TREAS BD STRIPP ZERO CPN, 0.000%, 15-FEB-2050","2050-02-15-912803FM0"
"2026-10-06T1235","912810SL3","Bond",0.02,"2050-02-15",52.212,52.253,"semi-annually","UNITED STATES TREAS SER BONDS OF FEBRUARY 2050, 2.000%, 15-FEB-2050","2050-02-15-912810SL3"
"2026-10-06T1235","912810SM1","TIPS",0.0025,"2050-02-15",49.663,49.765,"semi-annually","UNITED STATES TREAS BDS, 0.250%, 15-FEB-2050","2050-02-15-912810SM1"
"2026-10-06T1235","912834VM7","STRIP","","2050-02-15",25.87,26.02,"","U S TREAS SEC STRIPPED INT PMT, 0.000%, 15-FEB-2050","2050-02-15-912834VM7"
"2026-10-06T1235","912803FP3","STRIP","","2050-05-15",26.32,26.413,"","UNITED STATES TREAS BD STRIPP ZERO CPN, 0.000%, 15-MAY-2050","2050-05-15-912803FP3"
"2026-10-06T1235","912810SN9","Bond",0.0125,"2050-05-15",42.55,42.598,"semi-annually","UNITED STATES TREAS SER BONDS OF MAY 2050, 1.250%, 15-MAY-2050","2050-05-15-912810SN9"
"2026-10-06T1235","912834VV7","STRIP","","2050-05-15",25.521,25.656,"","U S TREAS SEC STRIPPED INT PMT, 0.000%, 15-MAY-2050","2050-05-15-912834VV7"
"2026-10-06T1235","912803FR9","STRIP","","2050-08-15",25.823,25.923,"","UNITED STATES TREAS BD STRIPP ZERO CPN, 0.000%, 15-AUG-2050","2050-08-15-912803FR9"
"2026-10-06T1235","912810SP4","Bond",0.01375,"2050-08-15",43.767,43.799,"semi-annually","UNITED STATES TREAS SER BONDS OF AUGUST 2050, 1.375%, 15-AUG-2050","2050-08-15-912810SP4"
"2026-10-06T1235","912834WC8","STRIP","","2050-08-15",25.149,25.296,"","U S TREAS SEC STRIPPED INT PMT, 0.000%, 15-AUG-2050","2050-08-15-912834WC8"
"2026-10-06T1235","912803FT5","STRIP","","2050-11-15",25.309,25.407,"","UNITED STATES TREAS BD STRIPP ZERO CPN, 0.000%, 15-NOV-2050","2050-11-15-912803FT5"
"2026-10-06T1235","912810SS8","Bond",0.01625,"2050-11-15",46.628,46.672,"semi-annually","UNITED STATES TREAS SER BONDS OF NOVEMBER 2050, 1.625%, 15-NOV-2050","2050-11-15-912810SS8"
"2026-10-06T1235","912834WJ3","STRIP","","2050-11-15",24.782,24.937,"","U S TREAS SEC STRIPPED INT PMT, 0.000%, 15-NOV-2050","2050-11-15-912834WJ3"
"2026-10-06T1235","912803FV0","STRIP","","2051-02-15",24.925,25.027,"","UNITED STATES TREAS BD STRIPP ZERO CPN, 0.000%, 15-FEB-2051","2051-02-15-912803FV0"
"2026-10-06T1235","912810SU3","Bond",0.01875,"2051-02-15",49.621,49.668,"semi-annually","UNITED STATES TREAS SER BONDS OF FEBRUARY 2051, 1.875%, 15-FEB-2051","2051-02-15-912810SU3"
"2026-10-06T1235","912810SV1","TIPS",0.00125,"2051-02-15",46.304,46.406,"semi-annually","UNITED STATES TREAS BDS, 0.125%, 15-FEB-2051","2051-02-15-912810SV1"
"2026-10-06T1235","912834WR5","STRIP","","2051-02-15",24.464,24.609,"","U S TREAS SEC STRIPPED INT PMT, 0.000%, 15-FEB-2051","2051-02-15-912834WR5"
"2026-10-06T1235","912803FY4","STRIP","","2051-05-15",24.574,24.643,"","UNITED STATES TREAS BD STRIPP ZERO CPN, 0.000%, 15-MAY-2051","2051-05-15-912803FY4"
"2026-10-06T1235","912810SX7","Bond",0.02375,"2051-05-15",56.021,56.065,"semi-annually","UNITED STATES TREAS SER BONDS OF MAY 2051, 2.375%, 15-MAY-2051","2051-05-15-912810SX7"
"2026-10-06T1235","912834WZ7","STRIP","","2051-05-15",24.143,24.269,"","U S TREAS SEC STRIPPED INT PMT, 0.000%, 15-MAY-2051","2051-05-15-912834WZ7"
"2026-10-06T1235","912803GA5","STRIP","","2051-08-15",24.25,24.342,"","UNITED STATES TREAS BD STRIPP ZERO CPN, 0.000%, 15-AUG-2051","2051-08-15-912803GA5"
"2026-10-06T1235","912810SZ2","Bond",0.02,"2051-08-15",50.837,50.87,"semi-annually","UNITED STATES TREAS SER BONDS OF AUGUST 2051, 2.000%, 15-AUG-2051","2051-08-15-912810SZ2"
"2026-10-06T1235","912834XG8","STRIP","","2051-08-15",23.851,23.952,"","U S TREAS SEC STRIPPED INT PMT, 0.000%, 15-AUG-2051","2051-08-15-912834XG8"
"2026-10-06T1235","912803GC1","STRIP","","2051-11-15",23.941,24.028,"","UNITED STATES TREAS BD STRIPP ZERO CPN, 0.000%, 15-NOV-2051","2051-11-15-912803GC1"
"2026-10-06T1235","912810TB4","Bond",0.01875,"2051-11-15",48.987,49.002,"semi-annually","UNITED STATES TREAS SER BONDS OF NOVEMBER 2051, 1.875%, 15-NOV-2051","2051-11-15-912810TB4"
"2026-10-06T1235","912834A65","STRIP","","2051-11-15",23.507,23.633,"","U S TREAS SEC STRIPPED INT PMT, 0.000%, 15-NOV-2051","2051-11-15-912834A65"
"2026-10-06T1235","912803GE7","STRIP","","2052-02-15",23.603,23.675,"","UNITED STATES TREAS BD STRIPP ZERO CPN, 0.000%, 15-FEB-2052","2052-02-15-912803GE7"
"2026-10-06T1235","912810TD0","Bond",0.0225,"2052-02-15",53.798,53.818,"semi-annually","UNITED STATES TREAS SER BONDS OF FEBRUARY 2052, 2.250%, 15-FEB-2052","2052-02-15-912810TD0"
"2026-10-06T1235","912810TE8","TIPS",0.00125,"2052-02-15",44.913,45.018,"semi-annually","UNITED STATES TREAS BDS, 0.125%, 15-FEB-2052","2052-02-15-912810TE8"
"2026-10-06T1235","912834B56","STRIP","","2052-02-15",23.108,23.25,"","U S TREAS SEC STRIPPED INT PMT, 0.000%, 15-FEB-2052","2052-02-15-912834B56"
"2026-10-06T1235","912803GH0","STRIP","","2052-05-15",23.304,23.408,"","UNITED STATES TREAS BD STRIPP ZERO CPN, 0.000%, 15-MAY-2052","2052-05-15-912803GH0"
"2026-10-06T1235","912810TG3","Bond",0.02875,"2052-05-15",62.042,62.076,"semi-annually","UNITED STATES TREAS SER BONDS OF MAY 2052, 2.875%, 15-MAY-2052","2052-05-15-912810TG3"
"2026-10-06T1235","912834C55","STRIP","","2052-05-15",22.8,23.018,"","U S TREAS SEC STRIPPED INT PMT, 0.000%, 15-MAY-2052","2052-05-15-912834C55"
"2026-10-06T1235","912803GK3","STRIP","","2052-08-15",23.023,23.096,"","UNITED STATES TREAS BD STRIPP ZERO CPN, 0.000%, 15-AUG-2052","2052-08-15-912803GK3"
"2026-10-06T1235","912810TJ7","Bond",0.03,"2052-08-15",63.588,63.614,"semi-annually","UNITED STATES TREASURY, 3.000%, 15-AUG-2052","2052-08-15-912810TJ7"
"2026-10-06T1235","912834D47","STRIP","","2052-08-15",22.605,22.71,"","U S TREAS SEC STRIPPED INT PMT, 0.000%, 15-AUG-2052","2052-08-15-912834D47"
"2026-10-06T1235","912803GM9","STRIP","","2052-11-15",22.708,22.771,"","UNITED STATES TREAS BD STRIPP ZERO CPN, 0.000%, 15-NOV-2052","2052-11-15-912803GM9"
"2026-10-06T1235","912810TL2","Bond",0.04,"2052-11-15",77.04,77.054,"semi-annually","UNITED STATES TREAS SER BONDS OF NOVEMBER 2052, 4.000%, 15-NOV-2052","2052-11-15-912810TL2"
"2026-10-06T1235","912834F29","STRIP","","2052-11-15",22.321,22.472,"","U S TREAS SEC STRIPPED INT PMT, 0.000%, 15-NOV-2052","2052-11-15-912834F29"
"2026-10-06T1235","912803GP2","STRIP","","2053-02-15",22.46,22.548,"","UNITED STATES TREAS BD STRIPP ZERO CPN, 0.000%, 15-FEB-2053","2053-02-15-912803GP2"
"2026-10-06T1235","912810TN8","Bond",0.03625,"2053-02-15",71.875,71.904,"semi-annually","UNITED STATES TREAS SER BONDS OF FEBRUARY 2053, 3.625%, 15-FEB-2053","2053-02-15-912810TN8"
"2026-10-06T1235","912810TP3","TIPS",0.015,"2053-02-15",67.37,67.467,"semi-annually","UNITED STATES TREAS BDS, 1.500%, 15-FEB-2053","2053-02-15-912810TP3"
"2026-10-06T1235","912834F94","STRIP","","2053-02-15",21.895,22.07,"","U S TREAS SEC STRIPPED INT PMT, 0.000%, 15-FEB-2053","2053-02-15-912834F94"
"2026-10-06T1235","912803GS6","STRIP","","2053-05-15",22.153,22.241,"","UNITED STATES TREAS BD STRIPP ZERO CPN, 0.000%, 15-MAY-2053","2053-05-15-912803GS6"
"2026-10-06T1235","912810TR9","Bond",0.03625,"2053-05-15",71.777,71.824,"semi-annually","UNITED STATES TREAS SER BONDS OF MAY 2053, 3.625%, 15-MAY-2053","2053-05-15-912810TR9"
"2026-10-06T1235","912834G93","STRIP","","2053-05-15",21.762,21.895,"","U S TREAS SEC STRIPPED INT PMT, 0.000%, 15-MAY-2053","2053-05-15-912834G93"
"2026-10-06T1235","912803GU1","STRIP","","2053-08-15",21.881,21.958,"","UNITED STATES TREAS BD STRIPP ZERO CPN, 0.000%, 15-AUG-2053","2053-08-15-912803GU1"
"2026-10-06T1235","912810TT5","Bond",0.04125,"2053-08-15",78.566,78.606,"semi-annually","UNITED STATES TREAS SER BONDS OF AUGUST 2053, 4.125%, 15-AUG-2053","2053-08-15-912810TT5"
"2026-10-06T1235","912834H84","STRIP","","2053-08-15",21.45,21.551,"","U S TREAS SEC STRIPPED INT PMT, 0.000%, 15-AUG-2053","2053-08-15-912834H84"
"2026-10-06T1235","912803GW7","STRIP","","2053-11-15",21.625,21.698,"","UNITED STATES TREAS BD STRIPP ZERO CPN, 0.000%, 15-NOV-2053","2053-11-15-912803GW7"
"2026-10-06T1235","912810TV0","Bond",0.0475,"2053-11-15",87.179,87.207,"semi-annually","UNITED STATES TREAS SER BONDS OF NOVEMBER 2053, 4.750%, 15-NOV-2053","2053-11-15-912810TV0"
"2026-10-06T1235","912834J66","STRIP","","2053-11-15",21.146,21.325,"","U S TREAS SEC STRIPPED INT PMT, 0.000%, 15-NOV-2053","2053-11-15-912834J66"
"2026-10-06T1235","912803GY3","STRIP","","2054-02-15",21.353,21.44,"","UNITED STATES TREAS BD STRIPP ZERO CPN, 0.000%, 15-FEB-2054","2054-02-15-912803GY3"
"2026-10-06T1235","912810TX6","Bond",0.0425,"2054-02-15",80.214,80.242,"semi-annually","UNITED STATES TREAS SER BONDS OF FEBRUARY 2054, 4.250%, 15-FEB-2054","2054-02-15-912810TX6"
"2026-10-06T1235","912810TY4","TIPS",0.02125,"2054-02-15",77.614,77.7,"semi-annually","UNITED STATES TREAS BDS, 2.125%, 15-FEB-2054","2054-02-15-912810TY4"
"2026-10-06T1235","912834K56","STRIP","","2054-02-15",20.74,20.952,"","U S TREAS SEC STRIPPED INT PMT, 0.000%, 15-FEB-2054","2054-02-15-912834K56"
"2026-10-06T1235","912803HB2","STRIP","","2054-05-15",21.126,21.214,"","UNITED STATES TREAS BD STRIPP ZERO CPN, 0.000%, 15-MAY-2054","2054-05-15-912803HB2"
"2026-10-06T1235","912810UA4","Bond",0.04625,"2054-05-15",85.434,85.461,"semi-annually","UNITED STATES TREAS SER BONDS OF MAY 2054, 4.625%, 15-MAY-2054","2054-05-15-912810UA4"
"2026-10-06T1235","912834XP8","STRIP","","2054-05-15",20.538,20.693,"","U S TREAS SEC STRIPPED INT PMT, 0.000%, 15-MAY-2054","2054-05-15-912834XP8"
"2026-10-06T1235","912803HD8","STRIP","","2054-08-15",20.861,20.952,"","UNITED STATES TREAS BD STRIPP ZERO CPN, 0.000%, 15-AUG-2054","2054-08-15-912803HD8"
"2026-10-06T1235","912810UC0","Bond",0.0425,"2054-08-15",80.167,80.187,"semi-annually","UNITED STATES TREAS SER BONDS OF AUGUST 2054, 4.250%, 15-AUG-2054","2054-08-15-912810UC0"
"2026-10-06T1235","912834XW3","STRIP","","2054-08-15",20.412,20.514,"","U S TREAS SEC STRIPPED INT PMT, 0.000%, 15-AUG-2054","2054-08-15-912834XW3"
"2026-10-06T1235","912803HF3","STRIP","","2054-11-15",20.577,20.643,"","UNITED STATES TREAS BD STRIPP ZERO CPN, 0.000%, 15-NOV-2054","2054-11-15-912803HF3"
"2026-10-06T1235","912810UE6","Bond",0.045,"2054-11-15",83.613,83.645,"semi-annually","UNITED STATES TREAS SER BONDS OF NOVEMBER 2054, 4.500%, 15-NOV-2054","2054-11-15-912810UE6"
"2026-10-06T1235","912834YC6","STRIP","","2054-11-15",20.212,20.319,"","U S TREAS SEC STRIPPED INT PMT, 0.000%, 15-NOV-2054","2054-11-15-912834YC6"
"2026-10-06T1235","912803HH9","STRIP","","2055-02-15",20.377,20.463,"","UNITED STATES TREAS BD STRIPP ZERO CPN, 0.000%, 15-FEB-2055","2055-02-15-912803HH9"
"2026-10-06T1235","912810UG1","Bond",0.04625,"2055-02-15",85.361,85.382,"semi-annually","UNITED STATES TREAS SER BONDS OF FEBRUARY 2055, 4.625%, 15-FEB-2055","2055-02-15-912810UG1"
"2026-10-06T1235","912810UH9","TIPS",0.02375,"2055-02-15",81.698,81.769,"semi-annually","UNITED STATES TREAS BDS, 2.375%, 15-FEB-2055","2055-02-15-912810UH9"
"2026-10-06T1235","912834YK8","STRIP","","2055-02-15",20.05,20.194,"","U S TREAS SEC STRIPPED INT PMT, 0.000%, 15-FEB-2055","2055-02-15-912834YK8"
"2026-10-06T1235","912803HL0","STRIP","","2055-05-15",20.158,20.22,"","UNITED STATES TREAS BD STRIPP ZERO CPN, 0.000%, 15-MAY-2055","2055-05-15-912803HL0"
"2026-10-06T1235","912810UK2","Bond",0.0475,"2055-05-15",87.132,87.152,"semi-annually","UNITED STATES TREAS SER BONDS OF MAY 2055, 4.750%, 15-MAY-2055","2055-05-15-912810UK2"
"2026-10-06T1235","912834YT9","STRIP","","2055-05-15",19.931,20.005,"","U S TREAS SEC STRIPPED INT PMT, 0.000%, 15-MAY-2055","2055-05-15-912834YT9"
"2026-10-06T1235","912803HN6","STRIP","","2055-08-15",19.911,19.997,"","UNITED STATES TREAS BD STRIPP ZERO CPN, 0.000%, 15-AUG-2055","2055-08-15-912803HN6"
"2026-10-06T1235","912810UM8","Bond",0.0475,"2055-08-15",87.115,87.133,"semi-annually","UNITED STATES TREAS SER BONDS OF AUGUST 2055, 4.750%, 15-AUG-2055","2055-08-15-912810UM8"
"2026-10-06T1235","912834ZA9","STRIP","","2055-08-15",19.755,19.876,"","U S TREAS SEC STRIPPED INT PMT, 0.000%, 15-AUG-2055","2055-08-15-912834ZA9"
"2026-10-06T1235","912803HQ9","STRIP","","2055-11-15",19.669,19.756,"","UNITED STATES TREAS BD STRIPP ZERO CPN, 0.000%, 15-NOV-2055","2055-11-15-912803HQ9"
"2026-10-06T1235","912810UP1","Bond",0.04625,"2055-11-15",85.341,85.362,"semi-annually","UNITED STATES TREAS SER BONDS OF NOVEMBER 2055, 4.625%, 15-NOV-2055","2055-11-15-912810UP1"
"2026-10-06T1235","912834ZG6","STRIP","","2055-11-15",19.795,19.936,"","U S TREAS SEC STRIPPED INT PMT, 0.000%, 15-NOV-2055","2055-11-15-912834ZG6"
"2026-10-06T1235","912803HS5","STRIP","","2056-02-15",19.518,19.594,"","UNITED STATES TREAS BD STRIPP ZERO CPN, 0.000%, 15-FEB-2056","2056-02-15-912803HS5"
"2026-10-06T1235","912810UR7","Bond",0.0475,"2056-02-15",87.175,87.192,"semi-annually","UNITED STATES TREAS SER BONDS OF FEBRUARY 2056, 4.750%, 15-FEB-2056","2056-02-15-912810UR7"
"2026-10-06T1235","912810US5","TIPS",0.02375,"2056-02-15",81.652,81.706,"semi-annually","UNITED STATES TREAS BDS, 2.375%, 15-FEB-2056","2056-02-15-912810US5"
"2026-10-06T1235","912834ZP6","STRIP","","2056-02-15",19.496,19.633,"","U S TREAS SEC STRIPPED INT PMT, 0.000%, 15-FEB-2056","2056-02-15-912834ZP6"
"2026-10-06T1235","912803HV8","STRIP","","2056-05-15",19.335,19.402,"","UNITED STATES TREAS BD STRIPP ZERO CPN, 0.000%, 15-MAY-2056","2056-05-15-912803HV8"
"2026-10-06T1235","912810UU0","Bond",0.05,"2056-05-15",90.799,90.819,"semi-annually","UNITED STATES TREAS SER BONDS, 5.000%, 15-MAY-2056","2056-05-15-912810UU0"
"2026-10-06T1235","912834ZX9","STRIP","","2056-05-15",19.231,19.52,"","U S TREAS SEC STRIPPED INT PMT, 0.000%, 15-MAY-2056","2056-05-15-912834ZX9"
"2026-10-06T1235","912803HX4","STRIP","","2056-08-15",19.091,19.173,"","UNITED STATES TREAS BD STRIPP ZERO CPN, 0.000%, 15-AUG-2056","2056-08-15-912803HX4"
"2026-10-06T1235","912810UW6","Bond",0.05125,"2056-08-15",92.594,92.609,"semi-annually","UNITED STATES TREAS BDS, 5.125%, 15-AUG-2056","2056-08-15-912810UW6"
"2026-10-06T1235","912834L48","STRIP","","2056-08-15",19.402,19.643,"","U S TREAS SEC STRIPPED INT PMT, 0.000%, 15-AUG-2056","2056-08-15-912834L48"
