asOfDate, cusip, securitytype, rate, maturitydate, bid, ask, frequency, description, key
"2026-10-05T1235","912797UJ4","Bill","","2026-10-08",99.978,99.979,"","UNITED STATES TREAS BILLS ZERO CPN, 0.000%, 08-OCT-2026","2026-10-08-912797UJ4"
"2026-10-05T1235","912797VL8","Bill","","2026-10-13",99.926,99.927,"","UNITED STATES TREAS BILLS ZERO CPN, 0.000%, 13-OCT-2026","2026-10-13-912797VL8"
"2026-10-05T1235","912797UK1","Bill","","2026-10-15",99.905,99.906,"","UNITED STATES TREAS BILLS ZERO CPN, 0.000%, 15-OCT-2026","2026-10-15-912797UK1"
"2026-10-05T1235","91282CDC2","TIPS",0.00125,"2026-10-15",99.98,100.036,"semi-annually","UNITED STATES TREAS NTS SER AE-2026, 0.125%, 15-OCT-2026","2026-10-15-91282CDC2"
"2026-10-05T1235","91282CJC6","Bond",0.04625,"2026-10-15",100.011,100.02,"semi-annually","UNITED STATES TREAS SER AT-2026, 4.625%, 15-OCT-2026","2026-10-15-91282CJC6"
"2026-10-05T1235","912797VM6","Bill","","2026-10-20",99.852,99.853,"","UNITED STATES TREAS BILLS ZERO CPN, 0.000%, 20-OCT-2026","2026-10-20-912797VM6"
"2026-10-05T1235","912797UL9","Bill","","2026-10-22",99.83,99.832,"","UNITED STATES TREAS BILLS ZERO CPN, 0.000%, 22-OCT-2026","2026-10-22-912797UL9"
"2026-10-05T1235","912797VN4","Bill","","2026-10-27",99.776,99.777,"","UNITED STATES TREAS BILLS ZERO CPN, 0.000%, 27-OCT-2026","2026-10-27-912797VN4"
"2026-10-05T1235","912797SK4","Bill","","2026-10-29",99.754,99.756,"","UNITED STATES TREAS BILLS ZERO CPN, 0.000%, 29-OCT-2026","2026-10-29-912797SK4"
"2026-10-05T1235","912828YQ7","Bond",0.01625,"2026-10-31",99.818,99.829,"semi-annually","UNITED STATES TREAS SER R-2026, 1.625%, 31-OCT-2026","2026-10-31-912828YQ7"
"2026-10-05T1235","91282CDG3","Bond",0.01125,"2026-10-31",99.789,99.801,"semi-annually","UNITED STATES TREAS SER AF-2026, 1.125%, 31-OCT-2026","2026-10-31-91282CDG3"
"2026-10-05T1235","91282CLS8","Bond",0.04125,"2026-10-31",99.985,99.994,"semi-annually","UNITED STATES TREAS SER BJ-2026, 4.125%, 31-OCT-2026","2026-10-31-91282CLS8"
"2026-10-05T1235","912797VP9","Bill","","2026-11-03",99.698,99.699,"","UNITED STATES TREAS BILLS ZERO CPN, 0.000%, 03-NOV-2026","2026-11-03-912797VP9"
"2026-10-05T1235","912797UM7","Bill","","2026-11-05",99.677,99.679,"","UNITED STATES TREAS BILLS ZERO CPN, 0.000%, 05-NOV-2026","2026-11-05-912797UM7"
"2026-10-05T1235","912797VW4","Bill","","2026-11-10",99.622,99.624,"","UNITED STATES TREAS BILLS ZERO CPN, 0.000%, 10-NOV-2026","2026-11-10-912797VW4"
"2026-10-05T1235","912797UY1","Bill","","2026-11-12",99.598,99.599,"","UNITED STATES TREAS BILLS ZERO CPN, 0.000%, 12-NOV-2026","2026-11-12-912797UY1"
"2026-10-05T1235","912803BJ1","Bond","","2026-11-15",99.554,99.613,"","UNITED STATES TREAS BD STRIPP ZERO CPN, 0.000%, 15-NOV-2026","2026-11-15-912803BJ1"
"2026-10-05T1235","912810EY0","Bond",0.065,"2026-11-15",100.221,100.356,"semi-annually","UNITED STATES TREAS BDS, 6.500%, 15-NOV-2026","2026-11-15-912810EY0"
"2026-10-05T1235","9128205Y9","STRIP","","2026-11-15",99.534,99.585,"","U S TREAS SEC STRIPPED INT PMT, 0.000%, 15-NOV-2026","2026-11-15-9128205Y9"
"2026-10-05T1235","912828U24","Bond",0.02,"2026-11-15",99.766,99.78,"semi-annually","UNITED STATES TREAS SER F-2026, 2.000%, 15-NOV-2026","2026-11-15-912828U24"
"2026-10-05T1235","91282CJK8","Bond",0.04625,"2026-11-15",100.041,100.053,"semi-annually","UNITED STATES TREAS SER AU-2026, 4.625%, 15-NOV-2026","2026-11-15-91282CJK8"
"2026-10-05T1235","912833PB0","STRIP","","2026-11-15",99.546,99.579,"","U S TREAS SEC STRIPPED INT PMT, 0.000%, 15-NOV-2026","2026-11-15-912833PB0"
"2026-10-05T1235","912797VX2","Bill","","2026-11-17",99.544,99.545,"","UNITED STATES TREAS BILLS ZERO CPN, 0.000%, 17-NOV-2026","2026-11-17-912797VX2"
"2026-10-05T1235","912797UZ8","Bill","","2026-11-19",99.519,99.521,"","UNITED STATES TREAS BILLS ZERO CPN, 0.000%, 19-NOV-2026","2026-11-19-912797UZ8"
"2026-10-05T1235","912797VY0","Bill","","2026-11-24",99.462,99.464,"","UNITED STATES TREAS BILLS ZERO CPN, 0.000%, 24-NOV-2026","2026-11-24-912797VY0"
"2026-10-05T1235","912797SU2","Bill","","2026-11-27",99.428,99.43,"","UNITED STATES TREAS BILLS ZERO CPN, 0.000%, 27-NOV-2026","2026-11-27-912797SU2"
"2026-10-05T1235","912828YU8","Bond",0.01625,"2026-11-30",99.636,99.645,"semi-annually","UNITED STATES TREAS SER S-2026, 1.625%, 30-NOV-2026","2026-11-30-912828YU8"
"2026-10-05T1235","91282CDK4","Bond",0.0125,"2026-11-30",99.58,99.588,"semi-annually","UNITED STATES TREAS SER AG-2026, 1.250%, 30-NOV-2026","2026-11-30-91282CDK4"
"2026-10-05T1235","91282CLY5","Bond",0.0425,"2026-11-30",100.017,100.027,"semi-annually","UNITED STATES TREAS SER BL-2026, 4.250%, 30-NOV-2026","2026-11-30-91282CLY5"
"2026-10-05T1235","912797VZ7","Bill","","2026-12-01",99.383,99.384,"","UNITED STATES TREAS BILLS ZERO CPN, 0.000%, 01-DEC-2026","2026-12-01-912797VZ7"
"2026-10-05T1235","912797VA2","Bill","","2026-12-03",99.362,99.364,"","UNITED STATES TREAS BILLS ZERO CPN, 0.000%, 03-DEC-2026","2026-12-03-912797VA2"
"2026-10-05T1235","912797WE3","Bill","","2026-12-08",99.308,99.31,"","UNITED STATES TREAS BILLS ZERO CPN, 0.000%, 08-DEC-2026","2026-12-08-912797WE3"
"2026-10-05T1235","912797VG9","Bill","","2026-12-10",99.286,99.288,"","UNITED STATES TREAS BILLS ZERO CPN, 0.000%, 10-DEC-2026","2026-12-10-912797VG9"
"2026-10-05T1235","912797WF0","Bill","","2026-12-15",99.233,99.235,"","UNITED STATES TREAS BILLS ZERO CPN, 0.000%, 15-DEC-2026","2026-12-15-912797WF0"
"2026-10-05T1235","91282CJP7","Bond",0.04375,"2026-12-15",100.054,100.063,"semi-annually","UNITED STATES TREAS SER AV-2026, 4.375%, 15-DEC-2026","2026-12-15-91282CJP7"
"2026-10-05T1235","912797VH7","Bill","","2026-12-17",99.204,99.206,"","UNITED STATES TREAS BILLS ZERO CPN, 0.000%, 17-DEC-2026","2026-12-17-912797VH7"
"2026-10-05T1235","912797WG8","Bill","","2026-12-22",99.156,99.157,"","UNITED STATES TREAS BILLS ZERO CPN, 0.000%, 22-DEC-2026","2026-12-22-912797WG8"
"2026-10-05T1235","912797TC1","Bill","","2026-12-24",99.123,99.126,"","UNITED STATES TREAS BILLS ZERO CPN, 0.000%, 24-DEC-2026","2026-12-24-912797TC1"
"2026-10-05T1235","912797WH6","Bill","","2026-12-29",99.074,99.076,"","UNITED STATES TREAS BILLS ZERO CPN, 0.000%, 29-DEC-2026","2026-12-29-912797WH6"
"2026-10-05T1235","912797VJ3","Bill","","2026-12-31",99.038,99.039,"","UNITED STATES TREAS BILLS ZERO CPN, 0.000%, 31-DEC-2026","2026-12-31-912797VJ3"
"2026-10-05T1235","912828YX2","Bond",0.0175,"2026-12-31",99.457,99.465,"semi-annually","UNITED STATES TREAS SER T-2026, 1.750%, 31-DEC-2026","2026-12-31-912828YX2"
"2026-10-05T1235","91282CDQ1","Bond",0.0125,"2026-12-31",99.329,99.339,"semi-annually","UNITED STATES TREAS SER AH-2026, 1.250%, 31-DEC-2026","2026-12-31-91282CDQ1"
"2026-10-05T1235","91282CME8","Bond",0.0425,"2026-12-31",100.016,100.029,"semi-annually","UNITED STATES TREAS SER BM-2026, 4.250%, 31-DEC-2026","2026-12-31-91282CME8"
"2026-10-05T1235","912797WN3","Bill","","2027-01-05",98.984,98.987,"","UNITED STATES TREAS BILLS ZERO CPN, 0.000%, 05-JAN-2027","2027-01-05-912797WN3"
"2026-10-05T1235","912797VS3","Bill","","2027-01-07",98.956,98.958,"","UNITED STATES TREAS BILLS ZERO CPN, 0.000%, 07-JAN-2027","2027-01-07-912797VS3"
"2026-10-05T1235","912797WP8","Bill","","2027-01-12",98.904,98.908,"","UNITED STATES TREAS BILLS ZERO CPN, 0.000%, 12-JAN-2027","2027-01-12-912797WP8"
"2026-10-05T1235","912797VT1","Bill","","2027-01-14",98.881,98.884,"","UNITED STATES TREAS BILLS ZERO CPN, 0.000%, 14-JAN-2027","2027-01-14-912797VT1"
"2026-10-05T1235","912810PS1","TIPS",0.02375,"2027-01-15",100.302,100.356,"semi-annually","UNITED STATES TREAS BDS TIPS, 2.375%, 15-JAN-2027","2027-01-15-912810PS1"
"2026-10-05T1235","912828V49","TIPS",0.00375,"2027-01-15",99.763,99.801,"semi-annually","UNITED STATES TREAS NTS TIPS, 0.375%, 15-JAN-2027","2027-01-15-912828V49"
"2026-10-05T1235","91282CJT9","Bond",0.04,"2027-01-15",99.957,99.964,"semi-annually","UNITED STATES TREAS SER AJ-2027, 4.000%, 15-JAN-2027","2027-01-15-91282CJT9"
"2026-10-05T1235","912797WQ6","Bill","","2027-01-19",98.818,98.822,"","UNITED STATES TREAS BILLS ZERO CPN, 0.000%, 19-JAN-2027","2027-01-19-912797WQ6"
"2026-10-05T1235","912797TM9","Bill","","2027-01-21",98.804,98.806,"","UNITED STATES TREAS BILLS ZERO CPN, 0.000%, 21-JAN-2027","2027-01-21-912797TM9"
"2026-10-05T1235","912797WR4","Bill","","2027-01-26",98.738,98.741,"","UNITED STATES TREAS BILLS ZERO CPN, 0.000%, 26-JAN-2027","2027-01-26-912797WR4"
"2026-10-05T1235","912797VU8","Bill","","2027-01-28",98.717,98.719,"","UNITED STATES TREAS BILLS ZERO CPN, 0.000%, 28-JAN-2027","2027-01-28-912797VU8"
"2026-10-05T1235","912828Z78","Bond",0.015,"2027-01-31",99.147,99.155,"semi-annually","UNITED STATES TREAS SER G-2027, 1.500%, 31-JAN-2027","2027-01-31-912828Z78"
"2026-10-05T1235","91282CMH1","Bond",0.04125,"2027-01-31",99.96,99.971,"semi-annually","UNITED STATES TREAS SER AW-2027, 4.125%, 31-JAN-2027","2027-01-31-91282CMH1"
"2026-10-05T1235","912797VV6","Bill","","2027-02-04",98.636,98.639,"","UNITED STATES TREAS BILLS ZERO CPN, 0.000%, 04-FEB-2027","2027-02-04-912797VV6"
"2026-10-05T1235","912797WB9","Bill","","2027-02-11",98.555,98.56,"","UNITED STATES TREAS BILLS ZERO CPN, 0.000%, 11-FEB-2027","2027-02-11-912797WB9"
"2026-10-05T1235","912803BK8","Bond","","2027-02-15",98.563,98.591,"","UNITED STATES TREAS BD STRIPP ZERO CPN, 0.000%, 15-FEB-2027","2027-02-15-912803BK8"
"2026-10-05T1235","912810EZ7","Bond",0.06625,"2027-02-15",100.867,101.057,"semi-annually","UNITED STATES TREAS BDS, 6.625%, 15-FEB-2027","2027-02-15-912810EZ7"
"2026-10-05T1235","9128206P7","STRIP","","2027-02-15",98.493,98.618,"","U S TREAS SEC STRIPPED INT PMT, 0.000%, 15-FEB-2027","2027-02-15-9128206P7"
"2026-10-05T1235","912828V98","Bond",0.0225,"2027-02-15",99.3,99.312,"semi-annually","UNITED STATES TREAS SER B-2027, 2.250%, 15-FEB-2027","2027-02-15-912828V98"
"2026-10-05T1235","91282CKA8","Bond",0.04125,"2027-02-15",99.964,99.969,"semi-annually","UNITED STATES TREAS SER AK-2027, 4.125%, 15-FEB-2027","2027-02-15-91282CKA8"
"2026-10-05T1235","912833PC8","STRIP","","2027-02-15",98.497,98.522,"","U S TREAS SEC STRIPPED INT PMT, 0.000%, 15-FEB-2027","2027-02-15-912833PC8"
"2026-10-05T1235","912797TV9","Bill","","2027-02-18",98.473,98.477,"","UNITED STATES TREAS BILLS ZERO CPN, 0.000%, 18-FEB-2027","2027-02-18-912797TV9"
"2026-10-05T1235","912797WC7","Bill","","2027-02-25",98.382,98.386,"","UNITED STATES TREAS BILLS ZERO CPN, 0.000%, 25-FEB-2027","2027-02-25-912797WC7"
"2026-10-05T1235","912828ZB9","Bond",0.01125,"2027-02-28",98.795,98.805,"semi-annually","UNITED STATES TREAS NOTE, 1.125%, 28-FEB-2027","2027-02-28-912828ZB9"
"2026-10-05T1235","91282CEC1","Bond",0.01875,"2027-02-28",99.083,99.095,"semi-annually","UNITED STATES TREAS SER V-2027, 1.875%, 28-FEB-2027","2027-02-28-91282CEC1"
"2026-10-05T1235","91282CMP3","Bond",0.04125,"2027-02-28",99.968,99.981,"semi-annually","UNITED STATES TREAS SER AY-2027, 4.125%, 28-FEB-2027","2027-02-28-91282CMP3"
"2026-10-05T1235","912797WD5","Bill","","2027-03-04",98.305,98.308,"","UNITED STATES TREAS BILLS ZERO CPN, 0.000%, 04-MAR-2027","2027-03-04-912797WD5"
"2026-10-05T1235","912797WK9","Bill","","2027-03-11",98.223,98.228,"","UNITED STATES TREAS BILLS ZERO CPN, 0.000%, 11-MAR-2027","2027-03-11-912797WK9"
"2026-10-05T1235","91282CKE0","Bond",0.0425,"2027-03-15",100.025,100.03,"semi-annually","UNITED STATES TREAS SER AL-2027, 4.250%, 15-MAR-2027","2027-03-15-91282CKE0"
"2026-10-05T1235","912797UD7","Bill","","2027-03-18",98.138,98.14,"","UNITED STATES TREAS BILLS, 0.000%, 18-MAR-2027","2027-03-18-912797UD7"
"2026-10-05T1235","912797WL7","Bill","","2027-03-25",98.054,98.056,"","UNITED STATES TREAS BILLS ZERO CPN, 0.000%, 25-MAR-2027","2027-03-25-912797WL7"
"2026-10-05T1235","912828ZE3","Bond",0.00625,"2027-03-31",98.292,98.3,"semi-annually","UNITED STATES TREAS NOTE, 0.625%, 31-MAR-2027","2027-03-31-912828ZE3"
"2026-10-05T1235","91282CEF4","Bond",0.025,"2027-03-31",99.164,99.172,"semi-annually","UNITED STATES TREAS SER W-2027, 2.500%, 31-MAR-2027","2027-03-31-91282CEF4"
"2026-10-05T1235","91282CMV0","Bond",0.03875,"2027-03-31",99.82,99.825,"semi-annually","UNITED STATES TREAS SER AZ-2027, 3.875%, 31-MAR-2027","2027-03-31-91282CMV0"
"2026-10-05T1235","912797WM5","Bill","","2027-04-01",97.958,97.96,"","UNITED STATES TREAS BILLS ZERO CPN, 0.000%, 01-APR-2027","2027-04-01-912797WM5"
"2026-10-05T1235","912797UE5","Bill","","2027-04-15",97.811,97.818,"","UNITED STATES TREAS BILLS ZERO CPN, 0.000%, 15-APR-2027","2027-04-15-912797UE5"
"2026-10-05T1235","91282CEJ6","TIPS",0.00125,"2027-04-15",98.954,98.996,"semi-annually","UNITED STATES TREAS NTS SER X-2027, 0.125%, 15-APR-2027","2027-04-15-91282CEJ6"
"2026-10-05T1235","91282CKJ9","Bond",0.045,"2027-04-15",100.128,100.141,"semi-annually","UNITED STATES TREAS SER AM-2027, 4.500%, 15-APR-2027","2027-04-15-91282CKJ9"
"2026-10-05T1235","912828ZN3","Bond",0.005,"2027-04-30",97.89,97.897,"semi-annually","UNITED STATES TREAS NOTE, 0.500%, 30-APR-2027","2027-04-30-912828ZN3"
"2026-10-05T1235","91282CEN7","Bond",0.0275,"2027-04-30",99.144,99.149,"semi-annually","UNITED STATES TREAS SER Y-2027, 2.750%, 30-APR-2027","2027-04-30-91282CEN7"
"2026-10-05T1235","91282CMY4","Bond",0.0375,"2027-04-30",99.691,99.7,"semi-annually","UNITED STATES TREAS SER BA-2027, 3.750%, 30-APR-2027","2027-04-30-91282CMY4"
"2026-10-05T1235","912797UX3","Bill","","2027-05-13",97.536,97.541,"","UNITED STATES TREAS BILLS ZERO CPN, 0.000%, 13-MAY-2027","2027-05-13-912797UX3"
"2026-10-05T1235","9128207D3","STRIP","","2027-05-15",97.415,97.476,"","U S TREAS SEC STRIPPED INT PMT, 0.000%, 15-MAY-2027","2027-05-15-9128207D3"
"2026-10-05T1235","912828X88","Bond",0.02375,"2027-05-15",98.817,98.827,"semi-annually","UNITED STATES TREAS SER C-2027, 2.375%, 15-MAY-2027","2027-05-15-912828X88"
"2026-10-05T1235","91282CKR1","Bond",0.045,"2027-05-15",100.082,100.086,"semi-annually","UNITED STATES TREAS SER AN-2027, 4.500%, 15-MAY-2027","2027-05-15-91282CKR1"
"2026-10-05T1235","912833PD6","STRIP","","2027-05-15",97.414,97.448,"","U S TREAS SEC STRIPPED INT PMT, 0.000%, 15-MAY-2027","2027-05-15-912833PD6"
"2026-10-05T1235","912828ZS2","Bond",0.005,"2027-05-31",97.544,97.555,"semi-annually","UNITED STATES TREAS SER L-2027, 0.500%, 31-MAY-2027","2027-05-31-912828ZS2"
"2026-10-05T1235","91282CET4","Bond",0.02625,"2027-05-31",98.89,98.898,"semi-annually","UNITED STATES TREAS SER Z-2027, 2.625%, 31-MAY-2027","2027-05-31-91282CET4"
"2026-10-05T1235","91282CNE7","Bond",0.03875,"2027-05-31",99.683,99.688,"semi-annually","UNITED STATES TREAS SER BC-2027, 3.875%, 31-MAY-2027","2027-05-31-91282CNE7"
"2026-10-05T1235","912797VF1","Bill","","2027-06-10",97.183,97.2,"","UNITED STATES TREAS BILLS ZERO CPN, 0.000%, 10-JUN-2027","2027-06-10-912797VF1"
"2026-10-05T1235","91282CKV2","Bond",0.04625,"2027-06-15",100.161,100.172,"semi-annually","UNITED STATES TREAS SER AP-2027, 4.625%, 15-JUN-2027","2027-06-15-91282CKV2"
"2026-10-05T1235","912828ZV5","Bond",0.005,"2027-06-30",97.218,97.229,"semi-annually","UNITED STATES TREAS SER M-2027, 0.500%, 30-JUN-2027","2027-06-30-912828ZV5"
"2026-10-05T1235","91282CEW7","Bond",0.0325,"2027-06-30",99.17,99.18,"semi-annually","UNITED STATES TREAS SER AA-2027, 3.250%, 30-JUN-2027","2027-06-30-91282CEW7"
"2026-10-05T1235","91282CNL1","Bond",0.0375,"2027-06-30",99.524,99.539,"semi-annually","UNITED STATES TREAS SER BD-2027, 3.750%, 30-JUN-2027","2027-06-30-91282CNL1"
"2026-10-05T1235","912797VQ7","Bill","","2027-07-08",96.813,96.836,"","UNITED STATES TREAS BILLS ZERO CPN, 0.000%, 08-JUL-2027","2027-07-08-912797VQ7"
"2026-10-05T1235","9128282L3","TIPS",0.00375,"2027-07-15",98.998,99.023,"semi-annually","UNITED STATES TREAS NTS SER D-2027, 0.375%, 15-JUL-2027","2027-07-15-9128282L3"
"2026-10-05T1235","91282CKZ3","Bond",0.04375,"2027-07-15",99.945,99.954,"semi-annually","UNITED STATES TREAS SER AQ-2027, 4.375%, 15-JUL-2027","2027-07-15-91282CKZ3"
"2026-10-05T1235","91282CAD3","Bond",0.00375,"2027-07-31",96.738,96.749,"semi-annually","UNITED STATES TREAS SER N-2027, 0.375%, 31-JUL-2027","2027-07-31-91282CAD3"
"2026-10-05T1235","91282CFB2","Bond",0.0275,"2027-07-31",98.617,98.625,"semi-annually","UNITED STATES TREAS SER AB-2027, 2.750%, 31-JUL-2027","2027-07-31-91282CFB2"
"2026-10-05T1235","91282CNP2","Bond",0.03875,"2027-07-31",99.507,99.515,"semi-annually","UNITED STATES TREAS SER BE-2027, 3.875%, 31-JUL-2027","2027-07-31-91282CNP2"
"2026-10-05T1235","912797VR5","Bill","","2027-08-05",96.457,96.477,"","UNITED STATES TREAS BILLS ZERO CPN, 0.000%, 05-AUG-2027","2027-08-05-912797VR5"
"2026-10-05T1235","912803BL6","Bond","","2027-08-15",96.257,96.343,"","UNITED STATES TREAS BD STRIPP ZERO CPN, 0.000%, 15-AUG-2027","2027-08-15-912803BL6"
"2026-10-05T1235","912810FA1","Bond",0.06375,"2027-08-15",101.593,101.682,"semi-annually","UNITED STATES TREAS BDS, 6.375%, 15-AUG-2027","2027-08-15-912810FA1"
"2026-10-05T1235","9128203H8","STRIP","","2027-08-15",96.219,96.441,"","U S TREAS SEC STRIPPED INT PMT, 0.000%, 15-AUG-2027","2027-08-15-9128203H8"
"2026-10-05T1235","9128282R0","Bond",0.0225,"2027-08-15",98.125,98.135,"semi-annually","UNITED STATES TREAS SER E-2027, 2.250%, 15-AUG-2027","2027-08-15-9128282R0"
"2026-10-05T1235","91282CLG4","Bond",0.0375,"2027-08-15",99.371,99.379,"semi-annually","UNITED STATES TREAS SER AR-2027, 3.750%, 15-AUG-2027","2027-08-15-91282CLG4"
"2026-10-05T1235","912833PE4","STRIP","","2027-08-15",96.233,96.282,"","U S TREAS SEC STRIPPED INT PMT, 0.000%, 15-AUG-2027","2027-08-15-912833PE4"
"2026-10-05T1235","91282CAH4","Bond",0.005,"2027-08-31",96.493,96.503,"semi-annually","UNITED STATES TREAS SER P-2027, 0.500%, 31-AUG-2027","2027-08-31-91282CAH4"
"2026-10-05T1235","91282CFH9","Bond",0.03125,"2027-08-31",98.785,98.792,"semi-annually","UNITED STATES TREAS SER AC-2027, 3.125%, 31-AUG-2027","2027-08-31-91282CFH9"
"2026-10-05T1235","91282CNV9","Bond",0.03625,"2027-08-31",99.216,99.222,"semi-annually","UNITED STATES TREAS SER BG-2027, 3.625%, 31-AUG-2027","2027-08-31-91282CNV9"
"2026-10-05T1235","912797WA1","Bill","","2027-09-02",96.133,96.154,"","UNITED STATES TREAS BILLS ZERO CPN, 0.000%, 02-SEP-2027","2027-09-02-912797WA1"
"2026-10-05T1235","91282CLL3","Bond",0.03375,"2027-09-15",98.948,98.96,"semi-annually","UNITED STATES TREAS SER AS-2027, 3.375%, 15-SEP-2027","2027-09-15-91282CLL3"
"2026-10-05T1235","912797WJ2","Bill","","2027-09-30",95.741,95.744,"","UNITED STATES TREAS BILLS ZERO CPN, 0.000%, 30-SEP-2027","2027-09-30-912797WJ2"
"2026-10-05T1235","91282CAL5","Bond",0.00375,"2027-09-30",96.025,96.035,"semi-annually","UNITED STATES TREAS SER Q-2027, 0.375%, 30-SEP-2027","2027-09-30-91282CAL5"
"2026-10-05T1235","91282CFM8","Bond",0.04125,"2027-09-30",99.609,99.62,"semi-annually","UNITED STATES TREAS SER AD-2027, 4.125%, 30-SEP-2027","2027-09-30-91282CFM8"
"2026-10-05T1235","91282CPB1","Bond",0.035,"2027-09-30",98.998,99.007,"semi-annually","UNITED STATES TREAS SER BH-2027, 3.500%, 30-SEP-2027","2027-09-30-91282CPB1"
"2026-10-05T1235","91282CFR7","TIPS",0.01625,"2027-10-15",99.517,99.55,"semi-annually","UNITED STATES TREAS NTS SER AE-2027, 1.625%, 15-OCT-2027","2027-10-15-91282CFR7"
"2026-10-05T1235","91282CLQ2","Bond",0.03875,"2027-10-15",99.328,99.338,"semi-annually","UNITED STATES TREAS SER AT-2027, 3.875%, 15-OCT-2027","2027-10-15-91282CLQ2"
"2026-10-05T1235","91282CAU5","Bond",0.005,"2027-10-31",95.769,95.781,"semi-annually","UNITED STATES TREAS SER R-2027, 0.500%, 31-OCT-2027","2027-10-31-91282CAU5"
"2026-10-05T1235","91282CFU0","Bond",0.04125,"2027-10-31",99.519,99.527,"semi-annually","UNITED STATES TREAS SER AF-2027, 4.125%, 31-OCT-2027","2027-10-31-91282CFU0"
"2026-10-05T1235","91282CPE5","Bond",0.035,"2027-10-31",98.863,98.868,"semi-annually","UNITED STATES TREAS SER BJ-2027, 3.500%, 31-OCT-2027","2027-10-31-91282CPE5"
"2026-10-05T1235","912803BM4","Bond","","2027-11-15",95.089,95.197,"","UNITED STATES TREAS BD STRIPP ZERO CPN, 0.000%, 15-NOV-2027","2027-11-15-912803BM4"
"2026-10-05T1235","912810FB9","Bond",0.06125,"2027-11-15",101.574,101.74,"semi-annually","UNITED STATES TREAS BDS, 6.125%, 15-NOV-2027","2027-11-15-912810FB9"
"2026-10-05T1235","9128203W5","STRIP","","2027-11-15",94.989,95.331,"","U S TREAS SEC STRIPPED INT PMT, 0.000%, 15-NOV-2027","2027-11-15-9128203W5"
"2026-10-05T1235","9128283F5","Bond",0.0225,"2027-11-15",97.451,97.469,"semi-annually","UNITED STATES TREAS SER F-2027, 2.250%, 15-NOV-2027","2027-11-15-9128283F5"
"2026-10-05T1235","91282CLX7","Bond",0.04125,"2027-11-15",99.464,99.469,"semi-annually","UNITED STATES TREAS SER AU-2027, 4.125%, 15-NOV-2027","2027-11-15-91282CLX7"
"2026-10-05T1235","912833QB9","STRIP","","2027-11-15",95.05,95.091,"","U S TREAS SEC STRIPPED INT PMT, 0.000%, 15-NOV-2027","2027-11-15-912833QB9"
"2026-10-05T1235","91282CAY7","Bond",0.00625,"2027-11-30",95.556,95.565,"semi-annually","UNITED STATES TREAS SER S-2027, 0.625%, 30-NOV-2027","2027-11-30-91282CAY7"
"2026-10-05T1235","91282CFZ9","Bond",0.03875,"2027-11-30",99.152,99.162,"semi-annually","UNITED STATES TREAS SER AG-2027, 3.875%, 30-NOV-2027","2027-11-30-91282CFZ9"
"2026-10-05T1235","91282CPL9","Bond",0.03375,"2027-11-30",98.601,98.607,"semi-annually","UNITED STATES TREAS SER BL-2027, 3.375%, 30-NOV-2027","2027-11-30-91282CPL9"
"2026-10-05T1235","91282CMB4","Bond",0.04,"2027-12-15",99.235,99.261,"semi-annually","UNITED STATES TREAS SER AV-2027, 4.000%, 15-DEC-2027","2027-12-15-91282CMB4"
"2026-10-05T1235","91282CBB6","Bond",0.00625,"2027-12-31",95.191,95.218,"semi-annually","UNITED STATES TREAS SER T-2027, 0.625%, 31-DEC-2027","2027-12-31-91282CBB6"
"2026-10-05T1235","91282CGC9","Bond",0.03875,"2027-12-31",99.045,99.056,"semi-annually","UNITED STATES TREAS SER AH-2027, 3.875%, 31-DEC-2027","2027-12-31-91282CGC9"
"2026-10-05T1235","91282CPS4","Bond",0.03375,"2027-12-31",98.445,98.459,"semi-annually","UNITED STATES TREAS SER BM-2027, 3.375%, 31-DEC-2027","2027-12-31-91282CPS4"
"2026-10-05T1235","912810PV4","TIPS",0.0175,"2028-01-15",99.023,99.081,"semi-annually","UNITED STATES TREASURY, 1.750%, 15-JAN-2028","2028-01-15-912810PV4"
"2026-10-05T1235","9128283R9","TIPS",0.005,"2028-01-15",97.48,97.526,"semi-annually","UNITED STATES TREAS NTS SER A-2028, 0.500%, 15-JAN-2028","2028-01-15-9128283R9"
"2026-10-05T1235","91282CMF5","Bond",0.0425,"2028-01-15",99.423,99.442,"semi-annually","UNITED STATES TREAS SER AJ-2028, 4.250%, 15-JAN-2028","2028-01-15-91282CMF5"
"2026-10-05T1235","91282CBJ9","Bond",0.0075,"2028-01-31",94.98,95.003,"semi-annually","UNITED STATES TREAS SER G-2028, 0.750%, 31-JAN-2028","2028-01-31-91282CBJ9"
"2026-10-05T1235","91282CGH8","Bond",0.035,"2028-01-31",98.46,98.468,"semi-annually","UNITED STATES TREAS SER U-2028, 3.500%, 31-JAN-2028","2028-01-31-91282CGH8"
"2026-10-05T1235","9128204M6","STRIP","","2028-02-15",93.842,93.939,"","U S TREAS SEC STRIPPED INT PMT, 0.000%, 15-FEB-2028","2028-02-15-9128204M6"
"2026-10-05T1235","9128283W8","Bond",0.0275,"2028-02-15",97.415,97.427,"semi-annually","UNITED STATES TREAS NOTES, 2.750%, 15-FEB-2028","2028-02-15-9128283W8"
"2026-10-05T1235","91282CMN8","Bond",0.0425,"2028-02-15",99.371,99.379,"semi-annually","UNITED STATES TREAS SER AK-2028, 4.250%, 15-FEB-2028","2028-02-15-91282CMN8"
"2026-10-05T1235","912833RY8","STRIP","","2028-02-15",93.809,93.862,"","U S TREAS SEC STRIPPED INT PMT, 0.000%, 15-FEB-2028","2028-02-15-912833RY8"
"2026-10-05T1235","91282CBP5","Bond",0.01125,"2028-02-29",95.155,95.168,"semi-annually","UNITED STATES TREAS SER H-2028, 1.125%, 29-FEB-2028","2028-02-29-91282CBP5"
"2026-10-05T1235","91282CGP0","Bond",0.04,"2028-02-29",99.014,99.026,"semi-annually","UNITED STATES TREAS SER V-2028, 4.000%, 29-FEB-2028","2028-02-29-91282CGP0"
"2026-10-05T1235","91282CQB0","Bond",0.03375,"2028-02-29",98.179,98.193,"semi-annually","UNITED STATES TREAS SER AY-2028, 3.375%, 29-FEB-2028","2028-02-29-91282CQB0"
"2026-10-05T1235","91282CMS7","Bond",0.03875,"2028-03-15",98.805,98.813,"semi-annually","UNITED STATES TREAS SER AL-2028, 3.875%, 15-MAR-2028","2028-03-15-91282CMS7"
"2026-10-05T1235","91282CBS9","Bond",0.0125,"2028-03-31",95.031,95.04,"semi-annually","UNITED STATES TREAS SER J-2028, 1.250%, 31-MAR-2028","2028-03-31-91282CBS9"
"2026-10-05T1235","91282CGT2","Bond",0.03625,"2028-03-31",98.399,98.408,"semi-annually","UNITED STATES TREAS SER W-2028, 3.625%, 31-MAR-2028","2028-03-31-91282CGT2"
"2026-10-05T1235","91282CQH7","Bond",0.03875,"2028-03-31",98.748,98.758,"semi-annually","UNITED STATES TREAS SER AZ-2028, 3.875%, 31-MAR-2028","2028-03-31-91282CQH7"
"2026-10-05T1235","912810FD5","TIPS",0.03625,"2028-04-15",101.497,101.549,"semi-annually","UNITED STATES TREAS BDS, 3.625%, 15-APR-2028","2028-04-15-912810FD5"
"2026-10-05T1235","91282CGW5","TIPS",0.0125,"2028-04-15",97.973,98.012,"semi-annually","UNITED STATES TREAS NTS SER X-2028, 1.250%, 15-APR-2028","2028-04-15-91282CGW5"
"2026-10-05T1235","91282CMW8","Bond",0.0375,"2028-04-15",98.514,98.523,"semi-annually","UNITED STATES TREAS SER AM-2028, 3.750%, 15-APR-2028","2028-04-15-91282CMW8"
"2026-10-05T1235","91282CBZ3","Bond",0.0125,"2028-04-30",94.721,94.736,"semi-annually","UNITED STATES TREAS SER K-2028, 1.250%, 30-APR-2028","2028-04-30-91282CBZ3"
"2026-10-05T1235","91282CHA2","Bond",0.035,"2028-04-30",98.09,98.098,"semi-annually","UNITED STATES TREAS SER Y-2028, 3.500%, 30-APR-2028","2028-04-30-91282CHA2"
"2026-10-05T1235","91282CQL8","Bond",0.0375,"2028-04-30",98.453,98.462,"semi-annually","UNITED STATES TREAS SER BA-2028, 3.750%, 30-APR-2028","2028-04-30-91282CQL8"
"2026-10-05T1235","9128205B9","STRIP","","2028-05-15",92.666,92.752,"","U S TREAS SEC STRIPPED INT PMT, 0.000%, 15-MAY-2028","2028-05-15-9128205B9"
"2026-10-05T1235","9128284N7","Bond",0.02875,"2028-05-15",97.073,97.085,"semi-annually","UNITED STATES TREAS SER C-2028, 2.875%, 15-MAY-2028","2028-05-15-9128284N7"
"2026-10-05T1235","91282CND9","Bond",0.0375,"2028-05-15",98.408,98.416,"semi-annually","UNITED STATES TREAS SER AN-2028, 3.750%, 15-MAY-2028","2028-05-15-91282CND9"
"2026-10-05T1235","912833WQ9","STRIP","","2028-05-15",92.637,92.697,"","U S TREAS SEC STRIPPED INT PMT, 0.000%, 15-MAY-2028","2028-05-15-912833WQ9"
"2026-10-05T1235","91282CCE9","Bond",0.0125,"2028-05-31",94.434,94.449,"semi-annually","UNITED STATES TREAS SER L-2028, 1.250%, 31-MAY-2028","2028-05-31-91282CCE9"
"2026-10-05T1235","91282CHE4","Bond",0.03625,"2028-05-31",98.158,98.168,"semi-annually","UNITED STATES TREAS SER Z-2028, 3.625%, 31-MAY-2028","2028-05-31-91282CHE4"
"2026-10-05T1235","91282CQS3","Bond",0.04,"2028-05-31",98.741,98.747,"semi-annually","UNITED STATES TREAS SER BC-2028, 4.000%, 31-MAY-2028","2028-05-31-91282CQS3"
"2026-10-05T1235","91282CNH0","Bond",0.03875,"2028-06-15",98.492,98.5,"semi-annually","UNITED STATES TREAS SER AP-2028, 3.875%, 15-JUN-2028","2028-06-15-91282CNH0"
"2026-10-05T1235","91282CCH2","Bond",0.0125,"2028-06-30",94.144,94.155,"semi-annually","UNITED STATES TREAS SER M-2028, 1.250%, 30-JUN-2028","2028-06-30-91282CCH2"
"2026-10-05T1235","91282CHK0","Bond",0.04,"2028-06-30",98.678,98.686,"semi-annually","UNITED STATES TREAS SER AA-2028, 4.000%, 30-JUN-2028","2028-06-30-91282CHK0"
"2026-10-05T1235","91282CQY0","Bond",0.04125,"2028-06-30",98.852,98.863,"semi-annually","UNITED STATES TREAS SER BD-2028, 4.125%, 30-JUN-2028","2028-06-30-91282CQY0"
"2026-10-05T1235","912828Y38","TIPS",0.0075,"2028-07-15",97.324,97.363,"semi-annually","UNITED STATES TREAS NTS SER D-2028, 0.750%, 15-JUL-2028","2028-07-15-912828Y38"
"2026-10-05T1235","91282CNM9","Bond",0.03875,"2028-07-15",98.4,98.407,"semi-annually","UNITED STATES TREAS SER AQ-2028, 3.875%, 15-JUL-2028","2028-07-15-91282CNM9"
"2026-10-05T1235","91282CCR0","Bond",0.01,"2028-07-31",93.412,93.423,"semi-annually","UNITED STATES TREAS SER N-2028, 1.000%, 31-JUL-2028","2028-07-31-91282CCR0"
"2026-10-05T1235","91282CHQ7","Bond",0.04125,"2028-07-31",98.793,98.803,"semi-annually","UNITED STATES TREAS SER AB-2028, 4.125%, 31-JUL-2028","2028-07-31-91282CHQ7"
"2026-10-05T1235","91282CRB9","Bond",0.0425,"2028-07-31",98.993,99.001,"semi-annually","UNITED STATES TREAS SER BE-2028, 4.250%, 31-JUL-2028","2028-07-31-91282CRB9"
"2026-10-05T1235","912803BP7","Bond","","2028-08-15",91.537,91.664,"","UNITED STATES TREAS BD STRIPP ZERO CPN, 0.000%, 15-AUG-2028","2028-08-15-912803BP7"
"2026-10-05T1235","912810FE3","Bond",0.055,"2028-08-15",101.155,101.379,"semi-annually","UNITED STATES TREAS BDS, 5.500%, 15-AUG-2028","2028-08-15-912810FE3"
"2026-10-05T1235","912821AH8","STRIP","","2028-08-15",91.413,92.129,"","U S TREAS NT STRIPPED PRIN PMT, 0.000%, 15-AUG-2028","2028-08-15-912821AH8"
"2026-10-05T1235","9128284V9","Bond",0.02875,"2028-08-15",96.556,96.566,"semi-annually","UNITED STATES TREAS SER E-2028, 2.875%, 15-AUG-2028","2028-08-15-9128284V9"
"2026-10-05T1235","91282CNU1","Bond",0.03625,"2028-08-15",97.863,97.87,"semi-annually","UNITED STATES TREAS SER AR-2028, 3.625%, 15-AUG-2028","2028-08-15-91282CNU1"
"2026-10-05T1235","912833RZ5","STRIP","","2028-08-15",91.462,91.522,"","U S TREAS SEC STRIPPED INT PMT, 0.000%, 15-AUG-2028","2028-08-15-912833RZ5"
"2026-10-05T1235","91282CCV1","Bond",0.01125,"2028-08-31",93.333,93.343,"semi-annually","UNITED STATES TREAS SER P-2028, 1.125%, 31-AUG-2028","2028-08-31-91282CCV1"
"2026-10-05T1235","91282CHX2","Bond",0.04375,"2028-08-31",99.162,99.172,"semi-annually","UNITED STATES TREAS SER AC-2028, 4.375%, 31-AUG-2028","2028-08-31-91282CHX2"
"2026-10-05T1235","91282CRH6","Bond",0.04125,"2028-08-31",98.716,98.722,"semi-annually","UNITED STATES TREAS SER BG-2028, 4.125%, 31-AUG-2028","2028-08-31-91282CRH6"
"2026-10-05T1235","91282CNY3","Bond",0.03375,"2028-09-15",97.299,97.305,"semi-annually","UNITED STATES TREAS SER AS-2028, 3.375%, 15-SEP-2028","2028-09-15-91282CNY3"
"2026-10-05T1235","91282CCY5","Bond",0.0125,"2028-09-30",93.263,93.274,"semi-annually","UNITED STATES TREAS SER Q-2028, 1.250%, 30-SEP-2028","2028-09-30-91282CCY5"
"2026-10-05T1235","91282CJA0","Bond",0.04625,"2028-09-30",99.559,99.572,"semi-annually","UNITED STATES TREAS SER AD-2028, 4.625%, 30-SEP-2028","2028-09-30-91282CJA0"
"2026-10-05T1235","91282CRP8","Bond",0.0475,"2028-09-30",99.82,99.824,"semi-annually","UNITED STATES TREAS SER BH-2028, 4.750%, 30-SEP-2028","2028-09-30-91282CRP8"
"2026-10-05T1235","91282CJH5","TIPS",0.02375,"2028-10-15",99.995,100.02,"semi-annually","UNITED STATES TREAS NTS SER AE-2028, 2.375%, 15-OCT-2028","2028-10-15-91282CJH5"
"2026-10-05T1235","91282CPC9","Bond",0.035,"2028-10-15",97.39,97.402,"semi-annually","UNITED STATES TREAS SER AT-2028, 3.500%, 15-OCT-2028","2028-10-15-91282CPC9"
"2026-10-05T1235","91282CDF5","Bond",0.01375,"2028-10-31",93.195,93.21,"semi-annually","UNITED STATES TREAS SER R-2028, 1.375%, 31-OCT-2028","2028-10-31-91282CDF5"
"2026-10-05T1235","91282CJF9","Bond",0.04875,"2028-10-31",99.999,100.008,"semi-annually","UNITED STATES TREAS SER AF-2028, 4.875%, 31-OCT-2028","2028-10-31-91282CJF9"
"2026-10-05T1235","912803BV4","Bond","","2028-11-15",90.403,90.507,"","UNITED STATES TREAS BD STRIPP ZERO CPN, 0.000%, 15-NOV-2028","2028-11-15-912803BV4"
"2026-10-05T1235","912810FF0","Bond",0.0525,"2028-11-15",100.78,101.01,"semi-annually","UNITED STATES TREAS BDS, 5.250%, 15-NOV-2028","2028-11-15-912810FF0"
"2026-10-05T1235","912821AW5","STRIP","","2028-11-15",90.227,90.602,"","U S TREAS NT STRIPPED PRIN PMT, 0.000%, 15-NOV-2028","2028-11-15-912821AW5"
"2026-10-05T1235","9128285M8","Bond",0.03125,"2028-11-15",96.531,96.563,"semi-annually","UNITED STATES TREAS SER F-2028, 3.125%, 15-NOV-2028","2028-11-15-9128285M8"
"2026-10-05T1235","91282CPK1","Bond",0.035,"2028-11-15",97.263,97.279,"semi-annually","UNITED STATES TREAS SER AU-2028, 3.500%, 15-NOV-2028","2028-11-15-91282CPK1"
"2026-10-05T1235","912833WR7","STRIP","","2028-11-15",90.293,90.355,"","U S TREAS SEC STRIPPED INT PMT, 0.000%, 15-NOV-2028","2028-11-15-912833WR7"
"2026-10-05T1235","91282CDL2","Bond",0.015,"2028-11-30",93.152,93.175,"semi-annually","UNITED STATES TREAS SER S-2028, 1.500%, 30-NOV-2028","2028-11-30-91282CDL2"
"2026-10-05T1235","91282CJN2","Bond",0.04375,"2028-11-30",98.957,98.985,"semi-annually","UNITED STATES TREAS SER AG-2028, 4.375%, 30-NOV-2028","2028-11-30-91282CJN2"
"2026-10-05T1235","91282CPP0","Bond",0.035,"2028-12-15",97.146,97.159,"semi-annually","UNITED STATES TREAS SER AV-2028, 3.500%, 15-DEC-2028","2028-12-15-91282CPP0"
"2026-10-05T1235","91282CDP3","Bond",0.01375,"2028-12-31",92.625,92.652,"semi-annually","UNITED STATES TREAS SER T-2028, 1.375%, 31-DEC-2028","2028-12-31-91282CDP3"
"2026-10-05T1235","91282CJR3","Bond",0.0375,"2028-12-31",97.589,97.612,"semi-annually","UNITED STATES TREAS SER AH-2028, 3.750%, 31-DEC-2028","2028-12-31-91282CJR3"
"2026-10-05T1235","912810PZ5","TIPS",0.025,"2029-01-15",99.878,99.93,"semi-annually","UNITED STATES TREAS BDS, 2.500%, 15-JAN-2029","2029-01-15-912810PZ5"
"2026-10-05T1235","9128285W6","TIPS",0.00875,"2029-01-15",96.325,96.356,"semi-annually","UNITED STATES TREAS NTS SER A-2029, 0.875%, 15-JAN-2029","2029-01-15-9128285W6"
"2026-10-05T1235","91282CPT2","Bond",0.035,"2029-01-15",96.992,97.007,"semi-annually","UNITED STATES TREAS SER AJ-2029, 3.500%, 15-JAN-2029","2029-01-15-91282CPT2"
"2026-10-05T1235","91282CDW8","Bond",0.0175,"2029-01-31",93.152,93.172,"semi-annually","UNITED STATES TREAS SER G-2029, 1.750%, 31-JAN-2029","2029-01-31-91282CDW8"
"2026-10-05T1235","91282CJW2","Bond",0.04,"2029-01-31",98.012,98.033,"semi-annually","UNITED STATES TREAS SER U-2029, 4.000%, 31-JAN-2029","2029-01-31-91282CJW2"
"2026-10-05T1235","912803BW2","Bond","","2029-02-15",89.265,89.364,"","UNITED STATES TREAS BD STRIPP ZERO CPN, 0.000%, 15-FEB-2029","2029-02-15-912803BW2"
"2026-10-05T1235","912810FG8","Bond",0.0525,"2029-02-15",100.862,101.102,"semi-annually","UNITED STATES TREAS BDS, 5.250%, 15-FEB-2029","2029-02-15-912810FG8"
"2026-10-05T1235","912821BL8","STRIP","","2029-02-15",88.856,89.531,"","U S TREAS NT STRIPPED PRIN PMT, 0.000%, 15-FEB-2029","2029-02-15-912821BL8"
"2026-10-05T1235","9128286B1","Bond",0.02625,"2029-02-15",94.945,94.962,"semi-annually","UNITED STATES TREAS SER B-2029, 2.625%, 15-FEB-2029","2029-02-15-9128286B1"
"2026-10-05T1235","91282CQA2","Bond",0.035,"2029-02-15",96.857,96.873,"semi-annually","UNITED STATES TREAS SER AK-2029, 3.500%, 15-FEB-2029","2029-02-15-91282CQA2"
"2026-10-05T1235","912833XN5","STRIP","","2029-02-15",89.003,89.074,"","U S TREAS SEC STRIPPED INT PMT, 0.000%, 15-FEB-2029","2029-02-15-912833XN5"
"2026-10-05T1235","91282CEB3","Bond",0.01875,"2029-02-28",93.167,93.191,"semi-annually","UNITED STATES TREAS SER H-2029, 1.875%, 28-FEB-2029","2029-02-28-91282CEB3"
"2026-10-05T1235","91282CKD2","Bond",0.0425,"2029-02-28",98.506,98.529,"semi-annually","UNITED STATES TREAS SER V-2029, 4.250%, 28-FEB-2029","2029-02-28-91282CKD2"
"2026-10-05T1235","91282CQE4","Bond",0.035,"2029-03-15",96.757,96.771,"semi-annually","UNITED STATES TREAS SER AL-2029, 3.500%, 15-MAR-2029","2029-03-15-91282CQE4"
"2026-10-05T1235","91282CEE7","Bond",0.02375,"2029-03-31",94.072,94.086,"semi-annually","UNITED STATES TREAS SER J-2029, 2.375%, 31-MAR-2029","2029-03-31-91282CEE7"
"2026-10-05T1235","91282CKG5","Bond",0.04125,"2029-03-31",98.138,98.155,"semi-annually","UNITED STATES TREAS SER W-2029, 4.125%, 31-MAR-2029","2029-03-31-91282CKG5"
"2026-10-05T1235","912810FH6","TIPS",0.03875,"2029-04-15",103.024,103.068,"semi-annually","UNITED STATES TREAS BDS, 3.875%, 15-APR-2029","2029-04-15-912810FH6"
"2026-10-05T1235","91282CKL4","TIPS",0.02125,"2029-04-15",98.778,98.799,"semi-annually","UNITED STATES TREAS NTS SER X-2029, 2.125%, 15-APR-2029","2029-04-15-91282CKL4"
"2026-10-05T1235","91282CQJ3","Bond",0.03875,"2029-04-15",97.497,97.511,"semi-annually","UNITED STATES TREAS SER AM-2029, 3.875%, 15-APR-2029","2029-04-15-91282CQJ3"
"2026-10-05T1235","91282CEM9","Bond",0.02875,"2029-04-30",95.063,95.077,"semi-annually","UNITED STATES TREAS SER K-2029, 2.875%, 30-APR-2029","2029-04-30-91282CEM9"
"2026-10-05T1235","91282CKP5","Bond",0.04625,"2029-04-30",99.262,99.277,"semi-annually","UNITED STATES TREAS SER Y-2029, 4.625%, 30-APR-2029","2029-04-30-91282CKP5"
"2026-10-05T1235","912821CA1","STRIP","","2029-05-15",87.987,88.07,"","U S TREAS NT STRIPPED PRIN PMT, 0.000%, 15-MAY-2029","2029-05-15-912821CA1"
"2026-10-05T1235","9128286T2","Bond",0.02375,"2029-05-15",93.789,93.813,"semi-annually","UNITED STATES TREAS SER C-2029, 2.375%, 15-MAY-2029","2029-05-15-9128286T2"
"2026-10-05T1235","91282CQR5","Bond",0.03875,"2029-05-15",97.41,97.421,"semi-annually","UNITED STATES TREASURY NOTE, 3.875%, 15-MAY-2029","2029-05-15-91282CQR5"
"2026-10-05T1235","912833XS4","STRIP","","2029-05-15",87.873,87.965,"","U S TREAS SEC STRIPPED INT PMT, 0.000%, 15-MAY-2029","2029-05-15-912833XS4"
"2026-10-05T1235","91282CES6","Bond",0.0275,"2029-05-31",94.594,94.614,"semi-annually","UNITED STATES TREAS SER L-2029, 2.750%, 31-MAY-2029","2029-05-31-91282CES6"
"2026-10-05T1235","91282CKT7","Bond",0.045,"2029-05-31",98.89,98.911,"semi-annually","UNITED STATES TREAS SER Z-2029, 4.500%, 31-MAY-2029","2029-05-31-91282CKT7"
"2026-10-05T1235","91282CQV6","Bond",0.04125,"2029-06-15",97.932,97.94,"semi-annually","UNITED STATES TREAS SER AP-2029, 4.125%, 15-JUN-2029","2029-06-15-91282CQV6"
"2026-10-05T1235","91282CEV9","Bond",0.0325,"2029-06-30",95.683,95.7,"semi-annually","UNITED STATES TREAS SER M-2029, 3.250%, 30-JUN-2029","2029-06-30-91282CEV9"
"2026-10-05T1235","91282CKX8","Bond",0.0425,"2029-06-30",98.201,98.213,"semi-annually","UNITED STATES TREAS SER AA-2029, 4.250%, 30-JUN-2029","2029-06-30-91282CKX8"
"2026-10-05T1235","9128287D6","TIPS",0.0025,"2029-07-15",94.176,94.198,"semi-annually","UNITED STATES TREAS NTS SER D-2029, 0.250%, 15-JUL-2029","2029-07-15-9128287D6"
"2026-10-05T1235","91282CQZ7","Bond",0.04125,"2029-07-15",97.837,97.848,"semi-annually","UNITED STATES TREAS SER AQ-2029, 4.125%, 15-JUL-2029","2029-07-15-91282CQZ7"
"2026-10-05T1235","91282CFC0","Bond",0.02625,"2029-07-31",93.907,93.921,"semi-annually","UNITED STATES TREAS SER N-2029, 2.625%, 31-JUL-2029","2029-07-31-91282CFC0"
"2026-10-05T1235","91282CLC3","Bond",0.04,"2029-07-31",97.472,97.487,"semi-annually","UNITED STATES TREAS SER AB-2029, 4.000%, 31-JUL-2029","2029-07-31-91282CLC3"
"2026-10-05T1235","912803CG6","Bond","","2029-08-15",86.908,87,"","UNITED STATES TREAS BD STRIPP ZERO CPN, 0.000%, 15-AUG-2029","2029-08-15-912803CG6"
"2026-10-05T1235","912810FJ2","Bond",0.06125,"2029-08-15",103.043,103.274,"semi-annually","UNITED STATES TREAS BDS, 6.125%, 15-AUG-2029","2029-08-15-912810FJ2"
"2026-10-05T1235","912821CR4","STRIP","","2029-08-15",86.77,87.504,"","U S TREAS NT STRIPPED PRIN PMT, 0.000%, 15-AUG-2029","2029-08-15-912821CR4"
"2026-10-05T1235","912828YB0","Bond",0.01625,"2029-08-15",91.239,91.27,"semi-annually","UNITED STATES TREAS SER E-2029, 1.625%, 15-AUG-2029","2029-08-15-912828YB0"
"2026-10-05T1235","91282CRG8","Bond",0.0425,"2029-08-15",98.093,98.099,"semi-annually","UNITED STATES TREAS SER AR-2029, 4.250%, 15-AUG-2029","2029-08-15-91282CRG8"
"2026-10-05T1235","912833XP0","STRIP","","2029-08-15",86.73,86.794,"","U S TREAS SEC STRIPPED INT PMT, 0.000%, 15-AUG-2029","2029-08-15-912833XP0"
"2026-10-05T1235","91282CFJ5","Bond",0.03125,"2029-08-31",95.047,95.071,"semi-annually","UNITED STATES TREAS SER P-2029, 3.125%, 31-AUG-2029","2029-08-31-91282CFJ5"
"2026-10-05T1235","91282CLK5","Bond",0.03625,"2029-08-31",96.371,96.384,"semi-annually","UNITED STATES TREAS SER AC-2029, 3.625%, 31-AUG-2029","2029-08-31-91282CLK5"
"2026-10-05T1235","91282CRL7","Bond",0.04375,"2029-09-15",98.367,98.373,"semi-annually","UNITED STATES TREAS SER AS-2029, 4.375%, 15-SEP-2029","2029-09-15-91282CRL7"
"2026-10-05T1235","91282CFL0","Bond",0.03875,"2029-09-30",96.969,96.988,"semi-annually","UNITED STATES TREAS SER Q-2029, 3.875%, 30-SEP-2029","2029-09-30-91282CFL0"
"2026-10-05T1235","91282CLN9","Bond",0.035,"2029-09-30",95.933,95.953,"semi-annually","UNITED STATES TREAS SER AD-2029, 3.500%, 30-SEP-2029","2029-09-30-91282CLN9"
"2026-10-05T1235","91282CLV1","TIPS",0.01625,"2029-10-15",97.486,97.506,"semi-annually","UNITED STATES TREAS NTS SER AE-2029, 1.625%, 15-OCT-2029","2029-10-15-91282CLV1"
"2026-10-05T1235","91282CFT3","Bond",0.04,"2029-10-31",97.205,97.226,"semi-annually","UNITED STATES TREAS SER R-2029, 4.000%, 31-OCT-2029","2029-10-31-91282CFT3"
"2026-10-05T1235","91282CLR0","Bond",0.04125,"2029-10-31",97.56,97.573,"semi-annually","UNITED STATES TREAS SER AF-2029, 4.125%, 31-OCT-2029","2029-10-31-91282CLR0"
"2026-10-05T1235","912821DF9","STRIP","","2029-11-15",85.818,85.913,"","U S TREAS NT STRIPPED PRIN PMT, 0.000%, 15-NOV-2029","2029-11-15-912821DF9"
"2026-10-05T1235","912828YS3","Bond",0.0175,"2029-11-15",90.8,90.827,"semi-annually","UNITED STATES TREAS SER F-2029, 1.750%, 15-NOV-2029","2029-11-15-912828YS3"
"2026-10-05T1235","912833XT2","STRIP","","2029-11-15",85.593,85.674,"","U S TREAS SEC STRIPPED INT PMT, 0.000%, 15-NOV-2029","2029-11-15-912833XT2"
"2026-10-05T1235","91282CFY2","Bond",0.03875,"2029-11-30",96.746,96.774,"semi-annually","UNITED STATES TREAS SER S-2029, 3.875%, 30-NOV-2029","2029-11-30-91282CFY2"
"2026-10-05T1235","91282CMA6","Bond",0.04125,"2029-11-30",97.48,97.5,"semi-annually","UNITED STATES TREAS SER AG-2029, 4.125%, 30-NOV-2029","2029-11-30-91282CMA6"
"2026-10-05T1235","91282CGB1","Bond",0.03875,"2029-12-31",96.646,96.67,"semi-annually","UNITED STATES TREAS SER T-2029, 3.875%, 31-DEC-2029","2029-12-31-91282CGB1"
"2026-10-05T1235","91282CMD0","Bond",0.04375,"2029-12-31",98.131,98.132,"semi-annually","UNITED STATES TREAS SER AH-2029, 4.375%, 31-DEC-2029","2029-12-31-91282CMD0"
"2026-10-05T1235","912828Z37","TIPS",0.00125,"2030-01-15",92.251,92.284,"semi-annually","UNITED STATES TREAS NTS SER A-2030, 0.125%, 15-JAN-2030","2030-01-15-912828Z37"
"2026-10-05T1235","91282CGJ4","Bond",0.035,"2030-01-31",95.414,95.434,"semi-annually","UNITED STATES TREAS SER G-2030, 3.500%, 31-JAN-2030","2030-01-31-91282CGJ4"
"2026-10-05T1235","91282CMG3","Bond",0.0425,"2030-01-31",97.689,97.703,"semi-annually","UNITED STATES TREAS SER U-2030, 4.250%, 31-JAN-2030","2030-01-31-91282CMG3"
"2026-10-05T1235","912821DV4","STRIP","","2030-02-15",84.676,84.789,"","U S TREAS NT STRIPPED PRIN PMT, 0.000%, 15-FEB-2030","2030-02-15-912821DV4"
"2026-10-05T1235","912828Z94","Bond",0.015,"2030-02-15",89.261,89.283,"semi-annually","UNITED STATES TREAS NTS NOTE, 1.500%, 15-FEB-2030","2030-02-15-912828Z94"
"2026-10-05T1235","912833XX3","STRIP","","2030-02-15",84.411,84.508,"","U S TREAS SEC STRIPPED INT PMT, 0.000%, 15-FEB-2030","2030-02-15-912833XX3"
"2026-10-05T1235","91282CGQ8","Bond",0.04,"2030-02-28",96.869,96.881,"semi-annually","UNITED STATES TREAS SER H-2030, 4.000%, 28-FEB-2030","2030-02-28-91282CGQ8"
"2026-10-05T1235","91282CGS4","Bond",0.03625,"2030-03-31",95.569,95.57,"semi-annually","UNITED STATES TREAS SER J-2030, 3.625%, 31-MAR-2030","2030-03-31-91282CGS4"
"2026-10-05T1235","91282CMU2","Bond",0.04,"2030-03-31",96.76,96.777,"semi-annually","UNITED STATES TREAS SER W-2030, 4.000%, 31-MAR-2030","2030-03-31-91282CMU2"
"2026-10-05T1235","91282CNB3","TIPS",0.01625,"2030-04-15",96.51,96.536,"semi-annually","UNITED STATES TREAS NTS SER X-2030, 1.625%, 15-APR-2030","2030-04-15-91282CNB3"
"2026-10-05T1235","91282CGZ8","Bond",0.035,"2030-04-30",95.058,95.085,"semi-annually","UNITED STATES TREAS SER K-2030, 3.500%, 30-APR-2030","2030-04-30-91282CGZ8"
"2026-10-05T1235","91282CMZ1","Bond",0.03875,"2030-04-30",96.285,96.301,"semi-annually","UNITED STATES TREAS SER Y-2030, 3.875%, 30-APR-2030","2030-04-30-91282CMZ1"
"2026-10-05T1235","912803CH4","Bond","","2030-05-15",83.581,83.679,"","UNITED STATES TREAS BD STRIPP ZERO CPN, 0.000%, 15-MAY-2030","2030-05-15-912803CH4"
"2026-10-05T1235","912810FM5","Bond",0.0625,"2030-05-15",103.978,104.221,"semi-annually","UNITED STATES TREAS BDS, 6.250%, 15-MAY-2030","2030-05-15-912810FM5"
"2026-10-05T1235","912821EK7","STRIP","","2030-05-15",83.36,84.332,"","U S TREAS NT STRIPPED PRIN PMT, 0.000%, 15-MAY-2030","2030-05-15-912821EK7"
"2026-10-05T1235","912828ZQ6","Bond",0.00625,"2030-05-15",85.613,85.641,"semi-annually","UNITED STATES TREAS SER C-2030, 0.625%, 15-MAY-2030","2030-05-15-912828ZQ6"
"2026-10-05T1235","912833XU9","STRIP","","2030-05-15",83.333,83.434,"","U S TREAS SEC STRIPPED INT PMT, 0.000%, 15-MAY-2030","2030-05-15-912833XU9"
"2026-10-05T1235","91282CHF1","Bond",0.0375,"2030-05-31",95.757,95.779,"semi-annually","UNITED STATES TREAS SER L-2030, 3.750%, 31-MAY-2030","2030-05-31-91282CHF1"
"2026-10-05T1235","91282CNG2","Bond",0.04,"2030-05-31",96.578,96.597,"semi-annually","UNITED STATES TREAS SER Z-2030, 4.000%, 31-MAY-2030","2030-05-31-91282CNG2"
"2026-10-05T1235","91282CHJ3","Bond",0.0375,"2030-06-30",95.648,95.668,"semi-annually","UNITED STATES TREAS SER M-2030, 3.750%, 30-JUN-2030","2030-06-30-91282CHJ3"
"2026-10-05T1235","91282CNK3","Bond",0.03875,"2030-06-30",96.074,96.094,"semi-annually","UNITED STATES TREAS SER AA-2030, 3.875%, 30-JUN-2030","2030-06-30-91282CNK3"
"2026-10-05T1235","912828ZZ6","TIPS",0.00125,"2030-07-15",91.401,91.433,"semi-annually","UNITED STATES TREAS NTS SER D-2030, 0.125%, 15-JUL-2030","2030-07-15-912828ZZ6"
"2026-10-05T1235","91282CHR5","Bond",0.04,"2030-07-31",96.409,96.427,"semi-annually","UNITED STATES TREAS SER N-2030, 4.000%, 31-JUL-2030","2030-07-31-91282CHR5"
"2026-10-05T1235","91282CNN7","Bond",0.03875,"2030-07-31",95.98,95.995,"semi-annually","UNITED STATES TREAS SER AB-2030, 3.875%, 31-JUL-2030","2030-07-31-91282CNN7"
"2026-10-05T1235","912821EZ4","STRIP","","2030-08-15",82.488,82.618,"","U S TREAS NT STRIPPED PRIN PMT, 0.000%, 15-AUG-2030","2030-08-15-912821EZ4"
"2026-10-05T1235","91282CAE1","Bond",0.00625,"2030-08-15",84.658,84.676,"semi-annually","UNITED STATES TREAS SER E-2030, 0.625%, 15-AUG-2030","2030-08-15-91282CAE1"
"2026-10-05T1235","912833XY1","STRIP","","2030-08-15",82.227,82.304,"","U S TREAS SEC STRIPPED INT PMT, 0.000%, 15-AUG-2030","2030-08-15-912833XY1"
"2026-10-05T1235","91282CHW4","Bond",0.04125,"2030-08-31",96.742,96.758,"semi-annually","UNITED STATES TREAS SER P-2030, 4.125%, 31-AUG-2030","2030-08-31-91282CHW4"
"2026-10-05T1235","91282CNX5","Bond",0.03625,"2030-08-31",94.992,95.01,"semi-annually","UNITED STATES TREAS SER AC-2030, 3.625%, 31-AUG-2030","2030-08-31-91282CNX5"
"2026-10-05T1235","91282CHZ7","Bond",0.04625,"2030-09-30",98.474,98.495,"semi-annually","UNITED STATES TREAS SER Q-2030, 4.625%, 30-SEP-2030","2030-09-30-91282CHZ7"
"2026-10-05T1235","91282CPA3","Bond",0.03625,"2030-09-30",94.902,94.918,"semi-annually","UNITED STATES TREAS SER AD-2030, 3.625%, 30-SEP-2030","2030-09-30-91282CPA3"
"2026-10-05T1235","91282CPH8","TIPS",0.01125,"2030-10-15",94.544,94.557,"semi-annually","UNITED STATES TREAS NTS SER AE-2030, 1.125%, 15-OCT-2030","2030-10-15-91282CPH8"
"2026-10-05T1235","91282CJG7","Bond",0.04875,"2030-10-31",99.343,99.366,"semi-annually","UNITED STATES TREAS SER R-2030, 4.875%, 31-OCT-2030","2030-10-31-91282CJG7"
"2026-10-05T1235","91282CPD7","Bond",0.03625,"2030-10-31",94.782,94.801,"semi-annually","UNITED STATES TREAS SER AF-2030, 3.625%, 31-OCT-2030","2030-10-31-91282CPD7"
"2026-10-05T1235","912821FP5","STRIP","","2030-11-15",81.435,81.566,"","U S TREAS NT STRIPPED PRIN PMT, 0.000%, 15-NOV-2030","2030-11-15-912821FP5"
"2026-10-05T1235","91282CAV3","Bond",0.00875,"2030-11-15",84.638,84.657,"semi-annually","UNITED STATES TREAS SER F-2030, 0.875%, 15-NOV-2030","2030-11-15-91282CAV3"
"2026-10-05T1235","9128337N4","STRIP","","2030-11-15",81.083,81.206,"","U S TREAS SEC STRIPPED INT PMT, 0.000%, 15-NOV-2030","2030-11-15-9128337N4"
"2026-10-05T1235","91282CJM4","Bond",0.04375,"2030-11-30",97.445,97.465,"semi-annually","UNITED STATES TREAS SER S-2030, 4.375%, 30-NOV-2030","2030-11-30-91282CJM4"
"2026-10-05T1235","91282CPN5","Bond",0.035,"2030-11-30",94.187,94.207,"semi-annually","UNITED STATES TREAS SER AG-2030, 3.500%, 30-NOV-2030","2030-11-30-91282CPN5"
"2026-10-05T1235","91282CJQ5","Bond",0.0375,"2030-12-31",95.027,95.046,"semi-annually","UNITED STATES TREAS SER T-2030, 3.750%, 31-DEC-2030","2030-12-31-91282CJQ5"
"2026-10-05T1235","91282CPR6","Bond",0.03625,"2030-12-31",94.556,94.573,"semi-annually","UNITED STATES TREAS SER AH-2030, 3.625%, 31-DEC-2030","2030-12-31-91282CPR6"
"2026-10-05T1235","91282CBF7","TIPS",0.00125,"2031-01-15",89.923,89.952,"semi-annually","UNITED STATES TREAS NTS SER A-2031, 0.125%, 15-JAN-2031","2031-01-15-91282CBF7"
"2026-10-05T1235","91282CJX0","Bond",0.04,"2031-01-31",95.88,95.895,"semi-annually","UNITED STATES TREAS SER G-2031, 4.000%, 31-JAN-2031","2031-01-31-91282CJX0"
"2026-10-05T1235","91282CPW5","Bond",0.0375,"2031-01-31",94.906,94.926,"semi-annually","UNITED STATES TREAS SER U-2031, 3.750%, 31-JAN-2031","2031-01-31-91282CPW5"
"2026-10-05T1235","912803CK7","Bond","","2031-02-15",80.478,80.595,"","UNITED STATES TREAS BD STRIPP ZERO CPN, 0.000%, 15-FEB-2031","2031-02-15-912803CK7"
"2026-10-05T1235","912810FP8","Bond",0.05375,"2031-02-15",101.243,101.438,"semi-annually","UNITED STATES TREAS BDS, 5.375%, 15-FEB-2031","2031-02-15-912810FP8"
"2026-10-05T1235","912821GD1","STRIP","","2031-02-15",80.004,81.277,"","U S TREAS NT STRIPPED PRIN PMT, 0.000%, 15-FEB-2031","2031-02-15-912821GD1"
"2026-10-05T1235","91282CBL4","Bond",0.01125,"2031-02-15",84.819,84.842,"semi-annually","UNITED STATES TREAS SER B-2031, 1.125%, 15-FEB-2031","2031-02-15-91282CBL4"
"2026-10-05T1235","912833XZ8","STRIP","","2031-02-15",80.025,80.117,"","U S TREAS SEC STRIPPED INT PMT, 0.000%, 15-FEB-2031","2031-02-15-912833XZ8"
"2026-10-05T1235","91282CKC4","Bond",0.0425,"2031-02-28",96.79,96.808,"semi-annually","UNITED STATES TREAS SER H-2031, 4.250%, 28-FEB-2031","2031-02-28-91282CKC4"
"2026-10-05T1235","91282CQD6","Bond",0.035,"2031-02-28",93.878,93.887,"semi-annually","UNITED STATES TREAS SER V-2031, 3.500%, 28-FEB-2031","2031-02-28-91282CQD6"
"2026-10-05T1235","91282CKF7","Bond",0.04125,"2031-03-31",96.219,96.239,"semi-annually","UNITED STATES TREAS SER J-2031, 4.125%, 31-MAR-2031","2031-03-31-91282CKF7"
"2026-10-05T1235","91282CQG9","Bond",0.03875,"2031-03-31",95.216,95.233,"semi-annually","UNITED STATES TREAS SER W-2031, 3.875%, 31-MAR-2031","2031-03-31-91282CQG9"
"2026-10-05T1235","91282CQP9","TIPS",0.0125,"2031-04-15",93.907,93.939,"semi-annually","UNITED STATES TREAS NTS SER X-2031, 1.250%, 15-APR-2031","2031-04-15-91282CQP9"
"2026-10-05T1235","91282CKN0","Bond",0.04625,"2031-04-30",98.16,98.179,"semi-annually","UNITED STATES TREAS SER K-2031, 4.625%, 30-APR-2031","2031-04-30-91282CKN0"
"2026-10-05T1235","91282CQK0","Bond",0.03875,"2031-04-30",95.132,95.148,"semi-annually","UNITED STATES TREAS SER Y-2031, 3.875%, 30-APR-2031","2031-04-30-91282CQK0"
"2026-10-05T1235","912821MH5","STRIP","","2031-05-15",79.316,79.465,"","U S TREAS NT STRIPPED PRIN PMT, 0.000%, 15-MAY-2031","2031-05-15-912821MH5"
"2026-10-05T1235","91282CCB5","Bond",0.01625,"2031-05-15",85.95,85.967,"semi-annually","UNITED STATES TREAS SER C-2031, 1.625%, 15-MAY-2031","2031-05-15-91282CCB5"
"2026-10-05T1235","9128337P9","STRIP","","2031-05-15",78.965,79.075,"","U S TREAS SEC STRIPPED INT PMT, 0.000%, 15-MAY-2031","2031-05-15-9128337P9"
"2026-10-05T1235","91282CKU4","Bond",0.04625,"2031-05-31",98.098,98.115,"semi-annually","UNITED STATES TREAS SER L-2031, 4.625%, 31-MAY-2031","2031-05-31-91282CKU4"
"2026-10-05T1235","91282CQU8","Bond",0.04125,"2031-05-31",96.056,96.069,"semi-annually","UNITED STATES TREAS SER Z-2031, 4.125%, 31-MAY-2031","2031-05-31-91282CQU8"
"2026-10-05T1235","91282CKW0","Bond",0.0425,"2031-06-30",96.489,96.512,"semi-annually","UNITED STATES TREAS SER M-2031, 4.250%, 30-JUN-2031","2031-06-30-91282CKW0"
"2026-10-05T1235","91282CQX2","Bond",0.04125,"2031-06-30",95.984,95.994,"semi-annually","UNITED STATES TREAS SER AA-2031, 4.125%, 30-JUN-2031","2031-06-30-91282CQX2"
"2026-10-05T1235","91282CCM1","TIPS",0.00125,"2031-07-15",89.012,89.046,"semi-annually","UNITED STATES TREAS NTS SER D-2031, 0.125%, 15-JUL-2031","2031-07-15-91282CCM1"
"2026-10-05T1235","91282CLD1","Bond",0.04125,"2031-07-31",95.903,95.918,"semi-annually","UNITED STATES TREAS SER N-2031, 4.125%, 31-JUL-2031","2031-07-31-91282CLD1"
"2026-10-05T1235","91282CRA1","Bond",0.04375,"2031-07-31",96.959,96.971,"semi-annually","UNITED STATES TREAS SER AB-2031, 4.375%, 31-JUL-2031","2031-07-31-91282CRA1"
"2026-10-05T1235","912821MX0","STRIP","","2031-08-15",78.282,78.398,"","U S TREAS NT STRIPPED PRIN PMT, 0.000%, 15-AUG-2031","2031-08-15-912821MX0"
"2026-10-05T1235","91282CCS8","Bond",0.0125,"2031-08-15",83.597,83.614,"semi-annually","UNITED STATES TREAS SER E-2031, 1.250%, 15-AUG-2031","2031-08-15-91282CCS8"
"2026-10-05T1235","9128334S6","STRIP","","2031-08-15",77.926,78.029,"","U S TREAS SEC STRIPPED INT PMT, 0.000%, 15-AUG-2031","2031-08-15-9128334S6"
"2026-10-05T1235","91282CLJ8","Bond",0.0375,"2031-08-31",94.207,94.215,"semi-annually","UNITED STATES TREAS SER P-2031, 3.750%, 31-AUG-2031","2031-08-31-91282CLJ8"
"2026-10-05T1235","91282CRK9","Bond",0.04375,"2031-08-31",96.94,96.952,"semi-annually","UNITED STATES TREAS SER AC-2031, 4.375%, 31-AUG-2031","2031-08-31-91282CRK9"
"2026-10-05T1235","91282CLM1","Bond",0.03625,"2031-09-30",93.558,93.573,"semi-annually","UNITED STATES TREAS SER Q-2031, 3.625%, 30-SEP-2031","2031-09-30-91282CLM1"
"2026-10-05T1235","91282CRN3","Bond",0.05,"2031-09-30",99.619,99.625,"semi-annually","UNITED STATES TREAS SER AD-2031, 5.000%, 30-SEP-2031","2031-09-30-91282CRN3"
"2026-10-05T1235","91282CLU3","Bond",0.04125,"2031-10-31",95.658,95.672,"semi-annually","UNITED STATES TREAS SER R-2031, 4.125%, 31-OCT-2031","2031-10-31-91282CLU3"
"2026-10-05T1235","912821GU3","STRIP","","2031-11-15",77.185,77.277,"","U S TREAS NT STRIPPED PRIN PMT, 0.000%, 15-NOV-2031","2031-11-15-912821GU3"
"2026-10-05T1235","91282CDJ7","Bond",0.01375,"2031-11-15",83.329,83.349,"semi-annually","UNITED STATES TREAS SER F-2031, 1.375%, 15-NOV-2031","2031-11-15-91282CDJ7"
"2026-10-05T1235","9128337Q7","STRIP","","2031-11-15",76.866,76.949,"","U S TREAS SEC STRIPPED INT PMT, 0.000%, 15-NOV-2031","2031-11-15-9128337Q7"
"2026-10-05T1235","91282CLZ2","Bond",0.04125,"2031-11-30",95.571,95.59,"semi-annually","UNITED STATES TREAS SER S-2031, 4.125%, 30-NOV-2031","2031-11-30-91282CLZ2"
"2026-10-05T1235","91282CMC2","Bond",0.045,"2031-12-31",97.204,97.221,"semi-annually","UNITED STATES TREAS SER T-2031, 4.500%, 31-DEC-2031","2031-12-31-91282CMC2"
"2026-10-05T1235","91282CDX6","TIPS",0.00125,"2032-01-15",87.431,87.461,"semi-annually","UNITED STATES TREAS NTS SER A-2032, 0.125%, 15-JAN-2032","2032-01-15-91282CDX6"
"2026-10-05T1235","91282CMK4","Bond",0.04375,"2032-01-31",96.536,96.551,"semi-annually","UNITED STATES TREAS SER G-2032, 4.375%, 31-JAN-2032","2032-01-31-91282CMK4"
"2026-10-05T1235","912821HJ7","STRIP","","2032-02-15",76.128,76.257,"","U S TREAS NT STRIPPED PRIN PMT, 0.000%, 15-FEB-2032","2032-02-15-912821HJ7"
"2026-10-05T1235","91282CDY4","Bond",0.01875,"2032-02-15",84.858,84.877,"semi-annually","UNITED STATES TREAS SER B-2032, 1.875%, 15-FEB-2032","2032-02-15-91282CDY4"
"2026-10-05T1235","9128334T4","STRIP","","2032-02-15",75.778,75.894,"","U S TREAS SEC STRIPPED INT PMT, 0.000%, 15-FEB-2032","2032-02-15-9128334T4"
"2026-10-05T1235","91282CMR9","Bond",0.04125,"2032-02-29",95.304,95.32,"semi-annually","UNITED STATES TREAS SER H-2032, 4.125%, 29-FEB-2032","2032-02-29-91282CMR9"
"2026-10-05T1235","91282CMT5","Bond",0.04125,"2032-03-31",95.232,95.256,"semi-annually","UNITED STATES TREAS SER J-2032, 4.125%, 31-MAR-2032","2032-03-31-91282CMT5"
"2026-10-05T1235","912810FQ6","TIPS",0.03375,"2032-04-15",103.29,103.335,"semi-annually","UNITED STATES TREASURY, 3.375%, 15-APR-2032","2032-04-15-912810FQ6"
"2026-10-05T1235","91282CNA5","Bond",0.04,"2032-04-30",94.562,94.578,"semi-annually","UNITED STATES TREAS SER K-2032, 4.000%, 30-APR-2032","2032-04-30-91282CNA5"
"2026-10-05T1235","912821HY4","STRIP","","2032-05-15",75.129,75.216,"","U S TREAS NT STRIPPED PRIN PMT, 0.000%, 15-MAY-2032","2032-05-15-912821HY4"
"2026-10-05T1235","91282CEP2","Bond",0.02875,"2032-05-15",89.019,89.036,"semi-annually","UNITED STATES TREAS SER C-2032, 2.875%, 15-MAY-2032","2032-05-15-91282CEP2"
"2026-10-05T1235","9128337R5","STRIP","","2032-05-15",74.806,74.883,"","U S TREAS SEC STRIPPED INT PMT, 0.000%, 15-MAY-2032","2032-05-15-9128337R5"
"2026-10-05T1235","91282CNF4","Bond",0.04125,"2032-05-31",95.047,95.065,"semi-annually","UNITED STATES TREAS SER L-2032, 4.125%, 31-MAY-2032","2032-05-31-91282CNF4"
"2026-10-05T1235","91282CNJ6","Bond",0.04,"2032-06-30",94.367,94.394,"semi-annually","UNITED STATES TREAS SER M-2032, 4.000%, 30-JUN-2032","2032-06-30-91282CNJ6"
"2026-10-05T1235","91282CEZ0","TIPS",0.00625,"2032-07-15",89.146,89.165,"semi-annually","UNITED STATES TREAS NTS SER D-2032, 0.625%, 15-JUL-2032","2032-07-15-91282CEZ0"
"2026-10-05T1235","91282CNR8","Bond",0.04,"2032-07-31",94.246,94.263,"semi-annually","UNITED STATES TREAS SER N-2032, 4.000%, 31-JUL-2032","2032-07-31-91282CNR8"
"2026-10-05T1235","912821JN6","STRIP","","2032-08-15",74.101,74.229,"","U S TREAS NT STRIPPED PRIN PMT, 0.000%, 15-AUG-2032","2032-08-15-912821JN6"
"2026-10-05T1235","91282CFF3","Bond",0.0275,"2032-08-15",87.917,87.938,"semi-annually","UNITED STATES TREAS SER E-2032, 2.750%, 15-AUG-2032","2032-08-15-91282CFF3"
"2026-10-05T1235","9128334U1","STRIP","","2032-08-15",73.714,73.82,"","U S TREAS SEC STRIPPED INT PMT, 0.000%, 15-AUG-2032","2032-08-15-9128334U1"
"2026-10-05T1235","91282CNW7","Bond",0.03875,"2032-08-31",93.539,93.557,"semi-annually","UNITED STATES TREAS SER P-2032, 3.875%, 31-AUG-2032","2032-08-31-91282CNW7"
"2026-10-05T1235","91282CNZ0","Bond",0.03875,"2032-09-30",93.432,93.458,"semi-annually","UNITED STATES TREAS SER Q-2032, 3.875%, 30-SEP-2032","2032-09-30-91282CNZ0"
"2026-10-05T1235","91282CPF2","Bond",0.0375,"2032-10-31",92.679,92.708,"semi-annually","UNITED STATES TREAS SER R-2032, 3.750%, 31-OCT-2032","2032-10-31-91282CPF2"
"2026-10-05T1235","912821KC8","STRIP","","2032-11-15",73.139,73.25,"","U S TREAS NT STRIPPED PRIN PMT, 0.000%, 15-NOV-2032","2032-11-15-912821KC8"
"2026-10-05T1235","91282CFV8","Bond",0.04125,"2032-11-15",94.57,94.586,"semi-annually","UNITED STATES TREAS SER F-2032, 4.125%, 15-NOV-2032","2032-11-15-91282CFV8"
"2026-10-05T1235","9128337S3","STRIP","","2032-11-15",72.735,72.812,"","U S TREAS SEC STRIPPED INT PMT, 0.000%, 15-NOV-2032","2032-11-15-9128337S3"
"2026-10-05T1235","91282CPM7","Bond",0.0375,"2032-11-30",92.574,92.596,"semi-annually","UNITED STATES TREAS SER S-2032, 3.750%, 30-NOV-2032","2032-11-30-91282CPM7"
"2026-10-05T1235","91282CPQ8","Bond",0.03875,"2032-12-31",93.117,93.142,"semi-annually","UNITED STATES TREAS SER T-2032, 3.875%, 31-DEC-2032","2032-12-31-91282CPQ8"
"2026-10-05T1235","91282CGK1","TIPS",0.01125,"2033-01-15",90.615,90.642,"semi-annually","UNITED STATES TREAS NTS SER A-2033, 1.125%, 15-JAN-2033","2033-01-15-91282CGK1"
"2026-10-05T1235","91282CPY1","Bond",0.04,"2033-01-31",93.675,93.696,"semi-annually","UNITED STATES TREAS SER G-2033, 4.000%, 31-JAN-2033","2033-01-31-91282CPY1"
"2026-10-05T1235","912821KS3","STRIP","","2033-02-15",72.114,72.23,"","U S TREAS NT STRIPPED PRIN PMT, 0.000%, 15-FEB-2033","2033-02-15-912821KS3"
"2026-10-05T1235","91282CGM7","Bond",0.035,"2033-02-15",90.933,90.953,"semi-annually","UNITED STATES TREAS SER B-2033, 3.500%, 15-FEB-2033","2033-02-15-91282CGM7"
"2026-10-05T1235","9128334V9","STRIP","","2033-02-15",71.723,71.812,"","U S TREAS SEC STRIPPED INT PMT, 0.000%, 15-FEB-2033","2033-02-15-9128334V9"
"2026-10-05T1235","91282CQC8","Bond",0.0375,"2033-02-28",92.269,92.29,"semi-annually","UNITED STATES TREAS SER H-2033, 3.750%, 28-FEB-2033","2033-02-28-91282CQC8"
"2026-10-05T1235","91282CQF1","Bond",0.0425,"2033-03-31",94.875,94.895,"semi-annually","UNITED STATES TREAS SER J-2033, 4.250%, 31-MAR-2033","2033-03-31-91282CQF1"
"2026-10-05T1235","91282CQN4","Bond",0.04125,"2033-04-30",94.094,94.109,"semi-annually","UNITED STATES TREAS SER K-2033, 4.125%, 30-APR-2033","2033-04-30-91282CQN4"
"2026-10-05T1235","912821LG8","STRIP","","2033-05-15",71.189,71.284,"","U S TREAS NT STRIPPED PRIN PMT, 0.000%, 15-MAY-2033","2033-05-15-912821LG8"
"2026-10-05T1235","91282CHC8","Bond",0.03375,"2033-05-15",89.882,89.901,"semi-annually","UNITED STATES TREAS SER C-2033, 3.375%, 15-MAY-2033","2033-05-15-91282CHC8"
"2026-10-05T1235","9128337T1","STRIP","","2033-05-15",70.762,70.854,"","U S TREAS SEC STRIPPED INT PMT, 0.000%, 15-MAY-2033","2033-05-15-9128337T1"
"2026-10-05T1235","91282CQT1","Bond",0.0425,"2033-05-31",94.71,94.729,"semi-annually","UNITED STATES TREAS SER L-2033, 4.250%, 31-MAY-2033","2033-05-31-91282CQT1"
"2026-10-05T1235","91282CQW4","Bond",0.0425,"2033-06-30",94.626,94.64,"semi-annually","UNITED STATES TREAS SER M-2033, 4.250%, 30-JUN-2033","2033-06-30-91282CQW4"
"2026-10-05T1235","91282CHP9","TIPS",0.01375,"2033-07-15",91.574,91.605,"semi-annually","UNITED STATES TREAS NTS SER D-2033, 1.375%, 15-JUL-2033","2033-07-15-91282CHP9"
"2026-10-05T1235","91282CRC7","Bond",0.04375,"2033-07-31",95.254,95.268,"semi-annually","UNITED STATES TREAS SER N-2033, 4.375%, 31-JUL-2033","2033-07-31-91282CRC7"
"2026-10-05T1235","912821LW3","STRIP","","2033-08-15",70.21,70.307,"","U S TREAS NT STRIPPED PRIN PMT, 0.000%, 15-AUG-2033","2033-08-15-912821LW3"
"2026-10-05T1235","91282CHT1","Bond",0.03875,"2033-08-15",92.357,92.378,"semi-annually","UNITED STATES TREAS SER E-2033, 3.875%, 15-AUG-2033","2033-08-15-91282CHT1"
"2026-10-05T1235","9128334W7","STRIP","","2033-08-15",69.716,69.801,"","U S TREAS SEC STRIPPED INT PMT, 0.000%, 15-AUG-2033","2033-08-15-9128334W7"
"2026-10-05T1235","91282CRJ2","Bond",0.045,"2033-08-31",95.937,95.949,"semi-annually","UNITED STATES TREAS SER P-2033, 4.500%, 31-AUG-2033","2033-08-31-91282CRJ2"
"2026-10-05T1235","91282CRM5","Bond",0.05,"2033-09-30",98.775,98.781,"semi-annually","UNITED STATES TREAS SER Q-2033, 5.000%, 30-SEP-2033","2033-09-30-91282CRM5"
"2026-10-05T1235","912821NP6","STRIP","","2033-11-15",69.232,69.345,"","U S TREAS NT STRIPPED PRIN PMT, 0.000%, 15-NOV-2033","2033-11-15-912821NP6"
"2026-10-05T1235","91282CJJ1","Bond",0.045,"2033-11-15",95.746,95.769,"semi-annually","UNITED STATES TREAS SER F-2033, 4.500%, 15-NOV-2033","2033-11-15-91282CJJ1"
"2026-10-05T1235","9128337U8","STRIP","","2033-11-15",68.778,68.89,"","U S TREAS SEC STRIPPED INT PMT, 0.000%, 15-NOV-2033","2033-11-15-9128337U8"
"2026-10-05T1235","91282CJY8","TIPS",0.0175,"2034-01-15",92.948,92.974,"semi-annually","UNITED STATES TREAS NTS SER A-2034, 1.750%, 15-JAN-2034","2034-01-15-91282CJY8"
"2026-10-05T1235","912821PD1","STRIP","","2034-02-15",68.219,68.325,"","U S TREAS NT STRIPPED PRIN PMT, 0.000%, 15-FEB-2034","2034-02-15-912821PD1"
"2026-10-05T1235","91282CJZ5","Bond",0.04,"2034-02-15",92.472,92.497,"semi-annually","UNITED STATES TREAS SER B-2034, 4.000%, 15-FEB-2034","2034-02-15-91282CJZ5"
"2026-10-05T1235","9128334X5","STRIP","","2034-02-15",67.782,67.883,"","U S TREAS SEC STRIPPED INT PMT, 0.000%, 15-FEB-2034","2034-02-15-9128334X5"
"2026-10-05T1235","912821PT6","STRIP","","2034-05-15",67.32,67.449,"","U S TREAS NT STRIPPED PRIN PMT, 0.000%, 15-MAY-2034","2034-05-15-912821PT6"
"2026-10-05T1235","91282CKQ3","Bond",0.04375,"2034-05-15",94.549,94.577,"semi-annually","UNITED STATES TREAS SER C-2034, 4.375%, 15-MAY-2034","2034-05-15-91282CKQ3"
"2026-10-05T1235","9128337V6","STRIP","","2034-05-15",66.799,66.905,"","U S TREAS SEC STRIPPED INT PMT, 0.000%, 15-MAY-2034","2034-05-15-9128337V6"
"2026-10-05T1235","91282CLE9","TIPS",0.01875,"2034-07-15",93.463,93.486,"semi-annually","UNITED STATES TREAS NTS SER D-2034, 1.875%, 15-JUL-2034","2034-07-15-91282CLE9"
"2026-10-05T1235","912821QH1","STRIP","","2034-08-15",66.382,66.486,"","U S TREAS NT STRIPPED PRIN PMT, 0.000%, 15-AUG-2034","2034-08-15-912821QH1"
"2026-10-05T1235","91282CLF6","Bond",0.03875,"2034-08-15",91.125,91.139,"semi-annually","UNITED STATES TREAS SER E-2034, 3.875%, 15-AUG-2034","2034-08-15-91282CLF6"
"2026-10-05T1235","9128334Y3","STRIP","","2034-08-15",65.883,65.983,"","U S TREAS SEC STRIPPED INT PMT, 0.000%, 15-AUG-2034","2034-08-15-9128334Y3"
"2026-10-05T1235","912821QX6","STRIP","","2034-11-15",65.442,65.602,"","U S TREAS NT STRIPPED PRIN PMT, 0.000%, 15-NOV-2034","2034-11-15-912821QX6"
"2026-10-05T1235","91282CLW9","Bond",0.0425,"2034-11-15",93.283,93.298,"semi-annually","UNITED STATES TREAS SER F-2034, 4.250%, 15-NOV-2034","2034-11-15-91282CLW9"
"2026-10-05T1235","9128337W4","STRIP","","2034-11-15",64.929,65.054,"","U S TREAS SEC STRIPPED INT PMT, 0.000%, 15-NOV-2034","2034-11-15-9128337W4"
"2026-10-05T1235","91282CML2","TIPS",0.02125,"2035-01-15",94.357,94.384,"semi-annually","UNITED STATES TREAS NTS SER A-2035, 2.125%, 15-JAN-2035","2035-01-15-91282CML2"
"2026-10-05T1235","912821RM9","STRIP","","2035-02-15",64.491,64.604,"","U S TREAS NT STRIPPED PRIN PMT, 0.000%, 15-FEB-2035","2035-02-15-912821RM9"
"2026-10-05T1235","91282CMM0","Bond",0.04625,"2035-02-15",95.54,95.567,"semi-annually","UNITED STATES TREAS SER B-2035, 4.625%, 15-FEB-2035","2035-02-15-91282CMM0"
"2026-10-05T1235","9128334Z0","STRIP","","2035-02-15",63.95,64.088,"","U S TREAS SEC STRIPPED INT PMT, 0.000%, 15-FEB-2035","2035-02-15-9128334Z0"
"2026-10-05T1235","912821SB2","STRIP","","2035-05-15",63.602,63.731,"","U S TREAS NT STRIPPED PRIN PMT, 0.000%, 15-MAY-2035","2035-05-15-912821SB2"
"2026-10-05T1235","91282CNC1","Bond",0.0425,"2035-05-15",92.804,92.833,"semi-annually","UNITED STATES TREAS SER C-2035, 4.250%, 15-MAY-2035","2035-05-15-91282CNC1"
"2026-10-05T1235","912833X88","STRIP","","2035-05-15",63.11,63.225,"","U S TREAS SEC STRIPPED INT PMT, 0.000%, 15-MAY-2035","2035-05-15-912833X88"
"2026-10-05T1235","91282CNS6","TIPS",0.01875,"2035-07-15",92.12,92.137,"semi-annually","UNITED STATES TREAS NTS SER D-2035, 1.875%, 15-JUL-2035","2035-07-15-91282CNS6"
"2026-10-05T1235","912821SR7","STRIP","","2035-08-15",62.709,62.843,"","U S TREAS NT STRIPPED PRIN PMT, 0.000%, 15-AUG-2035","2035-08-15-912821SR7"
"2026-10-05T1235","91282CNT4","Bond",0.0425,"2035-08-15",92.57,92.592,"semi-annually","UNITED STATES TREAS SER E-2035, 4.250%, 15-AUG-2035","2035-08-15-91282CNT4"
"2026-10-05T1235","9128335A4","STRIP","","2035-08-15",62.141,62.28,"","U S TREAS SEC STRIPPED INT PMT, 0.000%, 15-AUG-2035","2035-08-15-9128335A4"
"2026-10-05T1235","912821TF2","STRIP","","2035-11-15",61.795,61.986,"","U S TREAS NT STRIPPED PRIN PMT, 0.000%, 15-NOV-2035","2035-11-15-912821TF2"
"2026-10-05T1235","91282CPJ4","Bond",0.04,"2035-11-15",90.546,90.559,"semi-annually","UNITED STATES TREAS SER F-2035, 4.000%, 15-NOV-2035","2035-11-15-91282CPJ4"
"2026-10-05T1235","912833X96","STRIP","","2035-11-15",61.261,61.365,"","U S TREAS SEC STRIPPED INT PMT, 0.000%, 15-NOV-2035","2035-11-15-912833X96"
"2026-10-05T1235","91282CPU9","TIPS",0.01875,"2036-01-15",91.214,91.232,"semi-annually","UNITED STATES TREAS NTS SER A-2036, 1.875%, 15-JAN-2036","2036-01-15-91282CPU9"
"2026-10-05T1235","912803CX9","Bond","","2036-02-15",61.824,61.938,"","UNITED STATES TREAS BD STRIPP ZERO CPN, 0.000%, 15-FEB-2036","2036-02-15-912803CX9"
"2026-10-05T1235","912810FT0","Bond",0.045,"2036-02-15",94.835,94.926,"semi-annually","UNITED STATES TREAS SER BONDS OF FEBRUARY 2036, 4.500%, 15-FEB-2036","2036-02-15-912810FT0"
"2026-10-05T1235","91282CPZ8","Bond",0.04125,"2036-02-15",91.234,91.25,"semi-annually","UNITED STATES TREAS SER B-2036, 4.125%, 15-FEB-2036","2036-02-15-91282CPZ8"
"2026-10-05T1235","9128335B2","STRIP","","2036-02-15",60.428,60.587,"","U S TREAS SEC STRIPPED INT PMT, 0.000%, 15-FEB-2036","2036-02-15-9128335B2"
"2026-10-05T1235","912821UK9","STRIP","","2036-05-15",60.208,60.301,"","U S TREAS NT STRIPPED PRIN PMT, 0.000%, 15-MAY-2036","2036-05-15-912821UK9"
"2026-10-05T1235","91282CQQ7","Bond",0.04375,"2036-05-15",92.865,92.883,"semi-annually","UNITED STATES TREAS SER C-2036, 4.375%, 15-MAY-2036","2036-05-15-91282CQQ7"
"2026-10-05T1235","912833Y20","STRIP","","2036-05-15",59.557,59.699,"","U S TREAS SEC STRIPPED INT PMT, 0.000%, 15-MAY-2036","2036-05-15-912833Y20"
"2026-10-05T1235","91282CRE3","TIPS",0.02375,"2036-07-15",95.059,95.081,"semi-annually","UNITED STATES TREAS NTS SER D-2036, 2.375%, 15-JUL-2036","2036-07-15-91282CRE3"
"2026-10-05T1235","91282CRF0","Bond",0.04625,"2036-08-15",94.627,94.636,"semi-annually","UNITED STATES TREAS NTS, 4.625%, 15-AUG-2036","2036-08-15-91282CRF0"
"2026-10-05T1235","9128337E4","STRIP","","2036-08-15",58.719,58.864,"","U S TREAS SEC STRIPPED INT PMT, 0.000%, 15-AUG-2036","2036-08-15-9128337E4"
"2026-10-05T1235","912833Y38","STRIP","","2036-11-15",57.912,58.079,"","U S TREAS SEC STRIPPED INT PMT, 0.000%, 15-NOV-2036","2036-11-15-912833Y38"
"2026-10-05T1235","912803CZ4","Bond","","2037-02-15",58.424,58.537,"","UNITED STATES TREAS BD STRIPP ZERO CPN, 0.000%, 15-FEB-2037","2037-02-15-912803CZ4"
"2026-10-05T1235","912810PT9","Bond",0.0475,"2037-02-15",95.905,96.02,"semi-annually","UNITED STATES TREAS BDS, 4.750%, 15-FEB-2037","2037-02-15-912810PT9"
"2026-10-05T1235","9128337F1","STRIP","","2037-02-15",57.011,57.137,"","U S TREAS SEC STRIPPED INT PMT, 0.000%, 15-FEB-2037","2037-02-15-9128337F1"
"2026-10-05T1235","912803DA8","Bond","","2037-05-15",57.632,57.737,"","UNITED STATES TREAS BD STRIPP ZERO CPN, 0.000%, 15-MAY-2037","2037-05-15-912803DA8"
"2026-10-05T1235","912810PU6","Bond",0.05,"2037-05-15",97.812,97.926,"semi-annually","UNITED STATES TREAS BDS, 5.000%, 15-MAY-2037","2037-05-15-912810PU6"
"2026-10-05T1235","912833Y46","STRIP","","2037-05-15",56.187,56.319,"","U S TREAS SEC STRIPPED INT PMT, 0.000%, 15-MAY-2037","2037-05-15-912833Y46"
"2026-10-05T1235","912833Z52","STRIP","","2037-08-15",55.348,55.455,"","U S TREAS SEC STRIPPED INT PMT, 0.000%, 15-AUG-2037","2037-08-15-912833Z52"
"2026-10-05T1235","912834AD0","STRIP","","2037-11-15",54.464,54.601,"","U S TREAS SEC STRIPPED INT PMT, 0.000%, 15-NOV-2037","2037-11-15-912834AD0"
"2026-10-05T1235","912803DC4","Bond","","2038-02-15",55.286,55.397,"","UNITED STATES TREAS BD STRIPP ZERO CPN, 0.000%, 15-FEB-2038","2038-02-15-912803DC4"
"2026-10-05T1235","912810PW2","Bond",0.04375,"2038-02-15",92.206,92.313,"semi-annually","UNITED STATES TREAS BDS, 4.375%, 15-FEB-2038","2038-02-15-912810PW2"
"2026-10-05T1235","912833Z60","STRIP","","2038-02-15",53.695,53.833,"","U S TREAS SEC STRIPPED INT PMT, 0.000%, 15-FEB-2038","2038-02-15-912833Z60"
"2026-10-05T1235","912803DD2","Bond","","2038-05-15",54.29,54.404,"","UNITED STATES TREAS BD STRIPP ZERO CPN, 0.000%, 15-MAY-2038","2038-05-15-912803DD2"
"2026-10-05T1235","912810PX0","Bond",0.045,"2038-05-15",92.866,92.977,"semi-annually","UNITED STATES TREAS BDS, 4.500%, 15-MAY-2038","2038-05-15-912810PX0"
"2026-10-05T1235","912834AE8","STRIP","","2038-05-15",52.801,52.939,"","U S TREAS SEC STRIPPED INT PMT, 0.000%, 15-MAY-2038","2038-05-15-912834AE8"
"2026-10-05T1235","912834AT5","STRIP","","2038-08-15",52.011,52.14,"","U S TREAS SEC STRIPPED INT PMT, 0.000%, 15-AUG-2038","2038-08-15-912834AT5"
"2026-10-05T1235","912834DU9","STRIP","","2038-11-15",51.19,51.306,"","U S TREAS SEC STRIPPED INT PMT, 0.000%, 15-NOV-2038","2038-11-15-912834DU9"
"2026-10-05T1235","912803DF7","Bond","","2039-02-15",51.861,51.979,"","UNITED STATES TREAS BD STRIPP ZERO CPN, 0.000%, 15-FEB-2039","2039-02-15-912803DF7"
"2026-10-05T1235","912810QA9","Bond",0.035,"2039-02-15",83.229,83.274,"semi-annually","UNITED STATES TREAS BDS, 3.500%, 15-FEB-2039","2039-02-15-912810QA9"
"2026-10-05T1235","912834AU2","STRIP","","2039-02-15",50.341,50.484,"","U S TREAS SEC STRIPPED INT PMT, 0.000%, 15-FEB-2039","2039-02-15-912834AU2"
"2026-10-05T1235","912803DG5","Bond","","2039-05-15",50.763,50.885,"","UNITED STATES TREAS BD STRIPP ZERO CPN, 0.000%, 15-MAY-2039","2039-05-15-912803DG5"
"2026-10-05T1235","912810QB7","Bond",0.0425,"2039-05-15",89.373,89.424,"semi-annually","UNITED STATES TREAS BDS, 4.250%, 15-MAY-2039","2039-05-15-912810QB7"
"2026-10-05T1235","912834DV7","STRIP","","2039-05-15",49.581,49.754,"","U S TREAS SEC STRIPPED INT PMT, 0.000%, 15-MAY-2039","2039-05-15-912834DV7"
"2026-10-05T1235","912803DH3","Bond","","2039-08-15",49.842,49.961,"","UNITED STATES TREAS BD STRIPP ZERO CPN, 0.000%, 15-AUG-2039","2039-08-15-912803DH3"
"2026-10-05T1235","912810QC5","Bond",0.045,"2039-08-15",91.239,91.316,"semi-annually","UNITED STATES TREAS BDS, 4.500%, 15-AUG-2039","2039-08-15-912810QC5"
"2026-10-05T1235","912834EP9","STRIP","","2039-08-15",48.849,48.964,"","U S TREAS SEC STRIPPED INT PMT, 0.000%, 15-AUG-2039","2039-08-15-912834EP9"
"2026-10-05T1235","912803DJ9","Bond","","2039-11-15",49.037,49.14,"","UNITED STATES TREAS BD STRIPP ZERO CPN, 0.000%, 15-NOV-2039","2039-11-15-912803DJ9"
"2026-10-05T1235","912810QD3","Bond",0.04375,"2039-11-15",89.775,89.863,"semi-annually","UNITED STATES TREAS BDS, 4.375%, 15-NOV-2039","2039-11-15-912810QD3"
"2026-10-05T1235","912834EV6","STRIP","","2039-11-15",48.071,48.22,"","U S TREAS SEC STRIPPED INT PMT, 0.000%, 15-NOV-2039","2039-11-15-912834EV6"
"2026-10-05T1235","912803DK6","Bond","","2040-02-15",48.266,48.353,"","UNITED STATES TREAS BD STRIPP ZERO CPN, 0.000%, 15-FEB-2040","2040-02-15-912803DK6"
"2026-10-05T1235","912810QE1","Bond",0.04625,"2040-02-15",91.886,91.972,"semi-annually","UNITED STATES TREAS BDS, 4.625%, 15-FEB-2040","2040-02-15-912810QE1"
"2026-10-05T1235","912810QF8","TIPS",0.02125,"2040-02-15",88.574,88.706,"semi-annually","UNITED STATES TREAS BDS, 2.125%, 15-FEB-2040","2040-02-15-912810QF8"
"2026-10-05T1235","912834FB9","STRIP","","2040-02-15",47.294,47.426,"","U S TREAS SEC STRIPPED INT PMT, 0.000%, 15-FEB-2040","2040-02-15-912834FB9"
"2026-10-05T1235","912803DM2","Bond","","2040-05-15",47.502,47.587,"","UNITED STATES TREAS BD STRIPP ZERO CPN, 0.000%, 15-MAY-2040","2040-05-15-912803DM2"
"2026-10-05T1235","912810QH4","Bond",0.04375,"2040-05-15",89.279,89.348,"semi-annually","UNITED STATES TREAS BDS, 4.375%, 15-MAY-2040","2040-05-15-912810QH4"
"2026-10-05T1235","912810SR0","Bond",0.01125,"2040-05-15",58.074,58.169,"semi-annually","UNITED STATES TREAS SER BONDS OF MAY 2040, 1.125%, 15-MAY-2040","2040-05-15-912810SR0"
"2026-10-05T1235","912834HV3","STRIP","","2040-05-15",46.515,46.657,"","U S TREAS SEC STRIPPED INT PMT, 0.000%, 15-MAY-2040","2040-05-15-912834HV3"
"2026-10-05T1235","912803DN0","Bond","","2040-08-15",46.741,46.841,"","UNITED STATES TREAS BD STRIPP ZERO CPN, 0.000%, 15-AUG-2040","2040-08-15-912803DN0"
"2026-10-05T1235","912810QK7","Bond",0.03875,"2040-08-15",84.187,84.246,"semi-annually","UNITED STATES TREAS BDS, 3.875%, 15-AUG-2040","2040-08-15-912810QK7"
"2026-10-05T1235","912810SQ2","Bond",0.01125,"2040-08-15",57.422,57.489,"semi-annually","UNITED STATES TREAS SER BONDS OF AUGUST 2040, 1.125%, 15-AUG-2040","2040-08-15-912810SQ2"
"2026-10-05T1235","912834JB5","STRIP","","2040-08-15",45.818,45.94,"","U S TREAS SEC STRIPPED INT PMT, 0.000%, 15-AUG-2040","2040-08-15-912834JB5"
"2026-10-05T1235","912803DP5","Bond","","2040-11-15",45.99,46.077,"","UNITED STATES TREAS BD STRIPP ZERO CPN, 0.000%, 15-NOV-2040","2040-11-15-912803DP5"
"2026-10-05T1235","912810QL5","Bond",0.0425,"2040-11-15",87.506,87.573,"semi-annually","UNITED STATES TREAS BDS, 4.250%, 15-NOV-2040","2040-11-15-912810QL5"
"2026-10-05T1235","912810ST6","Bond",0.01375,"2040-11-15",59.21,59.276,"semi-annually","UNITED STATES TREAS SER BONDS OF NOVEMBER 2040, 1.375%, 15-NOV-2040","2040-11-15-912810ST6"
"2026-10-05T1235","912834JH2","STRIP","","2040-11-15",44.961,45.126,"","U S TREAS SEC STRIPPED INT PMT, 0.000%, 15-NOV-2040","2040-11-15-912834JH2"
"2026-10-05T1235","912803DQ3","Bond","","2041-02-15",45.162,45.272,"","UNITED STATES TREAS BD STRIPP ZERO CPN, 0.000%, 15-FEB-2041","2041-02-15-912803DQ3"
"2026-10-05T1235","912803FW8","Bond","","2041-02-15",44.763,45.352,"","UNITED STATES TREAS BD STRIPP ZERO CPN, 0.000%, 15-FEB-2041","2041-02-15-912803FW8"
"2026-10-05T1235","912810QN1","Bond",0.0475,"2041-02-15",92.088,92.159,"semi-annually","UNITED STATES TREAS BDS, 4.750%, 15-FEB-2041","2041-02-15-912810QN1"
"2026-10-05T1235","912810QP6","TIPS",0.02125,"2041-02-15",87.34,87.448,"semi-annually","UNITED STATES TREAS BDS, 2.125%, 15-FEB-2041","2041-02-15-912810QP6"
"2026-10-05T1235","912810SW9","Bond",0.01875,"2041-02-15",63.567,63.647,"semi-annually","UNITED STATES TREAS SER BONDS OF FEBRUARY 2041, 1.875%, 15-FEB-2041","2041-02-15-912810SW9"
"2026-10-05T1235","912834JP4","STRIP","","2041-02-15",44.183,44.318,"","U S TREAS SEC STRIPPED INT PMT, 0.000%, 15-FEB-2041","2041-02-15-912834JP4"
"2026-10-05T1235","912803DS9","Bond","","2041-05-15",44.427,44.531,"","UNITED STATES TREAS BD STRIPP ZERO CPN, 0.000%, 15-MAY-2041","2041-05-15-912803DS9"
"2026-10-05T1235","912810QQ4","Bond",0.04375,"2041-05-15",88.125,88.189,"semi-annually","UNITED STATES TREAS BDS, 4.375%, 15-MAY-2041","2041-05-15-912810QQ4"
"2026-10-05T1235","912810SY5","Bond",0.0225,"2041-05-15",66.772,66.815,"semi-annually","UNITED STATES TREAS SER BONDS OF MAY 2041, 2.250%, 15-MAY-2041","2041-05-15-912810SY5"
"2026-10-05T1235","912834KH0","STRIP","","2041-05-15",43.478,43.617,"","U S TREAS SEC STRIPPED INT PMT, 0.000%, 15-MAY-2041","2041-05-15-912834KH0"
"2026-10-05T1235","912803DT7","Bond","","2041-08-15",43.704,43.823,"","UNITED STATES TREAS BD STRIPP ZERO CPN, 0.000%, 15-AUG-2041","2041-08-15-912803DT7"
"2026-10-05T1235","912810QS0","Bond",0.0375,"2041-08-15",81.57,81.643,"semi-annually","UNITED STATES TREAS BDS, 3.750%, 15-AUG-2041","2041-08-15-912810QS0"
"2026-10-05T1235","912810TA6","Bond",0.0175,"2041-08-15",61.218,61.3,"semi-annually","UNITED STATES TREAS SER BONDS OF AUGUST 2041, 1.750%, 15-AUG-2041","2041-08-15-912810TA6"
"2026-10-05T1235","912834KP2","STRIP","","2041-08-15",42.745,42.897,"","U S TREAS SEC STRIPPED INT PMT, 0.000%, 15-AUG-2041","2041-08-15-912834KP2"
"2026-10-05T1235","912803DU4","Bond","","2041-11-15",42.911,43.01,"","UNITED STATES TREAS BD STRIPP ZERO CPN, 0.000%, 15-NOV-2041","2041-11-15-912803DU4"
"2026-10-05T1235","912810QT8","Bond",0.03125,"2041-11-15",74.773,74.816,"semi-annually","UNITED STATES TREAS BDS, 3.125%, 15-NOV-2041","2041-11-15-912810QT8"
"2026-10-05T1235","912810TC2","Bond",0.02,"2041-11-15",63.205,63.288,"semi-annually","UNITED STATES TREAS SER BONDS OF NOVEMBER 2041, 2.000%, 15-NOV-2041","2041-11-15-912810TC2"
"2026-10-05T1235","912834KV9","STRIP","","2041-11-15",42.027,42.178,"","U S TREAS SEC STRIPPED INT PMT, 0.000%, 15-NOV-2041","2041-11-15-912834KV9"
"2026-10-05T1235","912803DV2","Bond","","2042-02-15",42.076,42.187,"","UNITED STATES TREAS BD STRIPP ZERO CPN, 0.000%, 15-FEB-2042","2042-02-15-912803DV2"
"2026-10-05T1235","912810QU5","Bond",0.03125,"2042-02-15",74.296,74.352,"semi-annually","UNITED STATES TREAS BDS, 3.125%, 15-FEB-2042","2042-02-15-912810QU5"
"2026-10-05T1235","912810QV3","TIPS",0.0075,"2042-02-15",69.404,69.507,"semi-annually","UNITED STATES TREAS BDS, 0.750%, 15-FEB-2042","2042-02-15-912810QV3"
"2026-10-05T1235","912810TF5","Bond",0.02375,"2042-02-15",66.574,66.629,"semi-annually","UNITED STATES TREAS SER BONDS OF FEBRUARY 2042, 2.375%, 15-FEB-2042","2042-02-15-912810TF5"
"2026-10-05T1235","912834LB2","STRIP","","2042-02-15",41.275,41.394,"","U S TREAS SEC STRIPPED INT PMT, 0.000%, 15-FEB-2042","2042-02-15-912834LB2"
"2026-10-05T1235","912803DX8","Bond","","2042-05-15",41.435,41.511,"","UNITED STATES TREAS BD STRIPP ZERO CPN, 0.000%, 15-MAY-2042","2042-05-15-912803DX8"
"2026-10-05T1235","912803GJ6","Bond","","2042-05-15",41.074,42.268,"","UNITED STATES TREAS BD STRIPP ZERO CPN, 0.000%, 15-MAY-2042","2042-05-15-912803GJ6"
"2026-10-05T1235","912810QW1","Bond",0.03,"2042-05-15",72.671,72.731,"semi-annually","UNITED STATES TREAS BDS, 3.000%, 15-MAY-2042","2042-05-15-912810QW1"
"2026-10-05T1235","912810TH1","Bond",0.0325,"2042-05-15",75.246,75.297,"semi-annually","UNITED STATES TREAS SER BONDS OF MAY 2042, 3.250%, 15-MAY-2042","2042-05-15-912810TH1"
"2026-10-05T1235","912834LK2","STRIP","","2042-05-15",40.555,40.72,"","U S TREAS SEC STRIPPED INT PMT, 0.000%, 15-MAY-2042","2042-05-15-912834LK2"
"2026-10-05T1235","912803DY6","Bond","","2042-08-15",40.742,40.847,"","UNITED STATES TREAS BD STRIPP ZERO CPN, 0.000%, 15-AUG-2042","2042-08-15-912803DY6"
"2026-10-05T1235","912810QX9","Bond",0.0275,"2042-08-15",69.613,69.672,"semi-annually","UNITED STATES TREAS BDS, 2.750%, 15-AUG-2042","2042-08-15-912810QX9"
"2026-10-05T1235","912810TK4","Bond",0.03375,"2042-08-15",76.23,76.282,"semi-annually","UNITED STATES TREAS SER BONDS OF AUGUST 2042, 3.375%, 15-AUG-2042","2042-08-15-912810TK4"
"2026-10-05T1235","912834LR7","STRIP","","2042-08-15",39.903,40.049,"","U S TREAS SEC STRIPPED INT PMT, 0.000%, 15-AUG-2042","2042-08-15-912834LR7"
"2026-10-05T1235","912803DZ3","Bond","","2042-11-15",40.058,40.151,"","UNITED STATES TREAS BD STRIPP ZERO CPN, 0.000%, 15-NOV-2042","2042-11-15-912803DZ3"
"2026-10-05T1235","912810QY7","Bond",0.0275,"2042-11-15",69.208,69.257,"semi-annually","UNITED STATES TREAS BDS, 2.750%, 15-NOV-2042","2042-11-15-912810QY7"
"2026-10-05T1235","912810TM0","Bond",0.04,"2042-11-15",82.48,82.532,"semi-annually","UNITED STATES TREAS SER BONDS OF NOVEMBER 2042, 4.000%, 15-NOV-2042","2042-11-15-912810TM0"
"2026-10-05T1235","912834LX4","STRIP","","2042-11-15",39.182,39.338,"","U S TREAS SEC STRIPPED INT PMT, 0.000%, 15-NOV-2042","2042-11-15-912834LX4"
"2026-10-05T1235","912803EA7","Bond","","2043-02-15",39.365,39.452,"","UNITED STATES TREAS BD STRIPP ZERO CPN, 0.000%, 15-FEB-2043","2043-02-15-912803EA7"
"2026-10-05T1235","912810QZ4","Bond",0.03125,"2043-02-15",72.781,72.831,"semi-annually","UNITED STATES TREAS BDS, 3.125%, 15-FEB-2043","2043-02-15-912810QZ4"
"2026-10-05T1235","912810RA8","TIPS",0.00625,"2043-02-15",66.037,66.142,"semi-annually","UNITED STATES TREAS BDS, 0.625%, 15-FEB-2043","2043-02-15-912810RA8"
"2026-10-05T1235","912810TQ1","Bond",0.03875,"2043-02-15",80.859,80.907,"semi-annually","UNITED STATES TREAS SER BONDS OF FEBRUARY 2043, 3.875%, 15-FEB-2043","2043-02-15-912810TQ1"
"2026-10-05T1235","912834MD7","STRIP","","2043-02-15",38.506,38.669,"","U S TREAS SEC STRIPPED INT PMT, 0.000%, 15-FEB-2043","2043-02-15-912834MD7"
"2026-10-05T1235","912803EC3","Bond","","2043-05-15",38.721,38.828,"","UNITED STATES TREAS BD STRIPP ZERO CPN, 0.000%, 15-MAY-2043","2043-05-15-912803EC3"
"2026-10-05T1235","912810RB6","Bond",0.02875,"2043-05-15",69.789,69.836,"semi-annually","UNITED STATES TREAS BDS, 2.875%, 15-MAY-2043","2043-05-15-912810RB6"
"2026-10-05T1235","912810TS7","Bond",0.03875,"2043-05-15",80.582,80.629,"semi-annually","UNITED STATES TREAS SER BONDS OF MAY 2043, 3.875%, 15-MAY-2043","2043-05-15-912810TS7"
"2026-10-05T1235","912834MM7","STRIP","","2043-05-15",37.924,38.101,"","U S TREAS SEC STRIPPED INT PMT, 0.000%, 15-MAY-2043","2043-05-15-912834MM7"
"2026-10-05T1235","912803ED1","Bond","","2043-08-15",38.096,38.196,"","UNITED STATES TREAS BD STRIPP ZERO CPN, 0.000%, 15-AUG-2043","2043-08-15-912803ED1"
"2026-10-05T1235","912810RC4","Bond",0.03625,"2043-08-15",77.576,77.607,"semi-annually","UNITED STATES TREAS BDS, 3.625%, 15-AUG-2043","2043-08-15-912810RC4"
"2026-10-05T1235","912810TU2","Bond",0.04375,"2043-08-15",85.753,85.801,"semi-annually","UNITED STATES TREAS SER BONDS OF AUGUST 2043, 4.375%, 15-AUG-2043","2043-08-15-912810TU2"
"2026-10-05T1235","912834MT2","STRIP","","2043-08-15",37.289,37.418,"","U S TREAS SEC STRIPPED INT PMT, 0.000%, 15-AUG-2043","2043-08-15-912834MT2"
"2026-10-05T1235","912803EE9","Bond","","2043-11-15",37.48,37.574,"","UNITED STATES TREAS BD STRIPP ZERO CPN, 0.000%, 15-NOV-2043","2043-11-15-912803EE9"
"2026-10-05T1235","912810RD2","Bond",0.0375,"2043-11-15",78.648,78.703,"semi-annually","UNITED STATES TREAS BDS, 3.750%, 15-NOV-2043","2043-11-15-912810RD2"
"2026-10-05T1235","912810TW8","Bond",0.0475,"2043-11-15",89.695,89.731,"semi-annually","UNITED STATES TREAS SER BONDS OF NOVEMBER 2043, 4.750%, 15-NOV-2043","2043-11-15-912810TW8"
"2026-10-05T1235","912834MZ8","STRIP","","2043-11-15",36.69,36.86,"","U S TREAS SEC STRIPPED INT PMT, 0.000%, 15-NOV-2043","2043-11-15-912834MZ8"
"2026-10-05T1235","912803EF6","Bond","","2044-02-15",36.878,36.976,"","UNITED STATES TREAS BD STRIPP ZERO CPN, 0.000%, 15-FEB-2044","2044-02-15-912803EF6"
"2026-10-05T1235","912810RE0","Bond",0.03625,"2044-02-15",77,77.041,"semi-annually","UNITED STATES TREAS SER BONDS OF FEB 2044, 3.625%, 15-FEB-2044","2044-02-15-912810RE0"
"2026-10-05T1235","912810RF7","TIPS",0.01375,"2044-02-15",74.007,74.109,"semi-annually","UNITED STATES TREAS BDS, 1.375%, 15-FEB-2044","2044-02-15-912810RF7"
"2026-10-05T1235","912810TZ1","Bond",0.045,"2044-02-15",86.726,86.771,"semi-annually","UNITED STATES TREAS SER BONDS OF FEBRUARY 2044, 4.500%, 15-FEB-2044","2044-02-15-912810TZ1"
"2026-10-05T1235","912834NF1","STRIP","","2044-02-15",36.079,36.224,"","U S TREAS SEC STRIPPED INT PMT, 0.000%, 15-FEB-2044","2044-02-15-912834NF1"
"2026-10-05T1235","912803EH2","Bond","","2044-05-15",36.348,36.458,"","UNITED STATES TREAS BD STRIPP ZERO CPN, 0.000%, 15-MAY-2044","2044-05-15-912803EH2"
"2026-10-05T1235","912810RG5","Bond",0.03375,"2044-05-15",74.015,74.053,"semi-annually","UNITED STATES TREAS BDS, 3.375%, 15-MAY-2044","2044-05-15-912810RG5"
"2026-10-05T1235","912810UB2","Bond",0.04625,"2044-05-15",87.968,88.01,"semi-annually","UNITED STATES TREAS SER BONDS OF MAY 2044, 4.625%, 15-MAY-2044","2044-05-15-912810UB2"
"2026-10-05T1235","912834NP9","STRIP","","2044-05-15",35.515,35.673,"","U S TREAS SEC STRIPPED INT PMT, 0.000%, 15-MAY-2044","2044-05-15-912834NP9"
"2026-10-05T1235","912803EJ8","Bond","","2044-08-15",35.772,35.855,"","UNITED STATES TREAS BD STRIPP ZERO CPN, 0.000%, 15-AUG-2044","2044-08-15-912803EJ8"
"2026-10-05T1235","912810RH3","Bond",0.03125,"2044-08-15",70.921,70.961,"semi-annually","UNITED STATES TREAS BDS, 3.125%, 15-AUG-2044","2044-08-15-912810RH3"
"2026-10-05T1235","912810UD8","Bond",0.04125,"2044-08-15",82.14,82.184,"semi-annually","UNITED STATES TREAS SER BONDS OF AUGUST 2044, 4.125%, 15-AUG-2044","2044-08-15-912810UD8"
"2026-10-05T1235","912834NV6","STRIP","","2044-08-15",34.983,35.155,"","U S TREAS SEC STRIPPED INT PMT, 0.000%, 15-AUG-2044","2044-08-15-912834NV6"
"2026-10-05T1235","912803EK5","Bond","","2044-11-15",35.209,35.328,"","UNITED STATES TREAS BD STRIPP ZERO CPN, 0.000%, 15-NOV-2044","2044-11-15-912803EK5"
"2026-10-05T1235","912810RJ9","Bond",0.03,"2044-11-15",69.207,69.241,"semi-annually","UNITED STATES TREAS BDS, 3.000%, 15-NOV-2044","2044-11-15-912810RJ9"
"2026-10-05T1235","912810UF3","Bond",0.04625,"2044-11-15",87.597,87.641,"semi-annually","UNITED STATES TREAS SER BONDS OF NOVEMBER 2044, 4.625%, 15-NOV-2044","2044-11-15-912810UF3"
"2026-10-05T1235","912834PB8","STRIP","","2044-11-15",34.48,34.63,"","U S TREAS SEC STRIPPED INT PMT, 0.000%, 15-NOV-2044","2044-11-15-912834PB8"
"2026-10-05T1235","912803EL3","Bond","","2045-02-15",34.711,34.812,"","UNITED STATES TREAS BD STRIPP ZERO CPN, 0.000%, 15-FEB-2045","2045-02-15-912803EL3"
"2026-10-05T1235","912810RK6","Bond",0.025,"2045-02-15",63.242,63.27,"semi-annually","UNITED STATES TREAS BDS, 2.500%, 15-FEB-2045","2045-02-15-912810RK6"
"2026-10-05T1235","912810RL4","TIPS",0.0075,"2045-02-15",63.999,64.094,"semi-annually","UNITED STATES TREAS BDS, 0.750%, 15-FEB-2045","2045-02-15-912810RL4"
"2026-10-05T1235","912810UJ5","Bond",0.0475,"2045-02-15",88.871,88.884,"semi-annually","UNITED STATES TREAS SER BONDS OF FEBRUARY 2045, 4.750%, 15-FEB-2045","2045-02-15-912810UJ5"
"2026-10-05T1235","912834PH5","STRIP","","2045-02-15",33.894,34.042,"","U S TREAS SEC STRIPPED INT PMT, 0.000%, 15-FEB-2045","2045-02-15-912834PH5"
"2026-10-05T1235","912803EN9","Bond","","2045-05-15",34.213,34.301,"","UNITED STATES TREAS BD STRIPP ZERO CPN, 0.000%, 15-MAY-2045","2045-05-15-912803EN9"
"2026-10-05T1235","912810RM2","Bond",0.03,"2045-05-15",68.707,68.753,"semi-annually","UNITED STATES TREAS BDS, 3.000%, 15-MAY-2045","2045-05-15-912810RM2"
"2026-10-05T1235","912810UL0","Bond",0.05,"2045-05-15",91.652,91.682,"semi-annually","UNITED STATES TREAS SER BONDS OF MAY 2045, 5.000%, 15-MAY-2045","2045-05-15-912810UL0"
"2026-10-05T1235","912834KB3","STRIP","","2045-05-15",33.443,33.585,"","U S TREAS SEC STRIPPED INT PMT, 0.000%, 15-MAY-2045","2045-05-15-912834KB3"
"2026-10-05T1235","912803EP4","Bond","","2045-08-15",33.707,33.772,"","UNITED STATES TREAS BD STRIPP ZERO CPN, 0.000%, 15-AUG-2045","2045-08-15-912803EP4"
"2026-10-05T1235","912810RN0","Bond",0.02875,"2045-08-15",66.984,67.027,"semi-annually","UNITED STATES TREAS BDS, 2.875%, 15-AUG-2045","2045-08-15-912810RN0"
"2026-10-05T1235","912810UN6","Bond",0.04875,"2045-08-15",90.097,90.134,"semi-annually","UNITED STATES TREAS SER BONDS OF AUGUST 2045, 4.875%, 15-AUG-2045","2045-08-15-912810UN6"
"2026-10-05T1235","912834PM4","STRIP","","2045-08-15",32.907,33.054,"","U S TREAS SEC STRIPPED INT PMT, 0.000%, 15-AUG-2045","2045-08-15-912834PM4"
"2026-10-05T1235","912803EQ2","Bond","","2045-11-15",33.227,33.319,"","UNITED STATES TREAS BD STRIPP ZERO CPN, 0.000%, 15-NOV-2045","2045-11-15-912803EQ2"
"2026-10-05T1235","912803HR7","Bond","","2045-11-15",33.184,33.283,"","UNITED STATES TREAS BD STRIPP ZERO CPN, 0.000%, 15-NOV-2045","2045-11-15-912803HR7"
"2026-10-05T1235","912810RP5","Bond",0.03,"2045-11-15",68.195,68.237,"semi-annually","UNITED STATES TREAS SER BONDS OF NOVEMBER 2045, 3.000%, 15-NOV-2045","2045-11-15-912810RP5"
"2026-10-05T1235","912810UQ9","Bond",0.04625,"2045-11-15",87.11,87.133,"semi-annually","UNITED STATES TREAS SER BONDS OF NOVEMBER 20, 4.625%, 15-NOV-2045","2045-11-15-912810UQ9"
"2026-10-05T1235","912834PT9","STRIP","","2045-11-15",32.449,32.577,"","U S TREAS SEC STRIPPED INT PMT, 0.000%, 15-NOV-2045","2045-11-15-912834PT9"
"2026-10-05T1235","912803ER0","Bond","","2046-02-15",32.767,32.855,"","UNITED STATES TREAS BD STRIPP ZERO CPN, 0.000%, 15-FEB-2046","2046-02-15-912803ER0"
"2026-10-05T1235","912810RQ3","Bond",0.025,"2046-02-15",62.105,62.153,"semi-annually","UNITED STATES TREAS SER BONDS OF FEBRUARY 2046, 2.500%, 15-FEB-2046","2046-02-15-912810RQ3"
"2026-10-05T1235","912810RR1","TIPS",0.01,"2046-02-15",66.062,66.161,"semi-annually","UNITED STATES TREAS BDS, 1.000%, 15-FEB-2046","2046-02-15-912810RR1"
"2026-10-05T1235","912810UT3","Bond",0.04625,"2046-02-15",87.015,87.034,"semi-annually","UNITED STATES TREAS SER BONDS OF FEBRUARY 2046, 4.625%, 15-FEB-2046","2046-02-15-912810UT3"
"2026-10-05T1235","912834PZ5","STRIP","","2046-02-15",32.05,32.134,"","U S TREAS SEC STRIPPED INT PMT, 0.000%, 15-FEB-2046","2046-02-15-912834PZ5"
"2026-10-05T1235","912803ET6","Bond","","2046-05-15",32.291,32.374,"","UNITED STATES TREAS BD STRIPP ZERO CPN, 0.000%, 15-MAY-2046","2046-05-15-912803ET6"
"2026-10-05T1235","912810RS9","Bond",0.025,"2046-05-15",61.82,61.864,"semi-annually","UNITED STATES TREAS SER BONDS OF MAY 2046, 2.500%, 15-MAY-2046","2046-05-15-912810RS9"
"2026-10-05T1235","912810UV8","Bond",0.05,"2046-05-15",91.352,91.363,"semi-annually","UNITED STATES TREAS SER BONDS, 5.000%, 15-MAY-2046","2046-05-15-912810UV8"
"2026-10-05T1235","912834QH4","STRIP","","2046-05-15",31.535,31.668,"","U S TREAS SEC STRIPPED INT PMT, 0.000%, 15-MAY-2046","2046-05-15-912834QH4"
"2026-10-05T1235","912803EU3","Bond","","2046-08-15",31.854,31.937,"","UNITED STATES TREAS BD STRIPP ZERO CPN, 0.000%, 15-AUG-2046","2046-08-15-912803EU3"
"2026-10-05T1235","912810RT7","Bond",0.0225,"2046-08-15",58.591,58.629,"semi-annually","UNITED STATES TREAS BOND, 2.250%, 15-AUG-2046","2046-08-15-912810RT7"
"2026-10-05T1235","912810UX4","Bond",0.05125,"2046-08-15",92.859,92.863,"semi-annually","UNITED STATES TREAS SER BONDS, 5.125%, 15-AUG-2046","2046-08-15-912810UX4"
"2026-10-05T1235","912834QP6","STRIP","","2046-08-15",31.125,31.236,"","U S TREAS SEC STRIPPED INT PMT, 0.000%, 15-AUG-2046","2046-08-15-912834QP6"
"2026-10-05T1235","912803EV1","Bond","","2046-11-15",31.383,31.464,"","UNITED STATES TREAS BD STRIPP ZERO CPN, 0.000%, 15-NOV-2046","2046-11-15-912803EV1"
"2026-10-05T1235","912810RU4","Bond",0.02875,"2046-11-15",65.779,65.817,"semi-annually","UNITED STATES TREAS SER BONDS OF NOVEMBER 2046, 2.875%, 15-NOV-2046","2046-11-15-912810RU4"
"2026-10-05T1235","912834QV3","STRIP","","2046-11-15",30.682,30.812,"","U S TREAS SEC STRIPPED INT PMT, 0.000%, 15-NOV-2046","2046-11-15-912834QV3"
"2026-10-05T1235","912803EW9","Bond","","2047-02-15",30.923,30.983,"","UNITED STATES TREAS BD STRIPP ZERO CPN, 0.000%, 15-FEB-2047","2047-02-15-912803EW9"
"2026-10-05T1235","912810RV2","Bond",0.03,"2047-02-15",67.02,67.065,"semi-annually","UNITED STATES TREAS SER BONDS OF FEBRUARY 2047, 3.000%, 15-FEB-2047","2047-02-15-912810RV2"
"2026-10-05T1235","912810RW0","TIPS",0.00875,"2047-02-15",62.867,62.96,"semi-annually","UNITED STATES TREAS BDS TIPS, 0.875%, 15-FEB-2047","2047-02-15-912810RW0"
"2026-10-05T1235","912834RB6","STRIP","","2047-02-15",30.208,30.346,"","U S TREAS SEC STRIPPED INT PMT, 0.000%, 15-FEB-2047","2047-02-15-912834RB6"
"2026-10-05T1235","912803EY5","Bond","","2047-05-15",30.457,30.546,"","UNITED STATES TREAS BD STRIPP ZERO CPN, 0.000%, 15-MAY-2047","2047-05-15-912803EY5"
"2026-10-05T1235","912810RX8","Bond",0.03,"2047-05-15",66.804,66.86,"semi-annually","UNITED STATES TREAS SER BONDS OF MAY 2047, 3.000%, 15-MAY-2047","2047-05-15-912810RX8"
"2026-10-05T1235","912834RK6","STRIP","","2047-05-15",29.857,29.965,"","U S TREAS SEC STRIPPED INT PMT, 0.000%, 15-MAY-2047","2047-05-15-912834RK6"
"2026-10-05T1235","912803EZ2","Bond","","2047-08-15",30.02,30.104,"","UNITED STATES TREAS BD STRIPP ZERO CPN, 0.000%, 15-AUG-2047","2047-08-15-912803EZ2"
"2026-10-05T1235","912810RY6","Bond",0.0275,"2047-08-15",63.531,63.583,"semi-annually","UNITED STATES TREAS SER BONDS OF AUGUST 2047, 2.750%, 15-AUG-2047","2047-08-15-912810RY6"
"2026-10-05T1235","912834RR1","STRIP","","2047-08-15",29.464,29.56,"","U S TREAS SEC STRIPPED INT PMT, 0.000%, 15-AUG-2047","2047-08-15-912834RR1"
"2026-10-05T1235","912803FA6","Bond","","2047-11-15",29.572,29.656,"","UNITED STATES TREAS BD STRIPP ZERO CPN, 0.000%, 15-NOV-2047","2047-11-15-912803FA6"
"2026-10-05T1235","912810RZ3","Bond",0.0275,"2047-11-15",63.317,63.364,"semi-annually","UNITED STATES TREAS SER BONDS OF NOVEMBER 2047, 2.750%, 15-NOV-2047","2047-11-15-912810RZ3"
"2026-10-05T1235","912834SZ2","STRIP","","2047-11-15",28.99,29.152,"","U S TREAS SEC STRIPPED INT PMT, 0.000%, 15-NOV-2047","2047-11-15-912834SZ2"
"2026-10-05T1235","912803FB4","Bond","","2048-02-15",29.178,29.25,"","UNITED STATES TREAS BD STRIPP ZERO CPN, 0.000%, 15-FEB-2048","2048-02-15-912803FB4"
"2026-10-05T1235","912810SA7","Bond",0.03,"2048-02-15",66.157,66.204,"semi-annually","UNITED STATES TREAS SER BONDS OF FEBRUARY 2048, 3.000%, 15-FEB-2048","2048-02-15-912810SA7"
"2026-10-05T1235","912810SB5","TIPS",0.01,"2048-02-15",63.391,63.483,"semi-annually","UNITED STATES TREAS BONDS, 1.000%, 15-FEB-2048","2048-02-15-912810SB5"
"2026-10-05T1235","912834TF5","STRIP","","2048-02-15",28.614,28.738,"","U S TREAS SEC STRIPPED INT PMT, 0.000%, 15-FEB-2048","2048-02-15-912834TF5"
"2026-10-05T1235","912803FD0","Bond","","2048-05-15",28.729,28.832,"","UNITED STATES TREAS BD STRIPP ZERO CPN, 0.000%, 15-MAY-2048","2048-05-15-912803FD0"
"2026-10-05T1235","912810SC3","Bond",0.03125,"2048-05-15",67.512,67.55,"semi-annually","UNITED STATES TREAS SER BONDS OF MAY 2048, 3.125%, 15-MAY-2048","2048-05-15-912810SC3"
"2026-10-05T1235","912834TP3","STRIP","","2048-05-15",28.089,28.253,"","U S TREAS SEC STRIPPED INT PMT, 0.000%, 15-MAY-2048","2048-05-15-912834TP3"
"2026-10-05T1235","912803FE8","Bond","","2048-08-15",28.324,28.414,"","UNITED STATES TREAS BD STRIPP ZERO CPN, 0.000%, 15-AUG-2048","2048-08-15-912803FE8"
"2026-10-05T1235","912810SD1","Bond",0.03,"2048-08-15",65.722,65.765,"semi-annually","UNITED STATES TREAS SER BONDS OF AUGUST 2048, 3.000%, 15-AUG-2048","2048-08-15-912810SD1"
"2026-10-05T1235","912834TV0","STRIP","","2048-08-15",27.769,27.906,"","U S TREAS SEC STRIPPED INT PMT, 0.000%, 15-AUG-2048","2048-08-15-912834TV0"
"2026-10-05T1235","912803FF5","Bond","","2048-11-15",27.909,27.994,"","UNITED STATES TREAS BD STRIPP ZERO CPN, 0.000%, 15-NOV-2048","2048-11-15-912803FF5"
"2026-10-05T1235","912810SE9","Bond",0.03375,"2048-11-15",70.252,70.293,"semi-annually","UNITED STATES TREAS SER BONDS OF NOVEMBER 2048, 3.375%, 15-NOV-2048","2048-11-15-912810SE9"
"2026-10-05T1235","912834UB2","STRIP","","2048-11-15",27.36,27.507,"","U S TREAS SEC STRIPPED INT PMT, 0.000%, 15-NOV-2048","2048-11-15-912834UB2"
"2026-10-05T1235","912803FG3","Bond","","2049-02-15",27.497,27.595,"","UNITED STATES TREAS BD STRIPP ZERO CPN, 0.000%, 15-FEB-2049","2049-02-15-912803FG3"
"2026-10-05T1235","912810SF6","Bond",0.03,"2049-02-15",65.33,65.375,"semi-annually","UNITED STATES TREAS SER BONDS OF FEBRUARY 2049, 3.000%, 15-FEB-2049","2049-02-15-912810SF6"
"2026-10-05T1235","912810SG4","TIPS",0.01,"2049-02-15",62.321,62.413,"semi-annually","UNITED STATES TREAS BDS, 1.000%, 15-FEB-2049","2049-02-15-912810SG4"
"2026-10-05T1235","912834UH9","STRIP","","2049-02-15",26.988,27.108,"","U S TREAS SEC STRIPPED INT PMT, 0.000%, 15-FEB-2049","2049-02-15-912834UH9"
"2026-10-05T1235","912803FJ7","Bond","","2049-05-15",27.15,27.237,"","UNITED STATES TREAS BD STRIPP ZERO CPN, 0.000%, 15-MAY-2049","2049-05-15-912803FJ7"
"2026-10-05T1235","912810SH2","Bond",0.02875,"2049-05-15",63.576,63.625,"semi-annually","UNITED STATES TREAS SER BONDS OF MAY 2049, 2.875%, 15-MAY-2049","2049-05-15-912810SH2"
"2026-10-05T1235","912834UR7","STRIP","","2049-05-15",26.603,26.757,"","U S TREAS SEC STRIPPED INT PMT, 0.000%, 15-MAY-2049","2049-05-15-912834UR7"
"2026-10-05T1235","912803FK4","Bond","","2049-08-15",26.75,26.854,"","UNITED STATES TREAS BD STRIPP ZERO CPN, 0.000%, 15-AUG-2049","2049-08-15-912803FK4"
"2026-10-05T1235","912810SJ8","Bond",0.0225,"2049-08-15",55.41,55.453,"semi-annually","UNITED STATES TREAS SER BONDS OF AUGUST 2049, 2.250%, 15-AUG-2049","2049-08-15-912810SJ8"
"2026-10-05T1235","912834UY2","STRIP","","2049-08-15",26.178,26.368,"","U S TREAS SEC STRIPPED INT PMT, 0.000%, 15-AUG-2049","2049-08-15-912834UY2"
"2026-10-05T1235","912803FL2","Bond","","2049-11-15",26.41,26.501,"","UNITED STATES TREAS BD STRIPP ZERO CPN, 0.000%, 15-NOV-2049","2049-11-15-912803FL2"
"2026-10-05T1235","912810SK5","Bond",0.02375,"2049-11-15",56.808,56.846,"semi-annually","UNITED STATES TREAS SER BONDS OF NOVEMBER 2049, 2.375%, 15-NOV-2049","2049-11-15-912810SK5"
"2026-10-05T1235","912834VE5","STRIP","","2049-11-15",25.871,26.033,"","U S TREAS SEC STRIPPED INT PMT, 0.000%, 15-NOV-2049","2049-11-15-912834VE5"
"2026-10-05T1235","912803FM0","Bond","","2050-02-15",26.053,26.136,"","UNITED STATES TREAS BD STRIPP ZERO CPN, 0.000%, 15-FEB-2050","2050-02-15-912803FM0"
"2026-10-05T1235","912810SL3","Bond",0.02,"2050-02-15",51.808,51.856,"semi-annually","UNITED STATES TREAS SER BONDS OF FEBRUARY 2050, 2.000%, 15-FEB-2050","2050-02-15-912810SL3"
"2026-10-05T1235","912810SM1","TIPS",0.0025,"2050-02-15",49.147,49.242,"semi-annually","UNITED STATES TREAS BDS, 0.250%, 15-FEB-2050","2050-02-15-912810SM1"
"2026-10-05T1235","912834VM7","STRIP","","2050-02-15",25.592,25.733,"","U S TREAS SEC STRIPPED INT PMT, 0.000%, 15-FEB-2050","2050-02-15-912834VM7"
"2026-10-05T1235","912803FP3","Bond","","2050-05-15",26.026,26.125,"","UNITED STATES TREAS BD STRIPP ZERO CPN, 0.000%, 15-MAY-2050","2050-05-15-912803FP3"
"2026-10-05T1235","912810SN9","Bond",0.0125,"2050-05-15",42.199,42.243,"semi-annually","UNITED STATES TREAS SER BONDS OF MAY 2050, 1.250%, 15-MAY-2050","2050-05-15-912810SN9"
"2026-10-05T1235","912834VV7","STRIP","","2050-05-15",25.243,25.378,"","U S TREAS SEC STRIPPED INT PMT, 0.000%, 15-MAY-2050","2050-05-15-912834VV7"
"2026-10-05T1235","912803FR9","Bond","","2050-08-15",25.541,25.632,"","UNITED STATES TREAS BD STRIPP ZERO CPN, 0.000%, 15-AUG-2050","2050-08-15-912803FR9"
"2026-10-05T1235","912810SP4","Bond",0.01375,"2050-08-15",43.402,43.446,"semi-annually","UNITED STATES TREAS SER BONDS OF AUGUST 2050, 1.375%, 15-AUG-2050","2050-08-15-912810SP4"
"2026-10-05T1235","912834WC8","STRIP","","2050-08-15",24.877,25.02,"","U S TREAS SEC STRIPPED INT PMT, 0.000%, 15-AUG-2050","2050-08-15-912834WC8"
"2026-10-05T1235","912803FT5","Bond","","2050-11-15",25.025,25.13,"","UNITED STATES TREAS BD STRIPP ZERO CPN, 0.000%, 15-NOV-2050","2050-11-15-912803FT5"
"2026-10-05T1235","912810SS8","Bond",0.01625,"2050-11-15",46.265,46.297,"semi-annually","UNITED STATES TREAS SER BONDS OF NOVEMBER 2050, 1.625%, 15-NOV-2050","2050-11-15-912810SS8"
"2026-10-05T1235","912834WJ3","STRIP","","2050-11-15",24.575,24.666,"","U S TREAS SEC STRIPPED INT PMT, 0.000%, 15-NOV-2050","2050-11-15-912834WJ3"
"2026-10-05T1235","912803FV0","Bond","","2051-02-15",24.629,24.728,"","UNITED STATES TREAS BD STRIPP ZERO CPN, 0.000%, 15-FEB-2051","2051-02-15-912803FV0"
"2026-10-05T1235","912810SU3","Bond",0.01875,"2051-02-15",49.207,49.222,"semi-annually","UNITED STATES TREAS SER BONDS OF FEBRUARY 2051, 1.875%, 15-FEB-2051","2051-02-15-912810SU3"
"2026-10-05T1235","912810SV1","TIPS",0.00125,"2051-02-15",45.772,45.866,"semi-annually","UNITED STATES TREAS BDS, 0.125%, 15-FEB-2051","2051-02-15-912810SV1"
"2026-10-05T1235","912834WR5","STRIP","","2051-02-15",24.177,24.31,"","U S TREAS SEC STRIPPED INT PMT, 0.000%, 15-FEB-2051","2051-02-15-912834WR5"
"2026-10-05T1235","912803FY4","Bond","","2051-05-15",24.278,24.352,"","UNITED STATES TREAS BD STRIPP ZERO CPN, 0.000%, 15-MAY-2051","2051-05-15-912803FY4"
"2026-10-05T1235","912810SX7","Bond",0.02375,"2051-05-15",55.574,55.609,"semi-annually","UNITED STATES TREAS SER BONDS OF MAY 2051, 2.375%, 15-MAY-2051","2051-05-15-912810SX7"
"2026-10-05T1235","912834WZ7","STRIP","","2051-05-15",23.852,23.949,"","U S TREAS SEC STRIPPED INT PMT, 0.000%, 15-MAY-2051","2051-05-15-912834WZ7"
"2026-10-05T1235","912803GA5","Bond","","2051-08-15",23.945,24.041,"","UNITED STATES TREAS BD STRIPP ZERO CPN, 0.000%, 15-AUG-2051","2051-08-15-912803GA5"
"2026-10-05T1235","912810SZ2","Bond",0.02,"2051-08-15",50.41,50.453,"semi-annually","UNITED STATES TREAS SER BONDS OF AUGUST 2051, 2.000%, 15-AUG-2051","2051-08-15-912810SZ2"
"2026-10-05T1235","912834XG8","STRIP","","2051-08-15",23.564,23.666,"","U S TREAS SEC STRIPPED INT PMT, 0.000%, 15-AUG-2051","2051-08-15-912834XG8"
"2026-10-05T1235","912803GC1","Bond","","2051-11-15",23.646,23.739,"","UNITED STATES TREAS BD STRIPP ZERO CPN, 0.000%, 15-NOV-2051","2051-11-15-912803GC1"
"2026-10-05T1235","912810TB4","Bond",0.01875,"2051-11-15",48.558,48.598,"semi-annually","UNITED STATES TREAS SER BONDS OF NOVEMBER 2051, 1.875%, 15-NOV-2051","2051-11-15-912810TB4"
"2026-10-05T1235","912834A65","STRIP","","2051-11-15",23.188,23.32,"","U S TREAS SEC STRIPPED INT PMT, 0.000%, 15-NOV-2051","2051-11-15-912834A65"
"2026-10-05T1235","912803GE7","Bond","","2052-02-15",23.333,23.403,"","UNITED STATES TREAS BD STRIPP ZERO CPN, 0.000%, 15-FEB-2052","2052-02-15-912803GE7"
"2026-10-05T1235","912810TD0","Bond",0.0225,"2052-02-15",53.378,53.406,"semi-annually","UNITED STATES TREAS SER BONDS OF FEBRUARY 2052, 2.250%, 15-FEB-2052","2052-02-15-912810TD0"
"2026-10-05T1235","912810TE8","TIPS",0.00125,"2052-02-15",44.39,44.484,"semi-annually","UNITED STATES TREAS BDS, 0.125%, 15-FEB-2052","2052-02-15-912810TE8"
"2026-10-05T1235","912834B56","STRIP","","2052-02-15",22.841,22.982,"","U S TREAS SEC STRIPPED INT PMT, 0.000%, 15-FEB-2052","2052-02-15-912834B56"
"2026-10-05T1235","912803GH0","Bond","","2052-05-15",23.026,23.126,"","UNITED STATES TREAS BD STRIPP ZERO CPN, 0.000%, 15-MAY-2052","2052-05-15-912803GH0"
"2026-10-05T1235","912810TG3","Bond",0.02875,"2052-05-15",61.572,61.604,"semi-annually","UNITED STATES TREAS SER BONDS OF MAY 2052, 2.875%, 15-MAY-2052","2052-05-15-912810TG3"
"2026-10-05T1235","912834C55","STRIP","","2052-05-15",22.52,22.733,"","U S TREAS SEC STRIPPED INT PMT, 0.000%, 15-MAY-2052","2052-05-15-912834C55"
"2026-10-05T1235","912803GK3","Bond","","2052-08-15",22.739,22.821,"","UNITED STATES TREAS BD STRIPP ZERO CPN, 0.000%, 15-AUG-2052","2052-08-15-912803GK3"
"2026-10-05T1235","912810TJ7","Bond",0.03,"2052-08-15",63.1,63.131,"semi-annually","UNITED STATES TREASURY, 3.000%, 15-AUG-2052","2052-08-15-912810TJ7"
"2026-10-05T1235","912834D47","STRIP","","2052-08-15",22.322,22.434,"","U S TREAS SEC STRIPPED INT PMT, 0.000%, 15-AUG-2052","2052-08-15-912834D47"
"2026-10-05T1235","912803GM9","Bond","","2052-11-15",22.4,22.48,"","UNITED STATES TREAS BD STRIPP ZERO CPN, 0.000%, 15-NOV-2052","2052-11-15-912803GM9"
"2026-10-05T1235","912810TL2","Bond",0.04,"2052-11-15",76.478,76.495,"semi-annually","UNITED STATES TREAS SER BONDS OF NOVEMBER 2052, 4.000%, 15-NOV-2052","2052-11-15-912810TL2"
"2026-10-05T1235","912834F29","STRIP","","2052-11-15",22.027,22.171,"","U S TREAS SEC STRIPPED INT PMT, 0.000%, 15-NOV-2052","2052-11-15-912834F29"
"2026-10-05T1235","912803GP2","Bond","","2053-02-15",22.162,22.246,"","UNITED STATES TREAS BD STRIPP ZERO CPN, 0.000%, 15-FEB-2053","2053-02-15-912803GP2"
"2026-10-05T1235","912810TN8","Bond",0.03625,"2053-02-15",71.335,71.349,"semi-annually","UNITED STATES TREAS SER BONDS OF FEBRUARY 2053, 3.625%, 15-FEB-2053","2053-02-15-912810TN8"
"2026-10-05T1235","912810TP3","TIPS",0.015,"2053-02-15",66.69,66.776,"semi-annually","UNITED STATES TREAS BDS, 1.500%, 15-FEB-2053","2053-02-15-912810TP3"
"2026-10-05T1235","912834F94","STRIP","","2053-02-15",21.606,21.778,"","U S TREAS SEC STRIPPED INT PMT, 0.000%, 15-FEB-2053","2053-02-15-912834F94"
"2026-10-05T1235","912803GS6","Bond","","2053-05-15",21.848,21.941,"","UNITED STATES TREAS BD STRIPP ZERO CPN, 0.000%, 15-MAY-2053","2053-05-15-912803GS6"
"2026-10-05T1235","912810TR9","Bond",0.03625,"2053-05-15",71.238,71.249,"semi-annually","UNITED STATES TREAS SER BONDS OF MAY 2053, 3.625%, 15-MAY-2053","2053-05-15-912810TR9"
"2026-10-05T1235","912834G93","STRIP","","2053-05-15",21.473,21.589,"","U S TREAS SEC STRIPPED INT PMT, 0.000%, 15-MAY-2053","2053-05-15-912834G93"
"2026-10-05T1235","912803GU1","Bond","","2053-08-15",21.589,21.676,"","UNITED STATES TREAS BD STRIPP ZERO CPN, 0.000%, 15-AUG-2053","2053-08-15-912803GU1"
"2026-10-05T1235","912810TT5","Bond",0.04125,"2053-08-15",77.992,78.013,"semi-annually","UNITED STATES TREAS SER BONDS OF AUGUST 2053, 4.125%, 15-AUG-2053","2053-08-15-912810TT5"
"2026-10-05T1235","912834H84","STRIP","","2053-08-15",21.185,21.281,"","U S TREAS SEC STRIPPED INT PMT, 0.000%, 15-AUG-2053","2053-08-15-912834H84"
"2026-10-05T1235","912803GW7","Bond","","2053-11-15",21.347,21.423,"","UNITED STATES TREAS BD STRIPP ZERO CPN, 0.000%, 15-NOV-2053","2053-11-15-912803GW7"
"2026-10-05T1235","912810TV0","Bond",0.0475,"2053-11-15",86.558,86.578,"semi-annually","UNITED STATES TREAS SER BONDS OF NOVEMBER 2053, 4.750%, 15-NOV-2053","2053-11-15-912810TV0"
"2026-10-05T1235","912834J66","STRIP","","2053-11-15",20.874,21.046,"","U S TREAS SEC STRIPPED INT PMT, 0.000%, 15-NOV-2053","2053-11-15-912834J66"
"2026-10-05T1235","912803GY3","Bond","","2054-02-15",21.07,21.171,"","UNITED STATES TREAS BD STRIPP ZERO CPN, 0.000%, 15-FEB-2054","2054-02-15-912803GY3"
"2026-10-05T1235","912810TX6","Bond",0.0425,"2054-02-15",79.64,79.674,"semi-annually","UNITED STATES TREAS SER BONDS OF FEBRUARY 2054, 4.250%, 15-FEB-2054","2054-02-15-912810TX6"
"2026-10-05T1235","912810TY4","TIPS",0.02125,"2054-02-15",76.864,76.949,"semi-annually","UNITED STATES TREAS BDS, 2.125%, 15-FEB-2054","2054-02-15-912810TY4"
"2026-10-05T1235","912834K56","STRIP","","2054-02-15",20.501,20.684,"","U S TREAS SEC STRIPPED INT PMT, 0.000%, 15-FEB-2054","2054-02-15-912834K56"
"2026-10-05T1235","912803HB2","Bond","","2054-05-15",20.854,20.939,"","UNITED STATES TREAS BD STRIPP ZERO CPN, 0.000%, 15-MAY-2054","2054-05-15-912803HB2"
"2026-10-05T1235","912810UA4","Bond",0.04625,"2054-05-15",84.824,84.856,"semi-annually","UNITED STATES TREAS SER BONDS OF MAY 2054, 4.625%, 15-MAY-2054","2054-05-15-912810UA4"
"2026-10-05T1235","912834XP8","STRIP","","2054-05-15",20.261,20.423,"","U S TREAS SEC STRIPPED INT PMT, 0.000%, 15-MAY-2054","2054-05-15-912834XP8"
"2026-10-05T1235","912803HD8","Bond","","2054-08-15",20.57,20.664,"","UNITED STATES TREAS BD STRIPP ZERO CPN, 0.000%, 15-AUG-2054","2054-08-15-912803HD8"
"2026-10-05T1235","912810UC0","Bond",0.0425,"2054-08-15",79.562,79.594,"semi-annually","UNITED STATES TREAS SER BONDS OF AUGUST 2054, 4.250%, 15-AUG-2054","2054-08-15-912810UC0"
"2026-10-05T1235","912834XW3","STRIP","","2054-08-15",20.132,20.247,"","U S TREAS SEC STRIPPED INT PMT, 0.000%, 15-AUG-2054","2054-08-15-912834XW3"
"2026-10-05T1235","912803HF3","Bond","","2054-11-15",20.306,20.377,"","UNITED STATES TREAS BD STRIPP ZERO CPN, 0.000%, 15-NOV-2054","2054-11-15-912803HF3"
"2026-10-05T1235","912810UE6","Bond",0.045,"2054-11-15",83.01,83.04,"semi-annually","UNITED STATES TREAS SER BONDS OF NOVEMBER 2054, 4.500%, 15-NOV-2054","2054-11-15-912810UE6"
"2026-10-05T1235","912834YC6","STRIP","","2054-11-15",19.936,20.051,"","U S TREAS SEC STRIPPED INT PMT, 0.000%, 15-NOV-2054","2054-11-15-912834YC6"
"2026-10-05T1235","912803HH9","Bond","","2055-02-15",20.11,20.192,"","UNITED STATES TREAS BD STRIPP ZERO CPN, 0.000%, 15-FEB-2055","2055-02-15-912803HH9"
"2026-10-05T1235","912810UG1","Bond",0.04625,"2055-02-15",84.746,84.778,"semi-annually","UNITED STATES TREAS SER BONDS OF FEBRUARY 2055, 4.625%, 15-FEB-2055","2055-02-15-912810UG1"
"2026-10-05T1235","912810UH9","TIPS",0.02375,"2055-02-15",80.893,80.965,"semi-annually","UNITED STATES TREAS BDS, 2.375%, 15-FEB-2055","2055-02-15-912810UH9"
"2026-10-05T1235","912834YK8","STRIP","","2055-02-15",19.703,19.9,"","U S TREAS SEC STRIPPED INT PMT, 0.000%, 15-FEB-2055","2055-02-15-912834YK8"
"2026-10-05T1235","912803HL0","Bond","","2055-05-15",19.902,19.986,"","UNITED STATES TREAS BD STRIPP ZERO CPN, 0.000%, 15-MAY-2055","2055-05-15-912803HL0"
"2026-10-05T1235","912810UK2","Bond",0.0475,"2055-05-15",86.525,86.555,"semi-annually","UNITED STATES TREAS SER BONDS OF MAY 2055, 4.750%, 15-MAY-2055","2055-05-15-912810UK2"
"2026-10-05T1235","912834YT9","STRIP","","2055-05-15",19.683,19.748,"","U S TREAS SEC STRIPPED INT PMT, 0.000%, 15-MAY-2055","2055-05-15-912834YT9"
"2026-10-05T1235","912803HN6","Bond","","2055-08-15",19.649,19.734,"","UNITED STATES TREAS BD STRIPP ZERO CPN, 0.000%, 15-AUG-2055","2055-08-15-912803HN6"
"2026-10-05T1235","912810UM8","Bond",0.0475,"2055-08-15",86.48,86.512,"semi-annually","UNITED STATES TREAS SER BONDS OF AUGUST 2055, 4.750%, 15-AUG-2055","2055-08-15-912810UM8"
"2026-10-05T1235","912834ZA9","STRIP","","2055-08-15",19.493,19.618,"","U S TREAS SEC STRIPPED INT PMT, 0.000%, 15-AUG-2055","2055-08-15-912834ZA9"
"2026-10-05T1235","912803HQ9","Bond","","2055-11-15",19.397,19.47,"","UNITED STATES TREAS BD STRIPP ZERO CPN, 0.000%, 15-NOV-2055","2055-11-15-912803HQ9"
"2026-10-05T1235","912810UP1","Bond",0.04625,"2055-11-15",84.714,84.734,"semi-annually","UNITED STATES TREAS SER BONDS OF NOVEMBER 2055, 4.625%, 15-NOV-2055","2055-11-15-912810UP1"
"2026-10-05T1235","912834ZG6","STRIP","","2055-11-15",19.521,19.669,"","U S TREAS SEC STRIPPED INT PMT, 0.000%, 15-NOV-2055","2055-11-15-912834ZG6"
"2026-10-05T1235","912803HS5","Bond","","2056-02-15",19.251,19.325,"","UNITED STATES TREAS BD STRIPP ZERO CPN, 0.000%, 15-FEB-2056","2056-02-15-912803HS5"
"2026-10-05T1235","912810UR7","Bond",0.0475,"2056-02-15",86.546,86.561,"semi-annually","UNITED STATES TREAS SER BONDS OF FEBRUARY 2056, 4.750%, 15-FEB-2056","2056-02-15-912810UR7"
"2026-10-05T1235","912810US5","TIPS",0.02375,"2056-02-15",80.863,80.902,"semi-annually","UNITED STATES TREAS BDS, 2.375%, 15-FEB-2056","2056-02-15-912810US5"
"2026-10-05T1235","912834ZP6","STRIP","","2056-02-15",19.227,19.366,"","U S TREAS SEC STRIPPED INT PMT, 0.000%, 15-FEB-2056","2056-02-15-912834ZP6"
"2026-10-05T1235","912803HV8","Bond","","2056-05-15",19.067,19.139,"","UNITED STATES TREAS BD STRIPP ZERO CPN, 0.000%, 15-MAY-2056","2056-05-15-912803HV8"
"2026-10-05T1235","912810UU0","Bond",0.05,"2056-05-15",90.158,90.183,"semi-annually","UNITED STATES TREAS SER BONDS, 5.000%, 15-MAY-2056","2056-05-15-912810UU0"
"2026-10-05T1235","912834ZX9","STRIP","","2056-05-15",18.969,19.255,"","U S TREAS SEC STRIPPED INT PMT, 0.000%, 15-MAY-2056","2056-05-15-912834ZX9"
"2026-10-05T1235","912803HX4","Bond","","2056-08-15",18.825,18.914,"","UNITED STATES TREAS BD STRIPP ZERO CPN, 0.000%, 15-AUG-2056","2056-08-15-912803HX4"
"2026-10-05T1235","912810UW6","Bond",0.05125,"2056-08-15",91.937,91.938,"semi-annually","UNITED STATES TREAS BDS, 5.125%, 15-AUG-2056","2056-08-15-912810UW6"
"2026-10-05T1235","912834L48","STRIP","","2056-08-15",19.13,19.373,"","U S TREAS SEC STRIPPED INT PMT, 0.000%, 15-AUG-2056","2056-08-15-912834L48"
