asOfDate, cusip, securitytype, rate, maturitydate, bid, ask, frequency, description, key
"2026-10-05T0505","912797UJ4","Bill","","2026-10-08","99.97800","99.98000","","UNITED STATES TREAS BILLS ZERO CPN, 0.000%, 08-OCT-2026","2026-10-08-912797UJ4"
"2026-10-05T0505","912797VL8","Bill","","2026-10-13","99.92600","99.92700","","UNITED STATES TREAS BILLS ZERO CPN, 0.000%, 13-OCT-2026","2026-10-13-912797VL8"
"2026-10-05T0505","912797UK1","Bill","","2026-10-15","99.90500","99.90700","","UNITED STATES TREAS BILLS ZERO CPN, 0.000%, 15-OCT-2026","2026-10-15-912797UK1"
"2026-10-05T0505","91282CDC2","TIPS","0.12500","2026-10-15","99.96600","100.03600","semi-annually","UNITED STATES TREAS NTS SER AE-2026, 0.125%, 15-OCT-2026","2026-10-15-91282CDC2"
"2026-10-05T0505","91282CJC6","Bond","4.62500","2026-10-15","100.00700","100.02000","semi-annually","UNITED STATES TREAS SER AT-2026, 4.625%, 15-OCT-2026","2026-10-15-91282CJC6"
"2026-10-05T0505","912797VM6","Bill","","2026-10-20","99.85100","99.85300","","UNITED STATES TREAS BILLS ZERO CPN, 0.000%, 20-OCT-2026","2026-10-20-912797VM6"
"2026-10-05T0505","912797UL9","Bill","","2026-10-22","99.82900","99.83200","","UNITED STATES TREAS BILLS ZERO CPN, 0.000%, 22-OCT-2026","2026-10-22-912797UL9"
"2026-10-05T0505","912797VN4","Bill","","2026-10-27","99.77600","99.77800","","UNITED STATES TREAS BILLS ZERO CPN, 0.000%, 27-OCT-2026","2026-10-27-912797VN4"
"2026-10-05T0505","912797SK4","Bill","","2026-10-29","99.75500","99.75700","","UNITED STATES TREAS BILLS ZERO CPN, 0.000%, 29-OCT-2026","2026-10-29-912797SK4"
"2026-10-05T0505","912828YQ7","Bond","1.62500","2026-10-31","99.82200","99.83000","semi-annually","UNITED STATES TREAS SER R-2026, 1.625%, 31-OCT-2026","2026-10-31-912828YQ7"
"2026-10-05T0505","91282CDG3","Bond","1.12500","2026-10-31","99.78900","99.79700","semi-annually","UNITED STATES TREAS SER AF-2026, 1.125%, 31-OCT-2026","2026-10-31-91282CDG3"
"2026-10-05T0505","91282CLS8","Bond","4.12500","2026-10-31","99.98300","99.99200","semi-annually","UNITED STATES TREAS SER BJ-2026, 4.125%, 31-OCT-2026","2026-10-31-91282CLS8"
"2026-10-05T0505","912797VP9","Bill","","2026-11-03","99.69900","99.70000","","UNITED STATES TREAS BILLS ZERO CPN, 0.000%, 03-NOV-2026","2026-11-03-912797VP9"
"2026-10-05T0505","912797UM7","Bill","","2026-11-05","99.67600","99.67900","","UNITED STATES TREAS BILLS ZERO CPN, 0.000%, 05-NOV-2026","2026-11-05-912797UM7"
"2026-10-05T0505","912797VW4","Bill","","2026-11-10","99.62200","99.62500","","UNITED STATES TREAS BILLS ZERO CPN, 0.000%, 10-NOV-2026","2026-11-10-912797VW4"
"2026-10-05T0505","912797UY1","Bill","","2026-11-12","99.59700","99.60000","","UNITED STATES TREAS BILLS ZERO CPN, 0.000%, 12-NOV-2026","2026-11-12-912797UY1"
"2026-10-05T0505","912803BJ1","Bond","","2026-11-15","99.55400","99.61300","","UNITED STATES TREAS BD STRIPP ZERO CPN, 0.000%, 15-NOV-2026","2026-11-15-912803BJ1"
"2026-10-05T0505","912810EY0","Bond","6.50000","2026-11-15","100.22100","100.38100","semi-annually","UNITED STATES TREAS BDS, 6.500%, 15-NOV-2026","2026-11-15-912810EY0"
"2026-10-05T0505","9128205Y9","STRIP","","2026-11-15","99.53600","99.58900","","U S TREAS SEC STRIPPED INT PMT, 0.000%, 15-NOV-2026","2026-11-15-9128205Y9"
"2026-10-05T0505","912828U24","Bond","2.00000","2026-11-15","99.76500","99.77700","semi-annually","UNITED STATES TREAS SER F-2026, 2.000%, 15-NOV-2026","2026-11-15-912828U24"
"2026-10-05T0505","91282CJK8","Bond","4.62500","2026-11-15","100.04200","100.05000","semi-annually","UNITED STATES TREAS SER AU-2026, 4.625%, 15-NOV-2026","2026-11-15-91282CJK8"
"2026-10-05T0505","912833PB0","STRIP","","2026-11-15","99.54300","99.57900","","U S TREAS SEC STRIPPED INT PMT, 0.000%, 15-NOV-2026","2026-11-15-912833PB0"
"2026-10-05T0505","912797VX2","Bill","","2026-11-17","99.54300","99.54500","","UNITED STATES TREAS BILLS ZERO CPN, 0.000%, 17-NOV-2026","2026-11-17-912797VX2"
"2026-10-05T0505","912797UZ8","Bill","","2026-11-19","99.52100","99.52400","","UNITED STATES TREAS BILLS ZERO CPN, 0.000%, 19-NOV-2026","2026-11-19-912797UZ8"
"2026-10-05T0505","912797VY0","Bill","","2026-11-24","99.46400","99.46700","","UNITED STATES TREAS BILLS ZERO CPN, 0.000%, 24-NOV-2026","2026-11-24-912797VY0"
"2026-10-05T0505","912797SU2","Bill","","2026-11-27","99.42800","99.43000","","UNITED STATES TREAS BILLS ZERO CPN, 0.000%, 27-NOV-2026","2026-11-27-912797SU2"
"2026-10-05T0505","912828YU8","Bond","1.62500","2026-11-30","99.63600","99.64500","semi-annually","UNITED STATES TREAS SER S-2026, 1.625%, 30-NOV-2026","2026-11-30-912828YU8"
"2026-10-05T0505","91282CDK4","Bond","1.25000","2026-11-30","99.57900","99.58600","semi-annually","UNITED STATES TREAS SER AG-2026, 1.250%, 30-NOV-2026","2026-11-30-91282CDK4"
"2026-10-05T0505","91282CLY5","Bond","4.25000","2026-11-30","100.02300","100.02800","semi-annually","UNITED STATES TREAS SER BL-2026, 4.250%, 30-NOV-2026","2026-11-30-91282CLY5"
"2026-10-05T0505","912797VZ7","Bill","","2026-12-01","99.38400","99.38600","","UNITED STATES TREAS BILLS ZERO CPN, 0.000%, 01-DEC-2026","2026-12-01-912797VZ7"
"2026-10-05T0505","912797VA2","Bill","","2026-12-03","99.36100","99.36400","","UNITED STATES TREAS BILLS ZERO CPN, 0.000%, 03-DEC-2026","2026-12-03-912797VA2"
"2026-10-05T0505","912797WE3","Bill","","2026-12-08","99.30800","99.31100","","UNITED STATES TREAS BILLS ZERO CPN, 0.000%, 08-DEC-2026","2026-12-08-912797WE3"
"2026-10-05T0505","912797VG9","Bill","","2026-12-10","99.28500","99.28700","","UNITED STATES TREAS BILLS ZERO CPN, 0.000%, 10-DEC-2026","2026-12-10-912797VG9"
"2026-10-05T0505","912797WF0","Bill","","2026-12-15","99.23700","99.23900","","UNITED STATES TREAS BILLS ZERO CPN, 0.000%, 15-DEC-2026","2026-12-15-912797WF0"
"2026-10-05T0505","91282CJP7","Bond","4.37500","2026-12-15","100.05400","100.05900","semi-annually","UNITED STATES TREAS SER AV-2026, 4.375%, 15-DEC-2026","2026-12-15-91282CJP7"
"2026-10-05T0505","912797VH7","Bill","","2026-12-17","99.20700","99.21000","","UNITED STATES TREAS BILLS ZERO CPN, 0.000%, 17-DEC-2026","2026-12-17-912797VH7"
"2026-10-05T0505","912797WG8","Bill","","2026-12-22","99.15300","99.15500","","UNITED STATES TREAS BILLS ZERO CPN, 0.000%, 22-DEC-2026","2026-12-22-912797WG8"
"2026-10-05T0505","912797TC1","Bill","","2026-12-24","99.12800","99.13100","","UNITED STATES TREAS BILLS ZERO CPN, 0.000%, 24-DEC-2026","2026-12-24-912797TC1"
"2026-10-05T0505","912797WH6","Bill","","2026-12-29","99.07500","99.07800","","UNITED STATES TREAS BILLS ZERO CPN, 0.000%, 29-DEC-2026","2026-12-29-912797WH6"
"2026-10-05T0505","912797VJ3","Bill","","2026-12-31","99.04300","99.04500","","UNITED STATES TREAS BILLS ZERO CPN, 0.000%, 31-DEC-2026","2026-12-31-912797VJ3"
"2026-10-05T0505","912828YX2","Bond","1.75000","2026-12-31","99.46400","99.47400","semi-annually","UNITED STATES TREAS SER T-2026, 1.750%, 31-DEC-2026","2026-12-31-912828YX2"
"2026-10-05T0505","91282CDQ1","Bond","1.25000","2026-12-31","99.33500","99.34400","semi-annually","UNITED STATES TREAS SER AH-2026, 1.250%, 31-DEC-2026","2026-12-31-91282CDQ1"
"2026-10-05T0505","91282CME8","Bond","4.25000","2026-12-31","100.02300","100.02900","semi-annually","UNITED STATES TREAS SER BM-2026, 4.250%, 31-DEC-2026","2026-12-31-91282CME8"
"2026-10-05T0505","912797WN3","Bill","","2027-01-05","98.98600","98.98800","","UNITED STATES TREAS BILLS ZERO CPN, 0.000%, 05-JAN-2027","2027-01-05-912797WN3"
"2026-10-05T0505","912797VS3","Bill","","2027-01-07","98.96200","98.96500","","UNITED STATES TREAS BILLS ZERO CPN, 0.000%, 07-JAN-2027","2027-01-07-912797VS3"
"2026-10-05T0505","912797WP8","Bill","","2027-01-12","98.90700","98.91100","","UNITED STATES TREAS BILLS ZERO CPN, 0.000%, 12-JAN-2027","2027-01-12-912797WP8"
"2026-10-05T0505","912797VT1","Bill","","2027-01-14","98.88500","98.88800","","UNITED STATES TREAS BILLS ZERO CPN, 0.000%, 14-JAN-2027","2027-01-14-912797VT1"
"2026-10-05T0505","912810PS1","TIPS","2.37500","2027-01-15","100.31800","100.38700","semi-annually","UNITED STATES TREAS BDS TIPS, 2.375%, 15-JAN-2027","2027-01-15-912810PS1"
"2026-10-05T0505","912828V49","TIPS","0.37500","2027-01-15","99.78700","99.83200","semi-annually","UNITED STATES TREAS NTS TIPS, 0.375%, 15-JAN-2027","2027-01-15-912828V49"
"2026-10-05T0505","91282CJT9","Bond","4.00000","2027-01-15","99.96200","99.96900","semi-annually","UNITED STATES TREAS SER AJ-2027, 4.000%, 15-JAN-2027","2027-01-15-91282CJT9"
"2026-10-05T0505","912797WQ6","Bill","","2027-01-19","98.82300","98.82600","","UNITED STATES TREAS BILLS ZERO CPN, 0.000%, 19-JAN-2027","2027-01-19-912797WQ6"
"2026-10-05T0505","912797TM9","Bill","","2027-01-21","98.80900","98.81300","","UNITED STATES TREAS BILLS ZERO CPN, 0.000%, 21-JAN-2027","2027-01-21-912797TM9"
"2026-10-05T0505","912797WR4","Bill","","2027-01-26","98.74300","98.74700","","UNITED STATES TREAS BILLS ZERO CPN, 0.000%, 26-JAN-2027","2027-01-26-912797WR4"
"2026-10-05T0505","912797VU8","Bill","","2027-01-28","98.72200","98.72600","","UNITED STATES TREAS BILLS ZERO CPN, 0.000%, 28-JAN-2027","2027-01-28-912797VU8"
"2026-10-05T0505","912828Z78","Bond","1.50000","2027-01-31","99.14800","99.15700","semi-annually","UNITED STATES TREAS SER G-2027, 1.500%, 31-JAN-2027","2027-01-31-912828Z78"
"2026-10-05T0505","91282CMH1","Bond","4.12500","2027-01-31","99.96800","99.97400","semi-annually","UNITED STATES TREAS SER AW-2027, 4.125%, 31-JAN-2027","2027-01-31-91282CMH1"
"2026-10-05T0505","912797VV6","Bill","","2027-02-04","98.64200","98.64500","","UNITED STATES TREAS BILLS ZERO CPN, 0.000%, 04-FEB-2027","2027-02-04-912797VV6"
"2026-10-05T0505","912797WB9","Bill","","2027-02-11","98.56200","98.56500","","UNITED STATES TREAS BILLS ZERO CPN, 0.000%, 11-FEB-2027","2027-02-11-912797WB9"
"2026-10-05T0505","912803BK8","Bond","","2027-02-15","98.56600","98.59600","","UNITED STATES TREAS BD STRIPP ZERO CPN, 0.000%, 15-FEB-2027","2027-02-15-912803BK8"
"2026-10-05T0505","912810EZ7","Bond","6.62500","2027-02-15","100.88100","101.11900","semi-annually","UNITED STATES TREAS BDS, 6.625%, 15-FEB-2027","2027-02-15-912810EZ7"
"2026-10-05T0505","9128206P7","STRIP","","2027-02-15","98.50500","98.63000","","U S TREAS SEC STRIPPED INT PMT, 0.000%, 15-FEB-2027","2027-02-15-9128206P7"
"2026-10-05T0505","912828V98","Bond","2.25000","2027-02-15","99.30800","99.31500","semi-annually","UNITED STATES TREAS SER B-2027, 2.250%, 15-FEB-2027","2027-02-15-912828V98"
"2026-10-05T0505","91282CKA8","Bond","4.12500","2027-02-15","99.96800","99.97700","semi-annually","UNITED STATES TREAS SER AK-2027, 4.125%, 15-FEB-2027","2027-02-15-91282CKA8"
"2026-10-05T0505","912833PC8","STRIP","","2027-02-15","98.51800","98.54300","","U S TREAS SEC STRIPPED INT PMT, 0.000%, 15-FEB-2027","2027-02-15-912833PC8"
"2026-10-05T0505","912797TV9","Bill","","2027-02-18","98.48300","98.48700","","UNITED STATES TREAS BILLS ZERO CPN, 0.000%, 18-FEB-2027","2027-02-18-912797TV9"
"2026-10-05T0505","912797WC7","Bill","","2027-02-25","98.39100","98.39400","","UNITED STATES TREAS BILLS ZERO CPN, 0.000%, 25-FEB-2027","2027-02-25-912797WC7"
"2026-10-05T0505","912828ZB9","Bond","1.12500","2027-02-28","98.79800","98.80400","semi-annually","UNITED STATES TREAS NOTE, 1.125%, 28-FEB-2027","2027-02-28-912828ZB9"
"2026-10-05T0505","91282CEC1","Bond","1.87500","2027-02-28","99.08800","99.09000","semi-annually","UNITED STATES TREAS SER V-2027, 1.875%, 28-FEB-2027","2027-02-28-91282CEC1"
"2026-10-05T0505","91282CMP3","Bond","4.12500","2027-02-28","99.97400","99.97900","semi-annually","UNITED STATES TREAS SER AY-2027, 4.125%, 28-FEB-2027","2027-02-28-91282CMP3"
"2026-10-05T0505","912797WD5","Bill","","2027-03-04","98.31300","98.31700","","UNITED STATES TREAS BILLS ZERO CPN, 0.000%, 04-MAR-2027","2027-03-04-912797WD5"
"2026-10-05T0505","912797WK9","Bill","","2027-03-11","98.23300","98.23600","","UNITED STATES TREAS BILLS ZERO CPN, 0.000%, 11-MAR-2027","2027-03-11-912797WK9"
"2026-10-05T0505","91282CKE0","Bond","4.25000","2027-03-15","100.03300","100.04000","semi-annually","UNITED STATES TREAS SER AL-2027, 4.250%, 15-MAR-2027","2027-03-15-91282CKE0"
"2026-10-05T0505","912797UD7","Bill","","2027-03-18","98.14600","98.15000","","UNITED STATES TREAS BILLS, 0.000%, 18-MAR-2027","2027-03-18-912797UD7"
"2026-10-05T0505","912797WL7","Bill","","2027-03-25","98.06800","98.07100","","UNITED STATES TREAS BILLS ZERO CPN, 0.000%, 25-MAR-2027","2027-03-25-912797WL7"
"2026-10-05T0505","912828ZE3","Bond","0.62500","2027-03-31","98.28700","98.29300","semi-annually","UNITED STATES TREAS NOTE, 0.625%, 31-MAR-2027","2027-03-31-912828ZE3"
"2026-10-05T0505","91282CEF4","Bond","2.50000","2027-03-31","99.17100","99.17600","semi-annually","UNITED STATES TREAS SER W-2027, 2.500%, 31-MAR-2027","2027-03-31-91282CEF4"
"2026-10-05T0505","91282CMV0","Bond","3.87500","2027-03-31","99.82800","99.83000","semi-annually","UNITED STATES TREAS SER AZ-2027, 3.875%, 31-MAR-2027","2027-03-31-91282CMV0"
"2026-10-05T0505","912797WM5","Bill","","2027-04-01","97.96900","97.97100","","UNITED STATES TREAS BILLS ZERO CPN, 0.000%, 01-APR-2027","2027-04-01-912797WM5"
"2026-10-05T0505","912797UE5","Bill","","2027-04-15","97.81800","97.83000","","UNITED STATES TREAS BILLS ZERO CPN, 0.000%, 15-APR-2027","2027-04-15-912797UE5"
"2026-10-05T0505","91282CEJ6","TIPS","0.12500","2027-04-15","98.97000","99.01900","semi-annually","UNITED STATES TREAS NTS SER X-2027, 0.125%, 15-APR-2027","2027-04-15-91282CEJ6"
"2026-10-05T0505","91282CKJ9","Bond","4.50000","2027-04-15","100.13600","100.14400","semi-annually","UNITED STATES TREAS SER AM-2027, 4.500%, 15-APR-2027","2027-04-15-91282CKJ9"
"2026-10-05T0505","912828ZN3","Bond","0.50000","2027-04-30","97.91000","97.91500","semi-annually","UNITED STATES TREAS NOTE, 0.500%, 30-APR-2027","2027-04-30-912828ZN3"
"2026-10-05T0505","91282CEN7","Bond","2.75000","2027-04-30","99.16600","99.17400","semi-annually","UNITED STATES TREAS SER Y-2027, 2.750%, 30-APR-2027","2027-04-30-91282CEN7"
"2026-10-05T0505","91282CMY4","Bond","3.75000","2027-04-30","99.72000","99.73000","semi-annually","UNITED STATES TREAS SER BA-2027, 3.750%, 30-APR-2027","2027-04-30-91282CMY4"
"2026-10-05T0505","912797UX3","Bill","","2027-05-13","97.53000","97.55300","","UNITED STATES TREAS BILLS ZERO CPN, 0.000%, 13-MAY-2027","2027-05-13-912797UX3"
"2026-10-05T0505","9128207D3","STRIP","","2027-05-15","97.42900","97.49600","","U S TREAS SEC STRIPPED INT PMT, 0.000%, 15-MAY-2027","2027-05-15-9128207D3"
"2026-10-05T0505","912828X88","Bond","2.37500","2027-05-15","98.83400","98.84300","semi-annually","UNITED STATES TREAS SER C-2027, 2.375%, 15-MAY-2027","2027-05-15-912828X88"
"2026-10-05T0505","91282CKR1","Bond","4.50000","2027-05-15","100.09100","100.09800","semi-annually","UNITED STATES TREAS SER AN-2027, 4.500%, 15-MAY-2027","2027-05-15-91282CKR1"
"2026-10-05T0505","912833PD6","STRIP","","2027-05-15","97.41900","97.45400","","U S TREAS SEC STRIPPED INT PMT, 0.000%, 15-MAY-2027","2027-05-15-912833PD6"
"2026-10-05T0505","912828ZS2","Bond","0.50000","2027-05-31","97.55700","97.56300","semi-annually","UNITED STATES TREAS SER L-2027, 0.500%, 31-MAY-2027","2027-05-31-912828ZS2"
"2026-10-05T0505","91282CET4","Bond","2.62500","2027-05-31","98.90000","98.90700","semi-annually","UNITED STATES TREAS SER Z-2027, 2.625%, 31-MAY-2027","2027-05-31-91282CET4"
"2026-10-05T0505","91282CNE7","Bond","3.87500","2027-05-31","99.69500","99.70100","semi-annually","UNITED STATES TREAS SER BC-2027, 3.875%, 31-MAY-2027","2027-05-31-91282CNE7"
"2026-10-05T0505","912797VF1","Bill","","2027-06-10","97.18900","97.20800","","UNITED STATES TREAS BILLS ZERO CPN, 0.000%, 10-JUN-2027","2027-06-10-912797VF1"
"2026-10-05T0505","91282CKV2","Bond","4.62500","2027-06-15","100.17100","100.18300","semi-annually","UNITED STATES TREAS SER AP-2027, 4.625%, 15-JUN-2027","2027-06-15-91282CKV2"
"2026-10-05T0505","912828ZV5","Bond","0.50000","2027-06-30","97.23000","97.23900","semi-annually","UNITED STATES TREAS SER M-2027, 0.500%, 30-JUN-2027","2027-06-30-912828ZV5"
"2026-10-05T0505","91282CEW7","Bond","3.25000","2027-06-30","99.17900","99.18900","semi-annually","UNITED STATES TREAS SER AA-2027, 3.250%, 30-JUN-2027","2027-06-30-91282CEW7"
"2026-10-05T0505","91282CNL1","Bond","3.75000","2027-06-30","99.54200","99.55200","semi-annually","UNITED STATES TREAS SER BD-2027, 3.750%, 30-JUN-2027","2027-06-30-91282CNL1"
"2026-10-05T0505","912797VQ7","Bill","","2027-07-08","96.83500","96.85900","","UNITED STATES TREAS BILLS ZERO CPN, 0.000%, 08-JUL-2027","2027-07-08-912797VQ7"
"2026-10-05T0505","9128282L3","TIPS","0.37500","2027-07-15","99.01400","99.05400","semi-annually","UNITED STATES TREAS NTS SER D-2027, 0.375%, 15-JUL-2027","2027-07-15-9128282L3"
"2026-10-05T0505","91282CKZ3","Bond","4.37500","2027-07-15","99.96800","99.97600","semi-annually","UNITED STATES TREAS SER AQ-2027, 4.375%, 15-JUL-2027","2027-07-15-91282CKZ3"
"2026-10-05T0505","91282CAD3","Bond","0.37500","2027-07-31","96.74900","96.75600","semi-annually","UNITED STATES TREAS SER N-2027, 0.375%, 31-JUL-2027","2027-07-31-91282CAD3"
"2026-10-05T0505","91282CFB2","Bond","2.75000","2027-07-31","98.62800","98.63600","semi-annually","UNITED STATES TREAS SER AB-2027, 2.750%, 31-JUL-2027","2027-07-31-91282CFB2"
"2026-10-05T0505","91282CNP2","Bond","3.87500","2027-07-31","99.51900","99.52800","semi-annually","UNITED STATES TREAS SER BE-2027, 3.875%, 31-JUL-2027","2027-07-31-91282CNP2"
"2026-10-05T0505","912797VR5","Bill","","2027-08-05","96.47800","96.50100","","UNITED STATES TREAS BILLS ZERO CPN, 0.000%, 05-AUG-2027","2027-08-05-912797VR5"
"2026-10-05T0505","912803BL6","Bond","","2027-08-15","96.27900","96.36700","","UNITED STATES TREAS BD STRIPP ZERO CPN, 0.000%, 15-AUG-2027","2027-08-15-912803BL6"
"2026-10-05T0505","912810FA1","Bond","6.37500","2027-08-15","101.60400","101.77700","semi-annually","UNITED STATES TREAS BDS, 6.375%, 15-AUG-2027","2027-08-15-912810FA1"
"2026-10-05T0505","9128203H8","STRIP","","2027-08-15","96.24800","96.46800","","U S TREAS SEC STRIPPED INT PMT, 0.000%, 15-AUG-2027","2027-08-15-9128203H8"
"2026-10-05T0505","9128282R0","Bond","2.25000","2027-08-15","98.13400","98.14300","semi-annually","UNITED STATES TREAS SER E-2027, 2.250%, 15-AUG-2027","2027-08-15-9128282R0"
"2026-10-05T0505","91282CLG4","Bond","3.75000","2027-08-15","99.38200","99.39100","semi-annually","UNITED STATES TREAS SER AR-2027, 3.750%, 15-AUG-2027","2027-08-15-91282CLG4"
"2026-10-05T0505","912833PE4","STRIP","","2027-08-15","96.24900","96.29900","","U S TREAS SEC STRIPPED INT PMT, 0.000%, 15-AUG-2027","2027-08-15-912833PE4"
"2026-10-05T0505","91282CAH4","Bond","0.50000","2027-08-31","96.51000","96.51900","semi-annually","UNITED STATES TREAS SER P-2027, 0.500%, 31-AUG-2027","2027-08-31-91282CAH4"
"2026-10-05T0505","91282CFH9","Bond","3.12500","2027-08-31","98.80200","98.80500","semi-annually","UNITED STATES TREAS SER AC-2027, 3.125%, 31-AUG-2027","2027-08-31-91282CFH9"
"2026-10-05T0505","91282CNV9","Bond","3.62500","2027-08-31","99.23100","99.23800","semi-annually","UNITED STATES TREAS SER BG-2027, 3.625%, 31-AUG-2027","2027-08-31-91282CNV9"
"2026-10-05T0505","912797WA1","Bill","","2027-09-02","96.17600","96.19700","","UNITED STATES TREAS BILLS ZERO CPN, 0.000%, 02-SEP-2027","2027-09-02-912797WA1"
"2026-10-05T0505","91282CLL3","Bond","3.37500","2027-09-15","98.96800","98.97800","semi-annually","UNITED STATES TREAS SER AS-2027, 3.375%, 15-SEP-2027","2027-09-15-91282CLL3"
"2026-10-05T0505","912797WJ2","Bill","","2027-09-30","95.76800","95.77400","","UNITED STATES TREAS BILLS ZERO CPN, 0.000%, 30-SEP-2027","2027-09-30-912797WJ2"
"2026-10-05T0505","91282CAL5","Bond","0.37500","2027-09-30","96.03900","96.04600","semi-annually","UNITED STATES TREAS SER Q-2027, 0.375%, 30-SEP-2027","2027-09-30-91282CAL5"
"2026-10-05T0505","91282CFM8","Bond","4.12500","2027-09-30","99.62100","99.62600","semi-annually","UNITED STATES TREAS SER AD-2027, 4.125%, 30-SEP-2027","2027-09-30-91282CFM8"
"2026-10-05T0505","91282CPB1","Bond","3.50000","2027-09-30","99.01100","99.02000","semi-annually","UNITED STATES TREAS SER BH-2027, 3.500%, 30-SEP-2027","2027-09-30-91282CPB1"
"2026-10-05T0505","91282CFR7","TIPS","1.62500","2027-10-15","99.55600","99.58900","semi-annually","UNITED STATES TREAS NTS SER AE-2027, 1.625%, 15-OCT-2027","2027-10-15-91282CFR7"
"2026-10-05T0505","91282CLQ2","Bond","3.87500","2027-10-15","99.33900","99.34700","semi-annually","UNITED STATES TREAS SER AT-2027, 3.875%, 15-OCT-2027","2027-10-15-91282CLQ2"
"2026-10-05T0505","91282CAU5","Bond","0.50000","2027-10-31","95.79200","95.80200","semi-annually","UNITED STATES TREAS SER R-2027, 0.500%, 31-OCT-2027","2027-10-31-91282CAU5"
"2026-10-05T0505","91282CFU0","Bond","4.12500","2027-10-31","99.53900","99.54300","semi-annually","UNITED STATES TREAS SER AF-2027, 4.125%, 31-OCT-2027","2027-10-31-91282CFU0"
"2026-10-05T0505","91282CPE5","Bond","3.50000","2027-10-31","98.88800","98.89400","semi-annually","UNITED STATES TREAS SER BJ-2027, 3.500%, 31-OCT-2027","2027-10-31-91282CPE5"
"2026-10-05T0505","912803BM4","Bond","","2027-11-15","95.12100","95.22900","","UNITED STATES TREAS BD STRIPP ZERO CPN, 0.000%, 15-NOV-2027","2027-11-15-912803BM4"
"2026-10-05T0505","912810FB9","Bond","6.12500","2027-11-15","101.61200","101.86500","semi-annually","UNITED STATES TREAS BDS, 6.125%, 15-NOV-2027","2027-11-15-912810FB9"
"2026-10-05T0505","9128203W5","STRIP","","2027-11-15","95.03200","95.36600","","U S TREAS SEC STRIPPED INT PMT, 0.000%, 15-NOV-2027","2027-11-15-9128203W5"
"2026-10-05T0505","9128283F5","Bond","2.25000","2027-11-15","97.47600","97.48800","semi-annually","UNITED STATES TREAS SER F-2027, 2.250%, 15-NOV-2027","2027-11-15-9128283F5"
"2026-10-05T0505","91282CLX7","Bond","4.12500","2027-11-15","99.48000","99.48800","semi-annually","UNITED STATES TREAS SER AU-2027, 4.125%, 15-NOV-2027","2027-11-15-91282CLX7"
"2026-10-05T0505","912833QB9","STRIP","","2027-11-15","95.08500","95.13200","","U S TREAS SEC STRIPPED INT PMT, 0.000%, 15-NOV-2027","2027-11-15-912833QB9"
"2026-10-05T0505","91282CAY7","Bond","0.62500","2027-11-30","95.57600","95.59000","semi-annually","UNITED STATES TREAS SER S-2027, 0.625%, 30-NOV-2027","2027-11-30-91282CAY7"
"2026-10-05T0505","91282CFZ9","Bond","3.87500","2027-11-30","99.16500","99.17800","semi-annually","UNITED STATES TREAS SER AG-2027, 3.875%, 30-NOV-2027","2027-11-30-91282CFZ9"
"2026-10-05T0505","91282CPL9","Bond","3.37500","2027-11-30","98.62100","98.63000","semi-annually","UNITED STATES TREAS SER BL-2027, 3.375%, 30-NOV-2027","2027-11-30-91282CPL9"
"2026-10-05T0505","91282CMB4","Bond","4.00000","2027-12-15","99.28400","99.29400","semi-annually","UNITED STATES TREAS SER AV-2027, 4.000%, 15-DEC-2027","2027-12-15-91282CMB4"
"2026-10-05T0505","91282CBB6","Bond","0.62500","2027-12-31","95.23500","95.24800","semi-annually","UNITED STATES TREAS SER T-2027, 0.625%, 31-DEC-2027","2027-12-31-91282CBB6"
"2026-10-05T0505","91282CGC9","Bond","3.87500","2027-12-31","99.08100","99.09300","semi-annually","UNITED STATES TREAS SER AH-2027, 3.875%, 31-DEC-2027","2027-12-31-91282CGC9"
"2026-10-05T0505","91282CPS4","Bond","3.37500","2027-12-31","98.48700","98.49900","semi-annually","UNITED STATES TREAS SER BM-2027, 3.375%, 31-DEC-2027","2027-12-31-91282CPS4"
"2026-10-05T0505","912810PV4","TIPS","1.75000","2028-01-15","99.07000","99.12800","semi-annually","UNITED STATES TREASURY, 1.750%, 15-JAN-2028","2028-01-15-912810PV4"
"2026-10-05T0505","9128283R9","TIPS","0.50000","2028-01-15","97.54300","97.58100","semi-annually","UNITED STATES TREAS NTS SER A-2028, 0.500%, 15-JAN-2028","2028-01-15-9128283R9"
"2026-10-05T0505","91282CMF5","Bond","4.25000","2028-01-15","99.46500","99.47300","semi-annually","UNITED STATES TREAS SER AJ-2028, 4.250%, 15-JAN-2028","2028-01-15-91282CMF5"
"2026-10-05T0505","91282CBJ9","Bond","0.75000","2028-01-31","95.02300","95.03400","semi-annually","UNITED STATES TREAS SER G-2028, 0.750%, 31-JAN-2028","2028-01-31-91282CBJ9"
"2026-10-05T0505","91282CGH8","Bond","3.50000","2028-01-31","98.49300","98.50000","semi-annually","UNITED STATES TREAS SER U-2028, 3.500%, 31-JAN-2028","2028-01-31-91282CGH8"
"2026-10-05T0505","9128204M6","STRIP","","2028-02-15","93.88000","93.97600","","U S TREAS SEC STRIPPED INT PMT, 0.000%, 15-FEB-2028","2028-02-15-9128204M6"
"2026-10-05T0505","9128283W8","Bond","2.75000","2028-02-15","97.45300","97.46100","semi-annually","UNITED STATES TREAS NOTES, 2.750%, 15-FEB-2028","2028-02-15-9128283W8"
"2026-10-05T0505","91282CMN8","Bond","4.25000","2028-02-15","99.40200","99.41000","semi-annually","UNITED STATES TREAS SER AK-2028, 4.250%, 15-FEB-2028","2028-02-15-91282CMN8"
"2026-10-05T0505","912833RY8","STRIP","","2028-02-15","93.83700","93.89800","","U S TREAS SEC STRIPPED INT PMT, 0.000%, 15-FEB-2028","2028-02-15-912833RY8"
"2026-10-05T0505","91282CBP5","Bond","1.12500","2028-02-29","95.19200","95.20200","semi-annually","UNITED STATES TREAS SER H-2028, 1.125%, 29-FEB-2028","2028-02-29-91282CBP5"
"2026-10-05T0505","91282CGP0","Bond","4.00000","2028-02-29","99.04800","99.05500","semi-annually","UNITED STATES TREAS SER V-2028, 4.000%, 29-FEB-2028","2028-02-29-91282CGP0"
"2026-10-05T0505","91282CQB0","Bond","3.37500","2028-02-29","98.20700","98.22000","semi-annually","UNITED STATES TREAS SER AY-2028, 3.375%, 29-FEB-2028","2028-02-29-91282CQB0"
"2026-10-05T0505","91282CMS7","Bond","3.87500","2028-03-15","98.84300","98.85200","semi-annually","UNITED STATES TREAS SER AL-2028, 3.875%, 15-MAR-2028","2028-03-15-91282CMS7"
"2026-10-05T0505","91282CBS9","Bond","1.25000","2028-03-31","95.06600","95.07700","semi-annually","UNITED STATES TREAS SER J-2028, 1.250%, 31-MAR-2028","2028-03-31-91282CBS9"
"2026-10-05T0505","91282CGT2","Bond","3.62500","2028-03-31","98.43400","98.44100","semi-annually","UNITED STATES TREAS SER W-2028, 3.625%, 31-MAR-2028","2028-03-31-91282CGT2"
"2026-10-05T0505","91282CQH7","Bond","3.87500","2028-03-31","98.78800","98.79600","semi-annually","UNITED STATES TREAS SER AZ-2028, 3.875%, 31-MAR-2028","2028-03-31-91282CQH7"
"2026-10-05T0505","912810FD5","TIPS","3.62500","2028-04-15","101.53600","101.59600","semi-annually","UNITED STATES TREAS BDS, 3.625%, 15-APR-2028","2028-04-15-912810FD5"
"2026-10-05T0505","91282CGW5","TIPS","1.25000","2028-04-15","98.00400","98.05900","semi-annually","UNITED STATES TREAS NTS SER X-2028, 1.250%, 15-APR-2028","2028-04-15-91282CGW5"
"2026-10-05T0505","91282CMW8","Bond","3.75000","2028-04-15","98.55300","98.55800","semi-annually","UNITED STATES TREAS SER AM-2028, 3.750%, 15-APR-2028","2028-04-15-91282CMW8"
"2026-10-05T0505","91282CBZ3","Bond","1.25000","2028-04-30","94.76700","94.77600","semi-annually","UNITED STATES TREAS SER K-2028, 1.250%, 30-APR-2028","2028-04-30-91282CBZ3"
"2026-10-05T0505","91282CHA2","Bond","3.50000","2028-04-30","98.13400","98.14300","semi-annually","UNITED STATES TREAS SER Y-2028, 3.500%, 30-APR-2028","2028-04-30-91282CHA2"
"2026-10-05T0505","91282CQL8","Bond","3.75000","2028-04-30","98.50100","98.51000","semi-annually","UNITED STATES TREAS SER BA-2028, 3.750%, 30-APR-2028","2028-04-30-91282CQL8"
"2026-10-05T0505","9128205B9","STRIP","","2028-05-15","92.70600","92.79300","","U S TREAS SEC STRIPPED INT PMT, 0.000%, 15-MAY-2028","2028-05-15-9128205B9"
"2026-10-05T0505","9128284N7","Bond","2.87500","2028-05-15","97.11700","97.12500","semi-annually","UNITED STATES TREAS SER C-2028, 2.875%, 15-MAY-2028","2028-05-15-9128284N7"
"2026-10-05T0505","91282CND9","Bond","3.75000","2028-05-15","98.45700","98.46500","semi-annually","UNITED STATES TREAS SER AN-2028, 3.750%, 15-MAY-2028","2028-05-15-91282CND9"
"2026-10-05T0505","912833WQ9","STRIP","","2028-05-15","92.68500","92.74600","","U S TREAS SEC STRIPPED INT PMT, 0.000%, 15-MAY-2028","2028-05-15-912833WQ9"
"2026-10-05T0505","91282CCE9","Bond","1.25000","2028-05-31","94.48000","94.48900","semi-annually","UNITED STATES TREAS SER L-2028, 1.250%, 31-MAY-2028","2028-05-31-91282CCE9"
"2026-10-05T0505","91282CHE4","Bond","3.62500","2028-05-31","98.20900","98.21500","semi-annually","UNITED STATES TREAS SER Z-2028, 3.625%, 31-MAY-2028","2028-05-31-91282CHE4"
"2026-10-05T0505","91282CQS3","Bond","4.00000","2028-05-31","98.78900","98.79400","semi-annually","UNITED STATES TREAS SER BC-2028, 4.000%, 31-MAY-2028","2028-05-31-91282CQS3"
"2026-10-05T0505","91282CNH0","Bond","3.87500","2028-06-15","98.54300","98.54900","semi-annually","UNITED STATES TREAS SER AP-2028, 3.875%, 15-JUN-2028","2028-06-15-91282CNH0"
"2026-10-05T0505","91282CCH2","Bond","1.25000","2028-06-30","94.19200","94.20400","semi-annually","UNITED STATES TREAS SER M-2028, 1.250%, 30-JUN-2028","2028-06-30-91282CCH2"
"2026-10-05T0505","91282CHK0","Bond","4.00000","2028-06-30","98.73000","98.73100","semi-annually","UNITED STATES TREAS SER AA-2028, 4.000%, 30-JUN-2028","2028-06-30-91282CHK0"
"2026-10-05T0505","91282CQY0","Bond","4.12500","2028-06-30","98.90700","98.91100","semi-annually","UNITED STATES TREAS SER BD-2028, 4.125%, 30-JUN-2028","2028-06-30-91282CQY0"
"2026-10-05T0505","912828Y38","TIPS","0.75000","2028-07-15","97.37800","97.41700","semi-annually","UNITED STATES TREAS NTS SER D-2028, 0.750%, 15-JUL-2028","2028-07-15-912828Y38"
"2026-10-05T0505","91282CNM9","Bond","3.87500","2028-07-15","98.45300","98.45800","semi-annually","UNITED STATES TREAS SER AQ-2028, 3.875%, 15-JUL-2028","2028-07-15-91282CNM9"
"2026-10-05T0505","91282CCR0","Bond","1.00000","2028-07-31","93.46400","93.47300","semi-annually","UNITED STATES TREAS SER N-2028, 1.000%, 31-JUL-2028","2028-07-31-91282CCR0"
"2026-10-05T0505","91282CHQ7","Bond","4.12500","2028-07-31","98.85300","98.86200","semi-annually","UNITED STATES TREAS SER AB-2028, 4.125%, 31-JUL-2028","2028-07-31-91282CHQ7"
"2026-10-05T0505","91282CRB9","Bond","4.25000","2028-07-31","99.04900","99.05600","semi-annually","UNITED STATES TREAS SER BE-2028, 4.250%, 31-JUL-2028","2028-07-31-91282CRB9"
"2026-10-05T0505","912803BP7","Bond","","2028-08-15","91.58800","91.71500","","UNITED STATES TREAS BD STRIPP ZERO CPN, 0.000%, 15-AUG-2028","2028-08-15-912803BP7"
"2026-10-05T0505","912810FE3","Bond","5.50000","2028-08-15","101.21200","101.43000","semi-annually","UNITED STATES TREAS BDS, 5.500%, 15-AUG-2028","2028-08-15-912810FE3"
"2026-10-05T0505","912821AH8","STRIP","","2028-08-15","91.47100","92.18500","","U S TREAS NT STRIPPED PRIN PMT, 0.000%, 15-AUG-2028","2028-08-15-912821AH8"
"2026-10-05T0505","9128284V9","Bond","2.87500","2028-08-15","96.61400","96.62200","semi-annually","UNITED STATES TREAS SER E-2028, 2.875%, 15-AUG-2028","2028-08-15-9128284V9"
"2026-10-05T0505","91282CNU1","Bond","3.62500","2028-08-15","97.92400","97.93200","semi-annually","UNITED STATES TREAS SER AR-2028, 3.625%, 15-AUG-2028","2028-08-15-91282CNU1"
"2026-10-05T0505","912833RZ5","STRIP","","2028-08-15","91.53100","91.61200","","U S TREAS SEC STRIPPED INT PMT, 0.000%, 15-AUG-2028","2028-08-15-912833RZ5"
"2026-10-05T0505","91282CCV1","Bond","1.12500","2028-08-31","93.38800","93.39900","semi-annually","UNITED STATES TREAS SER P-2028, 1.125%, 31-AUG-2028","2028-08-31-91282CCV1"
"2026-10-05T0505","91282CHX2","Bond","4.37500","2028-08-31","99.21900","99.23100","semi-annually","UNITED STATES TREAS SER AC-2028, 4.375%, 31-AUG-2028","2028-08-31-91282CHX2"
"2026-10-05T0505","91282CRH6","Bond","4.12500","2028-08-31","98.77300","98.77800","semi-annually","UNITED STATES TREAS SER BG-2028, 4.125%, 31-AUG-2028","2028-08-31-91282CRH6"
"2026-10-05T0505","91282CNY3","Bond","3.37500","2028-09-15","97.35400","97.36100","semi-annually","UNITED STATES TREAS SER AS-2028, 3.375%, 15-SEP-2028","2028-09-15-91282CNY3"
"2026-10-05T0505","91282CCY5","Bond","1.25000","2028-09-30","93.31900","93.33100","semi-annually","UNITED STATES TREAS SER Q-2028, 1.250%, 30-SEP-2028","2028-09-30-91282CCY5"
"2026-10-05T0505","91282CJA0","Bond","4.62500","2028-09-30","99.62400","99.63300","semi-annually","UNITED STATES TREAS SER AD-2028, 4.625%, 30-SEP-2028","2028-09-30-91282CJA0"
"2026-10-05T0505","91282CRP8","Bond","4.75000","2028-09-30","99.87900","99.88200","semi-annually","UNITED STATES TREAS SER BH-2028, 4.750%, 30-SEP-2028","2028-09-30-91282CRP8"
"2026-10-05T0505","91282CJH5","TIPS","2.37500","2028-10-15","100.04200","100.08200","semi-annually","UNITED STATES TREAS NTS SER AE-2028, 2.375%, 15-OCT-2028","2028-10-15-91282CJH5"
"2026-10-05T0505","91282CPC9","Bond","3.50000","2028-10-15","97.45100","97.45700","semi-annually","UNITED STATES TREAS SER AT-2028, 3.500%, 15-OCT-2028","2028-10-15-91282CPC9"
"2026-10-05T0505","91282CDF5","Bond","1.37500","2028-10-31","93.25900","93.27700","semi-annually","UNITED STATES TREAS SER R-2028, 1.375%, 31-OCT-2028","2028-10-31-91282CDF5"
"2026-10-05T0505","91282CJF9","Bond","4.87500","2028-10-31","100.06600","100.08300","semi-annually","UNITED STATES TREAS SER AF-2028, 4.875%, 31-OCT-2028","2028-10-31-91282CJF9"
"2026-10-05T0505","912803BV4","Bond","","2028-11-15","90.46400","90.56700","","UNITED STATES TREAS BD STRIPP ZERO CPN, 0.000%, 15-NOV-2028","2028-11-15-912803BV4"
"2026-10-05T0505","912810FF0","Bond","5.25000","2028-11-15","100.84800","101.08000","semi-annually","UNITED STATES TREAS BDS, 5.250%, 15-NOV-2028","2028-11-15-912810FF0"
"2026-10-05T0505","912821AW5","STRIP","","2028-11-15","90.28200","90.68400","","U S TREAS NT STRIPPED PRIN PMT, 0.000%, 15-NOV-2028","2028-11-15-912821AW5"
"2026-10-05T0505","9128285M8","Bond","3.12500","2028-11-15","96.59500","96.62200","semi-annually","UNITED STATES TREAS SER F-2028, 3.125%, 15-NOV-2028","2028-11-15-9128285M8"
"2026-10-05T0505","91282CPK1","Bond","3.50000","2028-11-15","97.33400","97.34300","semi-annually","UNITED STATES TREAS SER AU-2028, 3.500%, 15-NOV-2028","2028-11-15-91282CPK1"
"2026-10-05T0505","912833WR7","STRIP","","2028-11-15","90.35500","90.41900","","U S TREAS SEC STRIPPED INT PMT, 0.000%, 15-NOV-2028","2028-11-15-912833WR7"
"2026-10-05T0505","91282CDL2","Bond","1.50000","2028-11-30","93.22300","93.24200","semi-annually","UNITED STATES TREAS SER S-2028, 1.500%, 30-NOV-2028","2028-11-30-91282CDL2"
"2026-10-05T0505","91282CJN2","Bond","4.37500","2028-11-30","99.03200","99.04600","semi-annually","UNITED STATES TREAS SER AG-2028, 4.375%, 30-NOV-2028","2028-11-30-91282CJN2"
"2026-10-05T0505","91282CPP0","Bond","3.50000","2028-12-15","97.20500","97.22100","semi-annually","UNITED STATES TREAS SER AV-2028, 3.500%, 15-DEC-2028","2028-12-15-91282CPP0"
"2026-10-05T0505","91282CDP3","Bond","1.37500","2028-12-31","92.68900","92.71100","semi-annually","UNITED STATES TREAS SER T-2028, 1.375%, 31-DEC-2028","2028-12-31-91282CDP3"
"2026-10-05T0505","91282CJR3","Bond","3.75000","2028-12-31","97.66100","97.67500","semi-annually","UNITED STATES TREAS SER AH-2028, 3.750%, 31-DEC-2028","2028-12-31-91282CJR3"
"2026-10-05T0505","912810PZ5","TIPS","2.50000","2029-01-15","99.93300","99.98400","semi-annually","UNITED STATES TREAS BDS, 2.500%, 15-JAN-2029","2029-01-15-912810PZ5"
"2026-10-05T0505","9128285W6","TIPS","0.87500","2029-01-15","96.38000","96.41800","semi-annually","UNITED STATES TREAS NTS SER A-2029, 0.875%, 15-JAN-2029","2029-01-15-9128285W6"
"2026-10-05T0505","91282CPT2","Bond","3.50000","2029-01-15","97.06000","97.07500","semi-annually","UNITED STATES TREAS SER AJ-2029, 3.500%, 15-JAN-2029","2029-01-15-91282CPT2"
"2026-10-05T0505","91282CDW8","Bond","1.75000","2029-01-31","93.21900","93.23400","semi-annually","UNITED STATES TREAS SER G-2029, 1.750%, 31-JAN-2029","2029-01-31-91282CDW8"
"2026-10-05T0505","91282CJW2","Bond","4.00000","2029-01-31","98.09100","98.10500","semi-annually","UNITED STATES TREAS SER U-2029, 4.000%, 31-JAN-2029","2029-01-31-91282CJW2"
"2026-10-05T0505","912803BW2","Bond","","2029-02-15","89.33500","89.42900","","UNITED STATES TREAS BD STRIPP ZERO CPN, 0.000%, 15-FEB-2029","2029-02-15-912803BW2"
"2026-10-05T0505","912810FG8","Bond","5.25000","2029-02-15","100.89600","101.12800","semi-annually","UNITED STATES TREAS BDS, 5.250%, 15-FEB-2029","2029-02-15-912810FG8"
"2026-10-05T0505","912821BL8","STRIP","","2029-02-15","88.92600","89.59700","","U S TREAS NT STRIPPED PRIN PMT, 0.000%, 15-FEB-2029","2029-02-15-912821BL8"
"2026-10-05T0505","9128286B1","Bond","2.62500","2029-02-15","95.01200","95.03100","semi-annually","UNITED STATES TREAS SER B-2029, 2.625%, 15-FEB-2029","2029-02-15-9128286B1"
"2026-10-05T0505","91282CQA2","Bond","3.50000","2029-02-15","96.92700","96.94000","semi-annually","UNITED STATES TREAS SER AK-2029, 3.500%, 15-FEB-2029","2029-02-15-91282CQA2"
"2026-10-05T0505","912833XN5","STRIP","","2029-02-15","89.07000","89.14000","","U S TREAS SEC STRIPPED INT PMT, 0.000%, 15-FEB-2029","2029-02-15-912833XN5"
"2026-10-05T0505","91282CEB3","Bond","1.87500","2029-02-28","93.23800","93.26200","semi-annually","UNITED STATES TREAS SER H-2029, 1.875%, 28-FEB-2029","2029-02-28-91282CEB3"
"2026-10-05T0505","91282CKD2","Bond","4.25000","2029-02-28","98.58000","98.59600","semi-annually","UNITED STATES TREAS SER V-2029, 4.250%, 28-FEB-2029","2029-02-28-91282CKD2"
"2026-10-05T0505","91282CQE4","Bond","3.50000","2029-03-15","96.82800","96.84200","semi-annually","UNITED STATES TREAS SER AL-2029, 3.500%, 15-MAR-2029","2029-03-15-91282CQE4"
"2026-10-05T0505","91282CEE7","Bond","2.37500","2029-03-31","94.14900","94.16300","semi-annually","UNITED STATES TREAS SER J-2029, 2.375%, 31-MAR-2029","2029-03-31-91282CEE7"
"2026-10-05T0505","91282CKG5","Bond","4.12500","2029-03-31","98.21500","98.23000","semi-annually","UNITED STATES TREAS SER W-2029, 4.125%, 31-MAR-2029","2029-03-31-91282CKG5"
"2026-10-05T0505","912810FH6","TIPS","3.87500","2029-04-15","103.07900","103.13900","semi-annually","UNITED STATES TREAS BDS, 3.875%, 15-APR-2029","2029-04-15-912810FH6"
"2026-10-05T0505","91282CKL4","TIPS","2.12500","2029-04-15","98.84900","98.88500","semi-annually","UNITED STATES TREAS NTS SER X-2029, 2.125%, 15-APR-2029","2029-04-15-91282CKL4"
"2026-10-05T0505","91282CQJ3","Bond","3.87500","2029-04-15","97.57000","97.58500","semi-annually","UNITED STATES TREAS SER AM-2029, 3.875%, 15-APR-2029","2029-04-15-91282CQJ3"
"2026-10-05T0505","91282CEM9","Bond","2.87500","2029-04-30","95.13700","95.15600","semi-annually","UNITED STATES TREAS SER K-2029, 2.875%, 30-APR-2029","2029-04-30-91282CEM9"
"2026-10-05T0505","91282CKP5","Bond","4.62500","2029-04-30","99.34100","99.35800","semi-annually","UNITED STATES TREAS SER Y-2029, 4.625%, 30-APR-2029","2029-04-30-91282CKP5"
"2026-10-05T0505","912821CA1","STRIP","","2029-05-15","88.06500","88.14600","","U S TREAS NT STRIPPED PRIN PMT, 0.000%, 15-MAY-2029","2029-05-15-912821CA1"
"2026-10-05T0505","9128286T2","Bond","2.37500","2029-05-15","93.86700","93.88700","semi-annually","UNITED STATES TREAS SER C-2029, 2.375%, 15-MAY-2029","2029-05-15-9128286T2"
"2026-10-05T0505","91282CQR5","Bond","3.87500","2029-05-15","97.48400","97.49800","semi-annually","UNITED STATES TREASURY NOTE, 3.875%, 15-MAY-2029","2029-05-15-91282CQR5"
"2026-10-05T0505","912833XS4","STRIP","","2029-05-15","87.93900","88.02500","","U S TREAS SEC STRIPPED INT PMT, 0.000%, 15-MAY-2029","2029-05-15-912833XS4"
"2026-10-05T0505","91282CES6","Bond","2.75000","2029-05-31","94.67200","94.69200","semi-annually","UNITED STATES TREAS SER L-2029, 2.750%, 31-MAY-2029","2029-05-31-91282CES6"
"2026-10-05T0505","91282CKT7","Bond","4.50000","2029-05-31","98.97300","98.98700","semi-annually","UNITED STATES TREAS SER Z-2029, 4.500%, 31-MAY-2029","2029-05-31-91282CKT7"
"2026-10-05T0505","91282CQV6","Bond","4.12500","2029-06-15","98.00200","98.01500","semi-annually","UNITED STATES TREAS SER AP-2029, 4.125%, 15-JUN-2029","2029-06-15-91282CQV6"
"2026-10-05T0505","91282CEV9","Bond","3.25000","2029-06-30","95.76500","95.78000","semi-annually","UNITED STATES TREAS SER M-2029, 3.250%, 30-JUN-2029","2029-06-30-91282CEV9"
"2026-10-05T0505","91282CKX8","Bond","4.25000","2029-06-30","98.27800","98.29600","semi-annually","UNITED STATES TREAS SER AA-2029, 4.250%, 30-JUN-2029","2029-06-30-91282CKX8"
"2026-10-05T0505","9128287D6","TIPS","0.25000","2029-07-15","94.24600","94.27600","semi-annually","UNITED STATES TREAS NTS SER D-2029, 0.250%, 15-JUL-2029","2029-07-15-9128287D6"
"2026-10-05T0505","91282CQZ7","Bond","4.12500","2029-07-15","97.91700","97.92800","semi-annually","UNITED STATES TREAS SER AQ-2029, 4.125%, 15-JUL-2029","2029-07-15-91282CQZ7"
"2026-10-05T0505","91282CFC0","Bond","2.62500","2029-07-31","93.98500","94.00300","semi-annually","UNITED STATES TREAS SER N-2029, 2.625%, 31-JUL-2029","2029-07-31-91282CFC0"
"2026-10-05T0505","91282CLC3","Bond","4.00000","2029-07-31","97.55900","97.57300","semi-annually","UNITED STATES TREAS SER AB-2029, 4.000%, 31-JUL-2029","2029-07-31-91282CLC3"
"2026-10-05T0505","912803CG6","Bond","","2029-08-15","86.98100","87.07000","","UNITED STATES TREAS BD STRIPP ZERO CPN, 0.000%, 15-AUG-2029","2029-08-15-912803CG6"
"2026-10-05T0505","912810FJ2","Bond","6.12500","2029-08-15","103.14900","103.37600","semi-annually","UNITED STATES TREAS BDS, 6.125%, 15-AUG-2029","2029-08-15-912810FJ2"
"2026-10-05T0505","912821CR4","STRIP","","2029-08-15","86.84500","87.57900","","U S TREAS NT STRIPPED PRIN PMT, 0.000%, 15-AUG-2029","2029-08-15-912821CR4"
"2026-10-05T0505","912828YB0","Bond","1.62500","2029-08-15","91.33000","91.34800","semi-annually","UNITED STATES TREAS SER E-2029, 1.625%, 15-AUG-2029","2029-08-15-912828YB0"
"2026-10-05T0505","91282CRG8","Bond","4.25000","2029-08-15","98.17900","98.18400","semi-annually","UNITED STATES TREAS SER AR-2029, 4.250%, 15-AUG-2029","2029-08-15-91282CRG8"
"2026-10-05T0505","912833XP0","STRIP","","2029-08-15","86.80600","86.87000","","U S TREAS SEC STRIPPED INT PMT, 0.000%, 15-AUG-2029","2029-08-15-912833XP0"
"2026-10-05T0505","91282CFJ5","Bond","3.12500","2029-08-31","95.13600","95.15300","semi-annually","UNITED STATES TREAS SER P-2029, 3.125%, 31-AUG-2029","2029-08-31-91282CFJ5"
"2026-10-05T0505","91282CLK5","Bond","3.62500","2029-08-31","96.46200","96.47500","semi-annually","UNITED STATES TREAS SER AC-2029, 3.625%, 31-AUG-2029","2029-08-31-91282CLK5"
"2026-10-05T0505","91282CRL7","Bond","4.37500","2029-09-15","98.45500","98.46000","semi-annually","UNITED STATES TREAS SER AS-2029, 4.375%, 15-SEP-2029","2029-09-15-91282CRL7"
"2026-10-05T0505","91282CFL0","Bond","3.87500","2029-09-30","97.05500","97.07400","semi-annually","UNITED STATES TREAS SER Q-2029, 3.875%, 30-SEP-2029","2029-09-30-91282CFL0"
"2026-10-05T0505","91282CLN9","Bond","3.50000","2029-09-30","96.02100","96.03500","semi-annually","UNITED STATES TREAS SER AD-2029, 3.500%, 30-SEP-2029","2029-09-30-91282CLN9"
"2026-10-05T0505","91282CLV1","TIPS","1.62500","2029-10-15","97.56400","97.59200","semi-annually","UNITED STATES TREAS NTS SER AE-2029, 1.625%, 15-OCT-2029","2029-10-15-91282CLV1"
"2026-10-05T0505","91282CFT3","Bond","4.00000","2029-10-31","97.30800","97.32400","semi-annually","UNITED STATES TREAS SER R-2029, 4.000%, 31-OCT-2029","2029-10-31-91282CFT3"
"2026-10-05T0505","91282CLR0","Bond","4.12500","2029-10-31","97.64700","97.66500","semi-annually","UNITED STATES TREAS SER AF-2029, 4.125%, 31-OCT-2029","2029-10-31-91282CLR0"
"2026-10-05T0505","912821DF9","STRIP","","2029-11-15","85.89900","85.98600","","U S TREAS NT STRIPPED PRIN PMT, 0.000%, 15-NOV-2029","2029-11-15-912821DF9"
"2026-10-05T0505","912828YS3","Bond","1.75000","2029-11-15","90.88800","90.91300","semi-annually","UNITED STATES TREAS SER F-2029, 1.750%, 15-NOV-2029","2029-11-15-912828YS3"
"2026-10-05T0505","912833XT2","STRIP","","2029-11-15","85.68600","85.77300","","U S TREAS SEC STRIPPED INT PMT, 0.000%, 15-NOV-2029","2029-11-15-912833XT2"
"2026-10-05T0505","91282CFY2","Bond","3.87500","2029-11-30","96.85100","96.86700","semi-annually","UNITED STATES TREAS SER S-2029, 3.875%, 30-NOV-2029","2029-11-30-91282CFY2"
"2026-10-05T0505","91282CMA6","Bond","4.12500","2029-11-30","97.57800","97.59800","semi-annually","UNITED STATES TREAS SER AG-2029, 4.125%, 30-NOV-2029","2029-11-30-91282CMA6"
"2026-10-05T0505","91282CGB1","Bond","3.87500","2029-12-31","96.75100","96.76900","semi-annually","UNITED STATES TREAS SER T-2029, 3.875%, 31-DEC-2029","2029-12-31-91282CGB1"
"2026-10-05T0505","91282CMD0","Bond","4.37500","2029-12-31","98.23900","98.25300","semi-annually","UNITED STATES TREAS SER AH-2029, 4.375%, 31-DEC-2029","2029-12-31-91282CMD0"
"2026-10-05T0505","912828Z37","TIPS","0.12500","2030-01-15","92.33700","92.37000","semi-annually","UNITED STATES TREAS NTS SER A-2030, 0.125%, 15-JAN-2030","2030-01-15-912828Z37"
"2026-10-05T0505","91282CGJ4","Bond","3.50000","2030-01-31","95.51900","95.53500","semi-annually","UNITED STATES TREAS SER G-2030, 3.500%, 31-JAN-2030","2030-01-31-91282CGJ4"
"2026-10-05T0505","91282CMG3","Bond","4.25000","2030-01-31","97.78900","97.80300","semi-annually","UNITED STATES TREAS SER U-2030, 4.250%, 31-JAN-2030","2030-01-31-91282CMG3"
"2026-10-05T0505","912821DV4","STRIP","","2030-02-15","84.77300","84.89000","","U S TREAS NT STRIPPED PRIN PMT, 0.000%, 15-FEB-2030","2030-02-15-912821DV4"
"2026-10-05T0505","912828Z94","Bond","1.50000","2030-02-15","89.35500","89.37300","semi-annually","UNITED STATES TREAS NTS NOTE, 1.500%, 15-FEB-2030","2030-02-15-912828Z94"
"2026-10-05T0505","912833XX3","STRIP","","2030-02-15","84.50500","84.60700","","U S TREAS SEC STRIPPED INT PMT, 0.000%, 15-FEB-2030","2030-02-15-912833XX3"
"2026-10-05T0505","91282CGQ8","Bond","4.00000","2030-02-28","96.98000","96.99100","semi-annually","UNITED STATES TREAS SER H-2030, 4.000%, 28-FEB-2030","2030-02-28-91282CGQ8"
"2026-10-05T0505","91282CGS4","Bond","3.62500","2030-03-31","95.68900","95.70200","semi-annually","UNITED STATES TREAS SER J-2030, 3.625%, 31-MAR-2030","2030-03-31-91282CGS4"
"2026-10-05T0505","91282CMU2","Bond","4.00000","2030-03-31","96.87500","96.89100","semi-annually","UNITED STATES TREAS SER W-2030, 4.000%, 31-MAR-2030","2030-03-31-91282CMU2"
"2026-10-05T0505","91282CNB3","TIPS","1.62500","2030-04-15","96.60400","96.63700","semi-annually","UNITED STATES TREAS NTS SER X-2030, 1.625%, 15-APR-2030","2030-04-15-91282CNB3"
"2026-10-05T0505","91282CGZ8","Bond","3.50000","2030-04-30","95.16400","95.18800","semi-annually","UNITED STATES TREAS SER K-2030, 3.500%, 30-APR-2030","2030-04-30-91282CGZ8"
"2026-10-05T0505","91282CMZ1","Bond","3.87500","2030-04-30","96.38700","96.40600","semi-annually","UNITED STATES TREAS SER Y-2030, 3.875%, 30-APR-2030","2030-04-30-91282CMZ1"
"2026-10-05T0505","912803CH4","Bond","","2030-05-15","83.67200","83.77200","","UNITED STATES TREAS BD STRIPP ZERO CPN, 0.000%, 15-MAY-2030","2030-05-15-912803CH4"
"2026-10-05T0505","912810FM5","Bond","6.25000","2030-05-15","104.13100","104.35200","semi-annually","UNITED STATES TREAS BDS, 6.250%, 15-MAY-2030","2030-05-15-912810FM5"
"2026-10-05T0505","912821EK7","STRIP","","2030-05-15","83.47300","84.44500","","U S TREAS NT STRIPPED PRIN PMT, 0.000%, 15-MAY-2030","2030-05-15-912821EK7"
"2026-10-05T0505","912828ZQ6","Bond","0.62500","2030-05-15","85.72000","85.74300","semi-annually","UNITED STATES TREAS SER C-2030, 0.625%, 15-MAY-2030","2030-05-15-912828ZQ6"
"2026-10-05T0505","912833XU9","STRIP","","2030-05-15","83.43900","83.54300","","U S TREAS SEC STRIPPED INT PMT, 0.000%, 15-MAY-2030","2030-05-15-912833XU9"
"2026-10-05T0505","91282CHF1","Bond","3.75000","2030-05-31","95.87300","95.89300","semi-annually","UNITED STATES TREAS SER L-2030, 3.750%, 31-MAY-2030","2030-05-31-91282CHF1"
"2026-10-05T0505","91282CNG2","Bond","4.00000","2030-05-31","96.69300","96.71000","semi-annually","UNITED STATES TREAS SER Z-2030, 4.000%, 31-MAY-2030","2030-05-31-91282CNG2"
"2026-10-05T0505","91282CHJ3","Bond","3.75000","2030-06-30","95.76500","95.78200","semi-annually","UNITED STATES TREAS SER M-2030, 3.750%, 30-JUN-2030","2030-06-30-91282CHJ3"
"2026-10-05T0505","91282CNK3","Bond","3.87500","2030-06-30","96.18900","96.20800","semi-annually","UNITED STATES TREAS SER AA-2030, 3.875%, 30-JUN-2030","2030-06-30-91282CNK3"
"2026-10-05T0505","912828ZZ6","TIPS","0.12500","2030-07-15","91.49500","91.52700","semi-annually","UNITED STATES TREAS NTS SER D-2030, 0.125%, 15-JUL-2030","2030-07-15-912828ZZ6"
"2026-10-05T0505","91282CHR5","Bond","4.00000","2030-07-31","96.52700","96.54400","semi-annually","UNITED STATES TREAS SER N-2030, 4.000%, 31-JUL-2030","2030-07-31-91282CHR5"
"2026-10-05T0505","91282CNN7","Bond","3.87500","2030-07-31","96.10100","96.11400","semi-annually","UNITED STATES TREAS SER AB-2030, 3.875%, 31-JUL-2030","2030-07-31-91282CNN7"
"2026-10-05T0505","912821EZ4","STRIP","","2030-08-15","82.60200","82.73000","","U S TREAS NT STRIPPED PRIN PMT, 0.000%, 15-AUG-2030","2030-08-15-912821EZ4"
"2026-10-05T0505","91282CAE1","Bond","0.62500","2030-08-15","84.76700","84.79300","semi-annually","UNITED STATES TREAS SER E-2030, 0.625%, 15-AUG-2030","2030-08-15-91282CAE1"
"2026-10-05T0505","912833XY1","STRIP","","2030-08-15","82.33900","82.42200","","U S TREAS SEC STRIPPED INT PMT, 0.000%, 15-AUG-2030","2030-08-15-912833XY1"
"2026-10-05T0505","91282CHW4","Bond","4.12500","2030-08-31","96.86100","96.87700","semi-annually","UNITED STATES TREAS SER P-2030, 4.125%, 31-AUG-2030","2030-08-31-91282CHW4"
"2026-10-05T0505","91282CNX5","Bond","3.62500","2030-08-31","95.11300","95.12900","semi-annually","UNITED STATES TREAS SER AC-2030, 3.625%, 31-AUG-2030","2030-08-31-91282CNX5"
"2026-10-05T0505","91282CHZ7","Bond","4.62500","2030-09-30","98.60200","98.61700","semi-annually","UNITED STATES TREAS SER Q-2030, 4.625%, 30-SEP-2030","2030-09-30-91282CHZ7"
"2026-10-05T0505","91282CPA3","Bond","3.62500","2030-09-30","95.02700","95.04300","semi-annually","UNITED STATES TREAS SER AD-2030, 3.625%, 30-SEP-2030","2030-09-30-91282CPA3"
"2026-10-05T0505","91282CPH8","TIPS","1.12500","2030-10-15","94.63700","94.66600","semi-annually","UNITED STATES TREAS NTS SER AE-2030, 1.125%, 15-OCT-2030","2030-10-15-91282CPH8"
"2026-10-05T0505","91282CJG7","Bond","4.87500","2030-10-31","99.47200","99.49400","semi-annually","UNITED STATES TREAS SER R-2030, 4.875%, 31-OCT-2030","2030-10-31-91282CJG7"
"2026-10-05T0505","91282CPD7","Bond","3.62500","2030-10-31","94.90800","94.92500","semi-annually","UNITED STATES TREAS SER AF-2030, 3.625%, 31-OCT-2030","2030-10-31-91282CPD7"
"2026-10-05T0505","912821FP5","STRIP","","2030-11-15","81.55500","81.69000","","U S TREAS NT STRIPPED PRIN PMT, 0.000%, 15-NOV-2030","2030-11-15-912821FP5"
"2026-10-05T0505","91282CAV3","Bond","0.87500","2030-11-15","84.75400","84.77800","semi-annually","UNITED STATES TREAS SER F-2030, 0.875%, 15-NOV-2030","2030-11-15-91282CAV3"
"2026-10-05T0505","9128337N4","STRIP","","2030-11-15","81.21000","81.33100","","U S TREAS SEC STRIPPED INT PMT, 0.000%, 15-NOV-2030","2030-11-15-9128337N4"
"2026-10-05T0505","91282CJM4","Bond","4.37500","2030-11-30","97.57700","97.59500","semi-annually","UNITED STATES TREAS SER S-2030, 4.375%, 30-NOV-2030","2030-11-30-91282CJM4"
"2026-10-05T0505","91282CPN5","Bond","3.50000","2030-11-30","94.31200","94.33200","semi-annually","UNITED STATES TREAS SER AG-2030, 3.500%, 30-NOV-2030","2030-11-30-91282CPN5"
"2026-10-05T0505","91282CJQ5","Bond","3.75000","2030-12-31","95.15200","95.17200","semi-annually","UNITED STATES TREAS SER T-2030, 3.750%, 31-DEC-2030","2030-12-31-91282CJQ5"
"2026-10-05T0505","91282CPR6","Bond","3.62500","2030-12-31","94.68400","94.69900","semi-annually","UNITED STATES TREAS SER AH-2030, 3.625%, 31-DEC-2030","2030-12-31-91282CPR6"
"2026-10-05T0505","91282CBF7","TIPS","0.12500","2031-01-15","90.03200","90.07700","semi-annually","UNITED STATES TREAS NTS SER A-2031, 0.125%, 15-JAN-2031","2031-01-15-91282CBF7"
"2026-10-05T0505","91282CJX0","Bond","4.00000","2031-01-31","96.01600","96.03500","semi-annually","UNITED STATES TREAS SER G-2031, 4.000%, 31-JAN-2031","2031-01-31-91282CJX0"
"2026-10-05T0505","91282CPW5","Bond","3.75000","2031-01-31","95.05000","95.06900","semi-annually","UNITED STATES TREAS SER U-2031, 3.750%, 31-JAN-2031","2031-01-31-91282CPW5"
"2026-10-05T0505","912803CK7","Bond","","2031-02-15","80.60800","80.72000","","UNITED STATES TREAS BD STRIPP ZERO CPN, 0.000%, 15-FEB-2031","2031-02-15-912803CK7"
"2026-10-05T0505","912810FP8","Bond","5.37500","2031-02-15","101.39200","101.57500","semi-annually","UNITED STATES TREAS BDS, 5.375%, 15-FEB-2031","2031-02-15-912810FP8"
"2026-10-05T0505","912821GD1","STRIP","","2031-02-15","80.13700","81.41000","","U S TREAS NT STRIPPED PRIN PMT, 0.000%, 15-FEB-2031","2031-02-15-912821GD1"
"2026-10-05T0505","91282CBL4","Bond","1.12500","2031-02-15","84.94700","84.96200","semi-annually","UNITED STATES TREAS SER B-2031, 1.125%, 15-FEB-2031","2031-02-15-91282CBL4"
"2026-10-05T0505","912833XZ8","STRIP","","2031-02-15","80.15000","80.24000","","U S TREAS SEC STRIPPED INT PMT, 0.000%, 15-FEB-2031","2031-02-15-912833XZ8"
"2026-10-05T0505","91282CKC4","Bond","4.25000","2031-02-28","96.93000","96.94500","semi-annually","UNITED STATES TREAS SER H-2031, 4.250%, 28-FEB-2031","2031-02-28-91282CKC4"
"2026-10-05T0505","91282CQD6","Bond","3.50000","2031-02-28","94.01500","94.02400","semi-annually","UNITED STATES TREAS SER V-2031, 3.500%, 28-FEB-2031","2031-02-28-91282CQD6"
"2026-10-05T0505","91282CKF7","Bond","4.12500","2031-03-31","96.36000","96.37400","semi-annually","UNITED STATES TREAS SER J-2031, 4.125%, 31-MAR-2031","2031-03-31-91282CKF7"
"2026-10-05T0505","91282CQG9","Bond","3.87500","2031-03-31","95.36500","95.37600","semi-annually","UNITED STATES TREAS SER W-2031, 3.875%, 31-MAR-2031","2031-03-31-91282CQG9"
"2026-10-05T0505","91282CQP9","TIPS","1.25000","2031-04-15","94.02400","94.05600","semi-annually","UNITED STATES TREAS NTS SER X-2031, 1.250%, 15-APR-2031","2031-04-15-91282CQP9"
"2026-10-05T0505","91282CKN0","Bond","4.62500","2031-04-30","98.31400","98.33600","semi-annually","UNITED STATES TREAS SER K-2031, 4.625%, 30-APR-2031","2031-04-30-91282CKN0"
"2026-10-05T0505","91282CQK0","Bond","3.87500","2031-04-30","95.28200","95.30000","semi-annually","UNITED STATES TREAS SER Y-2031, 3.875%, 30-APR-2031","2031-04-30-91282CQK0"
"2026-10-05T0505","912821MH5","STRIP","","2031-05-15","79.44600","79.59700","","U S TREAS NT STRIPPED PRIN PMT, 0.000%, 15-MAY-2031","2031-05-15-912821MH5"
"2026-10-05T0505","91282CCB5","Bond","1.62500","2031-05-15","86.08800","86.10600","semi-annually","UNITED STATES TREAS SER C-2031, 1.625%, 15-MAY-2031","2031-05-15-91282CCB5"
"2026-10-05T0505","9128337P9","STRIP","","2031-05-15","79.10700","79.21500","","U S TREAS SEC STRIPPED INT PMT, 0.000%, 15-MAY-2031","2031-05-15-9128337P9"
"2026-10-05T0505","91282CKU4","Bond","4.62500","2031-05-31","98.25400","98.27700","semi-annually","UNITED STATES TREAS SER L-2031, 4.625%, 31-MAY-2031","2031-05-31-91282CKU4"
"2026-10-05T0505","91282CQU8","Bond","4.12500","2031-05-31","96.21200","96.22600","semi-annually","UNITED STATES TREAS SER Z-2031, 4.125%, 31-MAY-2031","2031-05-31-91282CQU8"
"2026-10-05T0505","91282CKW0","Bond","4.25000","2031-06-30","96.65200","96.67200","semi-annually","UNITED STATES TREAS SER M-2031, 4.250%, 30-JUN-2031","2031-06-30-91282CKW0"
"2026-10-05T0505","91282CQX2","Bond","4.12500","2031-06-30","96.14600","96.15800","semi-annually","UNITED STATES TREAS SER AA-2031, 4.125%, 30-JUN-2031","2031-06-30-91282CQX2"
"2026-10-05T0505","91282CCM1","TIPS","0.12500","2031-07-15","89.13700","89.17100","semi-annually","UNITED STATES TREAS NTS SER D-2031, 0.125%, 15-JUL-2031","2031-07-15-91282CCM1"
"2026-10-05T0505","91282CLD1","Bond","4.12500","2031-07-31","96.06400","96.08100","semi-annually","UNITED STATES TREAS SER N-2031, 4.125%, 31-JUL-2031","2031-07-31-91282CLD1"
"2026-10-05T0505","91282CRA1","Bond","4.37500","2031-07-31","97.12700","97.13800","semi-annually","UNITED STATES TREAS SER AB-2031, 4.375%, 31-JUL-2031","2031-07-31-91282CRA1"
"2026-10-05T0505","912821MX0","STRIP","","2031-08-15","78.43200","78.55100","","U S TREAS NT STRIPPED PRIN PMT, 0.000%, 15-AUG-2031","2031-08-15-912821MX0"
"2026-10-05T0505","91282CCS8","Bond","1.25000","2031-08-15","83.75400","83.77000","semi-annually","UNITED STATES TREAS SER E-2031, 1.250%, 15-AUG-2031","2031-08-15-91282CCS8"
"2026-10-05T0505","9128334S6","STRIP","","2031-08-15","78.07700","78.18700","","U S TREAS SEC STRIPPED INT PMT, 0.000%, 15-AUG-2031","2031-08-15-9128334S6"
"2026-10-05T0505","91282CLJ8","Bond","3.75000","2031-08-31","94.37600","94.39400","semi-annually","UNITED STATES TREAS SER P-2031, 3.750%, 31-AUG-2031","2031-08-31-91282CLJ8"
"2026-10-05T0505","91282CRK9","Bond","4.37500","2031-08-31","97.11100","97.12200","semi-annually","UNITED STATES TREAS SER AC-2031, 4.375%, 31-AUG-2031","2031-08-31-91282CRK9"
"2026-10-05T0505","91282CLM1","Bond","3.62500","2031-09-30","93.73100","93.74600","semi-annually","UNITED STATES TREAS SER Q-2031, 3.625%, 30-SEP-2031","2031-09-30-91282CLM1"
"2026-10-05T0505","91282CRN3","Bond","5.00000","2031-09-30","99.79700","99.80300","semi-annually","UNITED STATES TREAS SER AD-2031, 5.000%, 30-SEP-2031","2031-09-30-91282CRN3"
"2026-10-05T0505","91282CLU3","Bond","4.12500","2031-10-31","95.82900","95.84600","semi-annually","UNITED STATES TREAS SER R-2031, 4.125%, 31-OCT-2031","2031-10-31-91282CLU3"
"2026-10-05T0505","912821GU3","STRIP","","2031-11-15","77.34900","77.44800","","U S TREAS NT STRIPPED PRIN PMT, 0.000%, 15-NOV-2031","2031-11-15-912821GU3"
"2026-10-05T0505","91282CDJ7","Bond","1.37500","2031-11-15","83.49600","83.51700","semi-annually","UNITED STATES TREAS SER F-2031, 1.375%, 15-NOV-2031","2031-11-15-91282CDJ7"
"2026-10-05T0505","9128337Q7","STRIP","","2031-11-15","77.02700","77.11900","","U S TREAS SEC STRIPPED INT PMT, 0.000%, 15-NOV-2031","2031-11-15-9128337Q7"
"2026-10-05T0505","91282CLZ2","Bond","4.12500","2031-11-30","95.76100","95.77600","semi-annually","UNITED STATES TREAS SER S-2031, 4.125%, 30-NOV-2031","2031-11-30-91282CLZ2"
"2026-10-05T0505","91282CMC2","Bond","4.50000","2031-12-31","97.38700","97.40600","semi-annually","UNITED STATES TREAS SER T-2031, 4.500%, 31-DEC-2031","2031-12-31-91282CMC2"
"2026-10-05T0505","91282CDX6","TIPS","0.12500","2032-01-15","87.58800","87.62700","semi-annually","UNITED STATES TREAS NTS SER A-2032, 0.125%, 15-JAN-2032","2032-01-15-91282CDX6"
"2026-10-05T0505","91282CMK4","Bond","4.37500","2032-01-31","96.73100","96.74900","semi-annually","UNITED STATES TREAS SER G-2032, 4.375%, 31-JAN-2032","2032-01-31-91282CMK4"
"2026-10-05T0505","912821HJ7","STRIP","","2032-02-15","76.30100","76.42900","","U S TREAS NT STRIPPED PRIN PMT, 0.000%, 15-FEB-2032","2032-02-15-912821HJ7"
"2026-10-05T0505","91282CDY4","Bond","1.87500","2032-02-15","85.04400","85.06700","semi-annually","UNITED STATES TREAS SER B-2032, 1.875%, 15-FEB-2032","2032-02-15-91282CDY4"
"2026-10-05T0505","9128334T4","STRIP","","2032-02-15","75.96500","76.08300","","U S TREAS SEC STRIPPED INT PMT, 0.000%, 15-FEB-2032","2032-02-15-9128334T4"
"2026-10-05T0505","91282CMR9","Bond","4.12500","2032-02-29","95.50300","95.52400","semi-annually","UNITED STATES TREAS SER H-2032, 4.125%, 29-FEB-2032","2032-02-29-91282CMR9"
"2026-10-05T0505","91282CMT5","Bond","4.12500","2032-03-31","95.44100","95.46300","semi-annually","UNITED STATES TREAS SER J-2032, 4.125%, 31-MAR-2032","2032-03-31-91282CMT5"
"2026-10-05T0505","912810FQ6","TIPS","3.37500","2032-04-15","103.49300","103.53900","semi-annually","UNITED STATES TREASURY, 3.375%, 15-APR-2032","2032-04-15-912810FQ6"
"2026-10-05T0505","91282CNA5","Bond","4.00000","2032-04-30","94.76900","94.78400","semi-annually","UNITED STATES TREAS SER K-2032, 4.000%, 30-APR-2032","2032-04-30-91282CNA5"
"2026-10-05T0505","912821HY4","STRIP","","2032-05-15","75.31600","75.40800","","U S TREAS NT STRIPPED PRIN PMT, 0.000%, 15-MAY-2032","2032-05-15-912821HY4"
"2026-10-05T0505","91282CEP2","Bond","2.87500","2032-05-15","89.22200","89.24300","semi-annually","UNITED STATES TREAS SER C-2032, 2.875%, 15-MAY-2032","2032-05-15-91282CEP2"
"2026-10-05T0505","9128337R5","STRIP","","2032-05-15","75.00200","75.08000","","U S TREAS SEC STRIPPED INT PMT, 0.000%, 15-MAY-2032","2032-05-15-9128337R5"
"2026-10-05T0505","91282CNF4","Bond","4.12500","2032-05-31","95.26200","95.28000","semi-annually","UNITED STATES TREAS SER L-2032, 4.125%, 31-MAY-2032","2032-05-31-91282CNF4"
"2026-10-05T0505","91282CNJ6","Bond","4.00000","2032-06-30","94.58000","94.60000","semi-annually","UNITED STATES TREAS SER M-2032, 4.000%, 30-JUN-2032","2032-06-30-91282CNJ6"
"2026-10-05T0505","91282CEZ0","TIPS","0.62500","2032-07-15","89.34200","89.36800","semi-annually","UNITED STATES TREAS NTS SER D-2032, 0.625%, 15-JUL-2032","2032-07-15-91282CEZ0"
"2026-10-05T0505","91282CNR8","Bond","4.00000","2032-07-31","94.46500","94.48300","semi-annually","UNITED STATES TREAS SER N-2032, 4.000%, 31-JUL-2032","2032-07-31-91282CNR8"
"2026-10-05T0505","912821JN6","STRIP","","2032-08-15","74.30500","74.43900","","U S TREAS NT STRIPPED PRIN PMT, 0.000%, 15-AUG-2032","2032-08-15-912821JN6"
"2026-10-05T0505","91282CFF3","Bond","2.75000","2032-08-15","88.14000","88.15900","semi-annually","UNITED STATES TREAS SER E-2032, 2.750%, 15-AUG-2032","2032-08-15-91282CFF3"
"2026-10-05T0505","9128334U1","STRIP","","2032-08-15","73.92700","74.04200","","U S TREAS SEC STRIPPED INT PMT, 0.000%, 15-AUG-2032","2032-08-15-9128334U1"
"2026-10-05T0505","91282CNW7","Bond","3.87500","2032-08-31","93.76200","93.78100","semi-annually","UNITED STATES TREAS SER P-2032, 3.875%, 31-AUG-2032","2032-08-31-91282CNW7"
"2026-10-05T0505","91282CNZ0","Bond","3.87500","2032-09-30","93.66400","93.68400","semi-annually","UNITED STATES TREAS SER Q-2032, 3.875%, 30-SEP-2032","2032-09-30-91282CNZ0"
"2026-10-05T0505","91282CPF2","Bond","3.75000","2032-10-31","92.91600","92.94200","semi-annually","UNITED STATES TREAS SER R-2032, 3.750%, 31-OCT-2032","2032-10-31-91282CPF2"
"2026-10-05T0505","912821KC8","STRIP","","2032-11-15","73.34000","73.44300","","U S TREAS NT STRIPPED PRIN PMT, 0.000%, 15-NOV-2032","2032-11-15-912821KC8"
"2026-10-05T0505","91282CFV8","Bond","4.12500","2032-11-15","94.81000","94.82900","semi-annually","UNITED STATES TREAS SER F-2032, 4.125%, 15-NOV-2032","2032-11-15-91282CFV8"
"2026-10-05T0505","9128337S3","STRIP","","2032-11-15","72.95400","73.02900","","U S TREAS SEC STRIPPED INT PMT, 0.000%, 15-NOV-2032","2032-11-15-9128337S3"
"2026-10-05T0505","91282CPM7","Bond","3.75000","2032-11-30","92.81600","92.83500","semi-annually","UNITED STATES TREAS SER S-2032, 3.750%, 30-NOV-2032","2032-11-30-91282CPM7"
"2026-10-05T0505","91282CPQ8","Bond","3.87500","2032-12-31","93.35500","93.38100","semi-annually","UNITED STATES TREAS SER T-2032, 3.875%, 31-DEC-2032","2032-12-31-91282CPQ8"
"2026-10-05T0505","91282CGK1","TIPS","1.12500","2033-01-15","90.84100","90.86900","semi-annually","UNITED STATES TREAS NTS SER A-2033, 1.125%, 15-JAN-2033","2033-01-15-91282CGK1"
"2026-10-05T0505","91282CPY1","Bond","4.00000","2033-01-31","93.91700","93.94300","semi-annually","UNITED STATES TREAS SER G-2033, 4.000%, 31-JAN-2033","2033-01-31-91282CPY1"
"2026-10-05T0505","912821KS3","STRIP","","2033-02-15","72.34300","72.45800","","U S TREAS NT STRIPPED PRIN PMT, 0.000%, 15-FEB-2033","2033-02-15-912821KS3"
"2026-10-05T0505","91282CGM7","Bond","3.50000","2033-02-15","91.18300","91.20900","semi-annually","UNITED STATES TREAS SER B-2033, 3.500%, 15-FEB-2033","2033-02-15-91282CGM7"
"2026-10-05T0505","9128334V9","STRIP","","2033-02-15","71.94300","72.04400","","U S TREAS SEC STRIPPED INT PMT, 0.000%, 15-FEB-2033","2033-02-15-9128334V9"
"2026-10-05T0505","91282CQC8","Bond","3.75000","2033-02-28","92.51900","92.53500","semi-annually","UNITED STATES TREAS SER H-2033, 3.750%, 28-FEB-2033","2033-02-28-91282CQC8"
"2026-10-05T0505","91282CQF1","Bond","4.25000","2033-03-31","95.13600","95.15400","semi-annually","UNITED STATES TREAS SER J-2033, 4.250%, 31-MAR-2033","2033-03-31-91282CQF1"
"2026-10-05T0505","91282CQN4","Bond","4.12500","2033-04-30","94.35500","94.37100","semi-annually","UNITED STATES TREAS SER K-2033, 4.125%, 30-APR-2033","2033-04-30-91282CQN4"
"2026-10-05T0505","912821LG8","STRIP","","2033-05-15","71.42500","71.50000","","U S TREAS NT STRIPPED PRIN PMT, 0.000%, 15-MAY-2033","2033-05-15-912821LG8"
"2026-10-05T0505","91282CHC8","Bond","3.37500","2033-05-15","90.14400","90.16100","semi-annually","UNITED STATES TREAS SER C-2033, 3.375%, 15-MAY-2033","2033-05-15-91282CHC8"
"2026-10-05T0505","9128337T1","STRIP","","2033-05-15","70.99700","71.08000","","U S TREAS SEC STRIPPED INT PMT, 0.000%, 15-MAY-2033","2033-05-15-9128337T1"
"2026-10-05T0505","91282CQT1","Bond","4.25000","2033-05-31","94.98800","95.00600","semi-annually","UNITED STATES TREAS SER L-2033, 4.250%, 31-MAY-2033","2033-05-31-91282CQT1"
"2026-10-05T0505","91282CQW4","Bond","4.25000","2033-06-30","94.90400","94.91800","semi-annually","UNITED STATES TREAS SER M-2033, 4.250%, 30-JUN-2033","2033-06-30-91282CQW4"
"2026-10-05T0505","91282CHP9","TIPS","1.37500","2033-07-15","91.83200","91.87100","semi-annually","UNITED STATES TREAS NTS SER D-2033, 1.375%, 15-JUL-2033","2033-07-15-91282CHP9"
"2026-10-05T0505","91282CRC7","Bond","4.37500","2033-07-31","95.53300","95.54700","semi-annually","UNITED STATES TREAS SER N-2033, 4.375%, 31-JUL-2033","2033-07-31-91282CRC7"
"2026-10-05T0505","912821LW3","STRIP","","2033-08-15","70.45800","70.55200","","U S TREAS NT STRIPPED PRIN PMT, 0.000%, 15-AUG-2033","2033-08-15-912821LW3"
"2026-10-05T0505","91282CHT1","Bond","3.87500","2033-08-15","92.63300","92.65200","semi-annually","UNITED STATES TREAS SER E-2033, 3.875%, 15-AUG-2033","2033-08-15-91282CHT1"
"2026-10-05T0505","9128334W7","STRIP","","2033-08-15","69.96400","70.04900","","U S TREAS SEC STRIPPED INT PMT, 0.000%, 15-AUG-2033","2033-08-15-9128334W7"
"2026-10-05T0505","91282CRJ2","Bond","4.50000","2033-08-31","96.22000","96.23300","semi-annually","UNITED STATES TREAS SER P-2033, 4.500%, 31-AUG-2033","2033-08-31-91282CRJ2"
"2026-10-05T0505","91282CRM5","Bond","5.00000","2033-09-30","99.07100","99.07800","semi-annually","UNITED STATES TREAS SER Q-2033, 5.000%, 30-SEP-2033","2033-09-30-91282CRM5"
"2026-10-05T0505","912821NP6","STRIP","","2033-11-15","69.47300","69.58100","","U S TREAS NT STRIPPED PRIN PMT, 0.000%, 15-NOV-2033","2033-11-15-912821NP6"
"2026-10-05T0505","91282CJJ1","Bond","4.50000","2033-11-15","96.03900","96.05400","semi-annually","UNITED STATES TREAS SER F-2033, 4.500%, 15-NOV-2033","2033-11-15-91282CJJ1"
"2026-10-05T0505","9128337U8","STRIP","","2033-11-15","69.05000","69.17000","","U S TREAS SEC STRIPPED INT PMT, 0.000%, 15-NOV-2033","2033-11-15-9128337U8"
"2026-10-05T0505","91282CJY8","TIPS","1.75000","2034-01-15","93.24500","93.27900","semi-annually","UNITED STATES TREAS NTS SER A-2034, 1.750%, 15-JAN-2034","2034-01-15-91282CJY8"
"2026-10-05T0505","912821PD1","STRIP","","2034-02-15","68.48800","68.58800","","U S TREAS NT STRIPPED PRIN PMT, 0.000%, 15-FEB-2034","2034-02-15-912821PD1"
"2026-10-05T0505","91282CJZ5","Bond","4.00000","2034-02-15","92.78400","92.80200","semi-annually","UNITED STATES TREAS SER B-2034, 4.000%, 15-FEB-2034","2034-02-15-91282CJZ5"
"2026-10-05T0505","9128334X5","STRIP","","2034-02-15","68.05800","68.16600","","U S TREAS SEC STRIPPED INT PMT, 0.000%, 15-FEB-2034","2034-02-15-9128334X5"
"2026-10-05T0505","912821PT6","STRIP","","2034-05-15","67.60200","67.73000","","U S TREAS NT STRIPPED PRIN PMT, 0.000%, 15-MAY-2034","2034-05-15-912821PT6"
"2026-10-05T0505","91282CKQ3","Bond","4.37500","2034-05-15","94.87500","94.89800","semi-annually","UNITED STATES TREAS SER C-2034, 4.375%, 15-MAY-2034","2034-05-15-91282CKQ3"
"2026-10-05T0505","9128337V6","STRIP","","2034-05-15","67.07100","67.18700","","U S TREAS SEC STRIPPED INT PMT, 0.000%, 15-MAY-2034","2034-05-15-9128337V6"
"2026-10-05T0505","91282CLE9","TIPS","1.87500","2034-07-15","93.76700","93.79900","semi-annually","UNITED STATES TREAS NTS SER D-2034, 1.875%, 15-JUL-2034","2034-07-15-91282CLE9"
"2026-10-05T0505","912821QH1","STRIP","","2034-08-15","66.66700","66.76600","","U S TREAS NT STRIPPED PRIN PMT, 0.000%, 15-AUG-2034","2034-08-15-912821QH1"
"2026-10-05T0505","91282CLF6","Bond","3.87500","2034-08-15","91.45300","91.46800","semi-annually","UNITED STATES TREAS SER E-2034, 3.875%, 15-AUG-2034","2034-08-15-91282CLF6"
"2026-10-05T0505","9128334Y3","STRIP","","2034-08-15","66.17100","66.26200","","U S TREAS SEC STRIPPED INT PMT, 0.000%, 15-AUG-2034","2034-08-15-9128334Y3"
"2026-10-05T0505","912821QX6","STRIP","","2034-11-15","65.73900","65.89800","","U S TREAS NT STRIPPED PRIN PMT, 0.000%, 15-NOV-2034","2034-11-15-912821QX6"
"2026-10-05T0505","91282CLW9","Bond","4.25000","2034-11-15","93.63000","93.64900","semi-annually","UNITED STATES TREAS SER F-2034, 4.250%, 15-NOV-2034","2034-11-15-91282CLW9"
"2026-10-05T0505","9128337W4","STRIP","","2034-11-15","65.22800","65.35400","","U S TREAS SEC STRIPPED INT PMT, 0.000%, 15-NOV-2034","2034-11-15-9128337W4"
"2026-10-05T0505","91282CML2","TIPS","2.12500","2035-01-15","94.70100","94.72700","semi-annually","UNITED STATES TREAS NTS SER A-2035, 2.125%, 15-JAN-2035","2035-01-15-91282CML2"
"2026-10-05T0505","912821RM9","STRIP","","2035-02-15","64.79900","64.92100","","U S TREAS NT STRIPPED PRIN PMT, 0.000%, 15-FEB-2035","2035-02-15-912821RM9"
"2026-10-05T0505","91282CMM0","Bond","4.62500","2035-02-15","95.91200","95.93400","semi-annually","UNITED STATES TREAS SER B-2035, 4.625%, 15-FEB-2035","2035-02-15-91282CMM0"
"2026-10-05T0505","9128334Z0","STRIP","","2035-02-15","64.23600","64.40900","","U S TREAS SEC STRIPPED INT PMT, 0.000%, 15-FEB-2035","2035-02-15-9128334Z0"
"2026-10-05T0505","912821SB2","STRIP","","2035-05-15","63.90900","64.03400","","U S TREAS NT STRIPPED PRIN PMT, 0.000%, 15-MAY-2035","2035-05-15-912821SB2"
"2026-10-05T0505","91282CNC1","Bond","4.25000","2035-05-15","93.18300","93.20800","semi-annually","UNITED STATES TREAS SER C-2035, 4.250%, 15-MAY-2035","2035-05-15-91282CNC1"
"2026-10-05T0505","912833X88","STRIP","","2035-05-15","63.43700","63.54900","","U S TREAS SEC STRIPPED INT PMT, 0.000%, 15-MAY-2035","2035-05-15-912833X88"
"2026-10-05T0505","91282CNS6","TIPS","1.87500","2035-07-15","92.48700","92.51200","semi-annually","UNITED STATES TREAS NTS SER D-2035, 1.875%, 15-JUL-2035","2035-07-15-91282CNS6"
"2026-10-05T0505","912821SR7","STRIP","","2035-08-15","63.04000","63.17500","","U S TREAS NT STRIPPED PRIN PMT, 0.000%, 15-AUG-2035","2035-08-15-912821SR7"
"2026-10-05T0505","91282CNT4","Bond","4.25000","2035-08-15","92.96000","92.98100","semi-annually","UNITED STATES TREAS SER E-2035, 4.250%, 15-AUG-2035","2035-08-15-91282CNT4"
"2026-10-05T0505","9128335A4","STRIP","","2035-08-15","62.46900","62.61400","","U S TREAS SEC STRIPPED INT PMT, 0.000%, 15-AUG-2035","2035-08-15-9128335A4"
"2026-10-05T0505","912821TF2","STRIP","","2035-11-15","62.13000","62.31200","","U S TREAS NT STRIPPED PRIN PMT, 0.000%, 15-NOV-2035","2035-11-15-912821TF2"
"2026-10-05T0505","91282CPJ4","Bond","4.00000","2035-11-15","90.94700","90.95400","semi-annually","UNITED STATES TREAS SER F-2035, 4.000%, 15-NOV-2035","2035-11-15-91282CPJ4"
"2026-10-05T0505","912833X96","STRIP","","2035-11-15","61.59800","61.70100","","U S TREAS SEC STRIPPED INT PMT, 0.000%, 15-NOV-2035","2035-11-15-912833X96"
"2026-10-05T0505","91282CPU9","TIPS","1.87500","2036-01-15","91.61300","91.64700","semi-annually","UNITED STATES TREAS NTS SER A-2036, 1.875%, 15-JAN-2036","2036-01-15-91282CPU9"
"2026-10-05T0505","912803CX9","Bond","","2036-02-15","62.19200","62.29000","","UNITED STATES TREAS BD STRIPP ZERO CPN, 0.000%, 15-FEB-2036","2036-02-15-912803CX9"
"2026-10-05T0505","912810FT0","Bond","4.50000","2036-02-15","95.24200","95.33300","semi-annually","UNITED STATES TREAS SER BONDS OF FEBRUARY 2036, 4.500%, 15-FEB-2036","2036-02-15-912810FT0"
"2026-10-05T0505","91282CPZ8","Bond","4.12500","2036-02-15","91.64400","91.65600","semi-annually","UNITED STATES TREAS SER B-2036, 4.125%, 15-FEB-2036","2036-02-15-91282CPZ8"
"2026-10-05T0505","9128335B2","STRIP","","2036-02-15","60.76600","60.93600","","U S TREAS SEC STRIPPED INT PMT, 0.000%, 15-FEB-2036","2036-02-15-9128335B2"
"2026-10-05T0505","912821UK9","STRIP","","2036-05-15","60.56400","60.65200","","U S TREAS NT STRIPPED PRIN PMT, 0.000%, 15-MAY-2036","2036-05-15-912821UK9"
"2026-10-05T0505","91282CQQ7","Bond","4.37500","2036-05-15","93.29600","93.30900","semi-annually","UNITED STATES TREAS SER C-2036, 4.375%, 15-MAY-2036","2036-05-15-91282CQQ7"
"2026-10-05T0505","912833Y20","STRIP","","2036-05-15","59.89800","60.05100","","U S TREAS SEC STRIPPED INT PMT, 0.000%, 15-MAY-2036","2036-05-15-912833Y20"
"2026-10-05T0505","91282CRE3","TIPS","2.37500","2036-07-15","95.48800","95.51800","semi-annually","UNITED STATES TREAS NTS SER D-2036, 2.375%, 15-JUL-2036","2036-07-15-91282CRE3"
"2026-10-05T0505","91282CRF0","Bond","4.62500","2036-08-15","95.07000","95.07800","semi-annually","UNITED STATES TREAS NTS, 4.625%, 15-AUG-2036","2036-08-15-91282CRF0"
"2026-10-05T0505","9128337E4","STRIP","","2036-08-15","59.08100","59.22100","","U S TREAS SEC STRIPPED INT PMT, 0.000%, 15-AUG-2036","2036-08-15-9128337E4"
"2026-10-05T0505","912833Y38","STRIP","","2036-11-15","58.27600","58.40600","","U S TREAS SEC STRIPPED INT PMT, 0.000%, 15-NOV-2036","2036-11-15-912833Y38"
"2026-10-05T0505","912803CZ4","Bond","","2037-02-15","58.79300","58.91000","","UNITED STATES TREAS BD STRIPP ZERO CPN, 0.000%, 15-FEB-2037","2037-02-15-912803CZ4"
"2026-10-05T0505","912810PT9","Bond","4.75000","2037-02-15","96.38600","96.46500","semi-annually","UNITED STATES TREAS BDS, 4.750%, 15-FEB-2037","2037-02-15-912810PT9"
"2026-10-05T0505","9128337F1","STRIP","","2037-02-15","57.39600","57.53600","","U S TREAS SEC STRIPPED INT PMT, 0.000%, 15-FEB-2037","2037-02-15-9128337F1"
"2026-10-05T0505","912803DA8","Bond","","2037-05-15","58.00800","58.12700","","UNITED STATES TREAS BD STRIPP ZERO CPN, 0.000%, 15-MAY-2037","2037-05-15-912803DA8"
"2026-10-05T0505","912810PU6","Bond","5.00000","2037-05-15","98.31900","98.41100","semi-annually","UNITED STATES TREAS BDS, 5.000%, 15-MAY-2037","2037-05-15-912810PU6"
"2026-10-05T0505","912833Y46","STRIP","","2037-05-15","56.55600","56.69700","","U S TREAS SEC STRIPPED INT PMT, 0.000%, 15-MAY-2037","2037-05-15-912833Y46"
"2026-10-05T0505","912833Z52","STRIP","","2037-08-15","55.72400","55.82600","","U S TREAS SEC STRIPPED INT PMT, 0.000%, 15-AUG-2037","2037-08-15-912833Z52"
"2026-10-05T0505","912834AD0","STRIP","","2037-11-15","54.83300","54.96200","","U S TREAS SEC STRIPPED INT PMT, 0.000%, 15-NOV-2037","2037-11-15-912834AD0"
"2026-10-05T0505","912803DC4","Bond","","2038-02-15","55.67200","55.79100","","UNITED STATES TREAS BD STRIPP ZERO CPN, 0.000%, 15-FEB-2038","2038-02-15-912803DC4"
"2026-10-05T0505","912810PW2","Bond","4.37500","2038-02-15","92.69100","92.78600","semi-annually","UNITED STATES TREAS BDS, 4.375%, 15-FEB-2038","2038-02-15-912810PW2"
"2026-10-05T0505","912833Z60","STRIP","","2038-02-15","54.08700","54.23100","","U S TREAS SEC STRIPPED INT PMT, 0.000%, 15-FEB-2038","2038-02-15-912833Z60"
"2026-10-05T0505","912803DD2","Bond","","2038-05-15","54.69300","54.79900","","UNITED STATES TREAS BD STRIPP ZERO CPN, 0.000%, 15-MAY-2038","2038-05-15-912803DD2"
"2026-10-05T0505","912810PX0","Bond","4.50000","2038-05-15","93.36400","93.44900","semi-annually","UNITED STATES TREAS BDS, 4.500%, 15-MAY-2038","2038-05-15-912810PX0"
"2026-10-05T0505","912834AE8","STRIP","","2038-05-15","53.18000","53.32400","","U S TREAS SEC STRIPPED INT PMT, 0.000%, 15-MAY-2038","2038-05-15-912834AE8"
"2026-10-05T0505","912834AT5","STRIP","","2038-08-15","52.38900","52.53600","","U S TREAS SEC STRIPPED INT PMT, 0.000%, 15-AUG-2038","2038-08-15-912834AT5"
"2026-10-05T0505","912834DU9","STRIP","","2038-11-15","51.57300","51.70600","","U S TREAS SEC STRIPPED INT PMT, 0.000%, 15-NOV-2038","2038-11-15-912834DU9"
"2026-10-05T0505","912803DF7","Bond","","2039-02-15","52.25800","52.36300","","UNITED STATES TREAS BD STRIPP ZERO CPN, 0.000%, 15-FEB-2039","2039-02-15-912803DF7"
"2026-10-05T0505","912810QA9","Bond","3.50000","2039-02-15","83.70900","83.76000","semi-annually","UNITED STATES TREAS BDS, 3.500%, 15-FEB-2039","2039-02-15-912810QA9"
"2026-10-05T0505","912834AU2","STRIP","","2039-02-15","50.73100","50.87500","","U S TREAS SEC STRIPPED INT PMT, 0.000%, 15-FEB-2039","2039-02-15-912834AU2"
"2026-10-05T0505","912803DG5","Bond","","2039-05-15","51.16700","51.28400","","UNITED STATES TREAS BD STRIPP ZERO CPN, 0.000%, 15-MAY-2039","2039-05-15-912803DG5"
"2026-10-05T0505","912810QB7","Bond","4.25000","2039-05-15","89.87700","89.94100","semi-annually","UNITED STATES TREAS BDS, 4.250%, 15-MAY-2039","2039-05-15-912810QB7"
"2026-10-05T0505","912834DV7","STRIP","","2039-05-15","49.97700","50.15400","","U S TREAS SEC STRIPPED INT PMT, 0.000%, 15-MAY-2039","2039-05-15-912834DV7"
"2026-10-05T0505","912803DH3","Bond","","2039-08-15","50.25800","50.35600","","UNITED STATES TREAS BD STRIPP ZERO CPN, 0.000%, 15-AUG-2039","2039-08-15-912803DH3"
"2026-10-05T0505","912810QC5","Bond","4.50000","2039-08-15","91.77100","91.83900","semi-annually","UNITED STATES TREAS BDS, 4.500%, 15-AUG-2039","2039-08-15-912810QC5"
"2026-10-05T0505","912834EP9","STRIP","","2039-08-15","49.25400","49.37000","","U S TREAS SEC STRIPPED INT PMT, 0.000%, 15-AUG-2039","2039-08-15-912834EP9"
"2026-10-05T0505","912803DJ9","Bond","","2039-11-15","49.44100","49.54300","","UNITED STATES TREAS BD STRIPP ZERO CPN, 0.000%, 15-NOV-2039","2039-11-15-912803DJ9"
"2026-10-05T0505","912810QD3","Bond","4.37500","2039-11-15","90.31000","90.38500","semi-annually","UNITED STATES TREAS BDS, 4.375%, 15-NOV-2039","2039-11-15-912810QD3"
"2026-10-05T0505","912834EV6","STRIP","","2039-11-15","48.48600","48.63800","","U S TREAS SEC STRIPPED INT PMT, 0.000%, 15-NOV-2039","2039-11-15-912834EV6"
"2026-10-05T0505","912803DK6","Bond","","2040-02-15","48.67700","48.77400","","UNITED STATES TREAS BD STRIPP ZERO CPN, 0.000%, 15-FEB-2040","2040-02-15-912803DK6"
"2026-10-05T0505","912810QE1","Bond","4.62500","2040-02-15","92.44400","92.50900","semi-annually","UNITED STATES TREAS BDS, 4.625%, 15-FEB-2040","2040-02-15-912810QE1"
"2026-10-05T0505","912810QF8","TIPS","2.12500","2040-02-15","89.13700","89.28400","semi-annually","UNITED STATES TREAS BDS, 2.125%, 15-FEB-2040","2040-02-15-912810QF8"
"2026-10-05T0505","912834FB9","STRIP","","2040-02-15","47.69200","47.82200","","U S TREAS SEC STRIPPED INT PMT, 0.000%, 15-FEB-2040","2040-02-15-912834FB9"
"2026-10-05T0505","912803DM2","Bond","","2040-05-15","47.91200","48.00400","","UNITED STATES TREAS BD STRIPP ZERO CPN, 0.000%, 15-MAY-2040","2040-05-15-912803DM2"
"2026-10-05T0505","912810QH4","Bond","4.37500","2040-05-15","89.80000","89.88000","semi-annually","UNITED STATES TREAS BDS, 4.375%, 15-MAY-2040","2040-05-15-912810QH4"
"2026-10-05T0505","912810SR0","Bond","1.12500","2040-05-15","58.50800","58.58400","semi-annually","UNITED STATES TREAS SER BONDS OF MAY 2040, 1.125%, 15-MAY-2040","2040-05-15-912810SR0"
"2026-10-05T0505","912834HV3","STRIP","","2040-05-15","46.92800","47.06900","","U S TREAS SEC STRIPPED INT PMT, 0.000%, 15-MAY-2040","2040-05-15-912834HV3"
"2026-10-05T0505","912803DN0","Bond","","2040-08-15","47.15600","47.25900","","UNITED STATES TREAS BD STRIPP ZERO CPN, 0.000%, 15-AUG-2040","2040-08-15-912803DN0"
"2026-10-05T0505","912810QK7","Bond","3.87500","2040-08-15","84.72000","84.78000","semi-annually","UNITED STATES TREAS BDS, 3.875%, 15-AUG-2040","2040-08-15-912810QK7"
"2026-10-05T0505","912810SQ2","Bond","1.12500","2040-08-15","57.85300","57.91300","semi-annually","UNITED STATES TREAS SER BONDS OF AUGUST 2040, 1.125%, 15-AUG-2040","2040-08-15-912810SQ2"
"2026-10-05T0505","912834JB5","STRIP","","2040-08-15","46.20900","46.32600","","U S TREAS SEC STRIPPED INT PMT, 0.000%, 15-AUG-2040","2040-08-15-912834JB5"
"2026-10-05T0505","912803DP5","Bond","","2040-11-15","46.39300","46.47800","","UNITED STATES TREAS BD STRIPP ZERO CPN, 0.000%, 15-NOV-2040","2040-11-15-912803DP5"
"2026-10-05T0505","912810QL5","Bond","4.25000","2040-11-15","88.06400","88.12400","semi-annually","UNITED STATES TREAS BDS, 4.250%, 15-NOV-2040","2040-11-15-912810QL5"
"2026-10-05T0505","912810ST6","Bond","1.37500","2040-11-15","59.64300","59.71100","semi-annually","UNITED STATES TREAS SER BONDS OF NOVEMBER 2040, 1.375%, 15-NOV-2040","2040-11-15-912810ST6"
"2026-10-05T0505","912834JH2","STRIP","","2040-11-15","45.33800","45.52900","","U S TREAS SEC STRIPPED INT PMT, 0.000%, 15-NOV-2040","2040-11-15-912834JH2"
"2026-10-05T0505","912803DQ3","Bond","","2041-02-15","45.57300","45.67200","","UNITED STATES TREAS BD STRIPP ZERO CPN, 0.000%, 15-FEB-2041","2041-02-15-912803DQ3"
"2026-10-05T0505","912803FW8","Bond","","2041-02-15","45.16700","45.82500","","UNITED STATES TREAS BD STRIPP ZERO CPN, 0.000%, 15-FEB-2041","2041-02-15-912803FW8"
"2026-10-05T0505","912810QN1","Bond","4.75000","2041-02-15","92.66800","92.73100","semi-annually","UNITED STATES TREAS BDS, 4.750%, 15-FEB-2041","2041-02-15-912810QN1"
"2026-10-05T0505","912810QP6","TIPS","2.12500","2041-02-15","87.92600","88.05700","semi-annually","UNITED STATES TREAS BDS, 2.125%, 15-FEB-2041","2041-02-15-912810QP6"
"2026-10-05T0505","912810SW9","Bond","1.87500","2041-02-15","64.03000","64.09500","semi-annually","UNITED STATES TREAS SER BONDS OF FEBRUARY 2041, 1.875%, 15-FEB-2041","2041-02-15-912810SW9"
"2026-10-05T0505","912834JP4","STRIP","","2041-02-15","44.58700","44.73100","","U S TREAS SEC STRIPPED INT PMT, 0.000%, 15-FEB-2041","2041-02-15-912834JP4"
"2026-10-05T0505","912803DS9","Bond","","2041-05-15","44.83600","44.93100","","UNITED STATES TREAS BD STRIPP ZERO CPN, 0.000%, 15-MAY-2041","2041-05-15-912803DS9"
"2026-10-05T0505","912810QQ4","Bond","4.37500","2041-05-15","88.69500","88.75800","semi-annually","UNITED STATES TREAS BDS, 4.375%, 15-MAY-2041","2041-05-15-912810QQ4"
"2026-10-05T0505","912810SY5","Bond","2.25000","2041-05-15","67.22800","67.30200","semi-annually","UNITED STATES TREAS SER BONDS OF MAY 2041, 2.250%, 15-MAY-2041","2041-05-15-912810SY5"
"2026-10-05T0505","912834KH0","STRIP","","2041-05-15","43.88700","44.03300","","U S TREAS SEC STRIPPED INT PMT, 0.000%, 15-MAY-2041","2041-05-15-912834KH0"
"2026-10-05T0505","912803DT7","Bond","","2041-08-15","44.12300","44.22800","","UNITED STATES TREAS BD STRIPP ZERO CPN, 0.000%, 15-AUG-2041","2041-08-15-912803DT7"
"2026-10-05T0505","912810QS0","Bond","3.75000","2041-08-15","82.12900","82.18500","semi-annually","UNITED STATES TREAS BDS, 3.750%, 15-AUG-2041","2041-08-15-912810QS0"
"2026-10-05T0505","912810TA6","Bond","1.75000","2041-08-15","61.70300","61.76800","semi-annually","UNITED STATES TREAS SER BONDS OF AUGUST 2041, 1.750%, 15-AUG-2041","2041-08-15-912810TA6"
"2026-10-05T0505","912834KP2","STRIP","","2041-08-15","43.17000","43.31400","","U S TREAS SEC STRIPPED INT PMT, 0.000%, 15-AUG-2041","2041-08-15-912834KP2"
"2026-10-05T0505","912803DU4","Bond","","2041-11-15","43.32200","43.42300","","UNITED STATES TREAS BD STRIPP ZERO CPN, 0.000%, 15-NOV-2041","2041-11-15-912803DU4"
"2026-10-05T0505","912810QT8","Bond","3.12500","2041-11-15","75.31000","75.36900","semi-annually","UNITED STATES TREAS BDS, 3.125%, 15-NOV-2041","2041-11-15-912810QT8"
"2026-10-05T0505","912810TC2","Bond","2.00000","2041-11-15","63.69800","63.77100","semi-annually","UNITED STATES TREAS SER BONDS OF NOVEMBER 2041, 2.000%, 15-NOV-2041","2041-11-15-912810TC2"
"2026-10-05T0505","912834KV9","STRIP","","2041-11-15","42.44400","42.59200","","U S TREAS SEC STRIPPED INT PMT, 0.000%, 15-NOV-2041","2041-11-15-912834KV9"
"2026-10-05T0505","912803DV2","Bond","","2042-02-15","42.48700","42.59200","","UNITED STATES TREAS BD STRIPP ZERO CPN, 0.000%, 15-FEB-2042","2042-02-15-912803DV2"
"2026-10-05T0505","912810QU5","Bond","3.12500","2042-02-15","74.81200","74.87200","semi-annually","UNITED STATES TREAS BDS, 3.125%, 15-FEB-2042","2042-02-15-912810QU5"
"2026-10-05T0505","912810QV3","TIPS","0.75000","2042-02-15","69.92700","70.06400","semi-annually","UNITED STATES TREAS BDS, 0.750%, 15-FEB-2042","2042-02-15-912810QV3"
"2026-10-05T0505","912810TF5","Bond","2.37500","2042-02-15","67.07400","67.12900","semi-annually","UNITED STATES TREAS SER BONDS OF FEBRUARY 2042, 2.375%, 15-FEB-2042","2042-02-15-912810TF5"
"2026-10-05T0505","912834LB2","STRIP","","2042-02-15","41.68000","41.81000","","U S TREAS SEC STRIPPED INT PMT, 0.000%, 15-FEB-2042","2042-02-15-912834LB2"
"2026-10-05T0505","912803DX8","Bond","","2042-05-15","41.83300","41.92900","","UNITED STATES TREAS BD STRIPP ZERO CPN, 0.000%, 15-MAY-2042","2042-05-15-912803DX8"
"2026-10-05T0505","912803GJ6","Bond","","2042-05-15","41.48500","42.69000","","UNITED STATES TREAS BD STRIPP ZERO CPN, 0.000%, 15-MAY-2042","2042-05-15-912803GJ6"
"2026-10-05T0505","912810QW1","Bond","3.00000","2042-05-15","73.18300","73.24100","semi-annually","UNITED STATES TREAS BDS, 3.000%, 15-MAY-2042","2042-05-15-912810QW1"
"2026-10-05T0505","912810TH1","Bond","3.25000","2042-05-15","75.77300","75.81700","semi-annually","UNITED STATES TREAS SER BONDS OF MAY 2042, 3.250%, 15-MAY-2042","2042-05-15-912810TH1"
"2026-10-05T0505","912834LK2","STRIP","","2042-05-15","40.93100","41.13400","","U S TREAS SEC STRIPPED INT PMT, 0.000%, 15-MAY-2042","2042-05-15-912834LK2"
"2026-10-05T0505","912803DY6","Bond","","2042-08-15","41.15600","41.24000","","UNITED STATES TREAS BD STRIPP ZERO CPN, 0.000%, 15-AUG-2042","2042-08-15-912803DY6"
"2026-10-05T0505","912810QX9","Bond","2.75000","2042-08-15","70.12600","70.18700","semi-annually","UNITED STATES TREAS BDS, 2.750%, 15-AUG-2042","2042-08-15-912810QX9"
"2026-10-05T0505","912810TK4","Bond","3.37500","2042-08-15","76.76900","76.82500","semi-annually","UNITED STATES TREAS SER BONDS OF AUGUST 2042, 3.375%, 15-AUG-2042","2042-08-15-912810TK4"
"2026-10-05T0505","912834LR7","STRIP","","2042-08-15","40.35000","40.47100","","U S TREAS SEC STRIPPED INT PMT, 0.000%, 15-AUG-2042","2042-08-15-912834LR7"
"2026-10-05T0505","912803DZ3","Bond","","2042-11-15","40.46100","40.54700","","UNITED STATES TREAS BD STRIPP ZERO CPN, 0.000%, 15-NOV-2042","2042-11-15-912803DZ3"
"2026-10-05T0505","912810QY7","Bond","2.75000","2042-11-15","69.71700","69.76800","semi-annually","UNITED STATES TREAS BDS, 2.750%, 15-NOV-2042","2042-11-15-912810QY7"
"2026-10-05T0505","912810TM0","Bond","4.00000","2042-11-15","83.04400","83.09000","semi-annually","UNITED STATES TREAS SER BONDS OF NOVEMBER 2042, 4.000%, 15-NOV-2042","2042-11-15-912810TM0"
"2026-10-05T0505","912834LX4","STRIP","","2042-11-15","39.57600","39.76300","","U S TREAS SEC STRIPPED INT PMT, 0.000%, 15-NOV-2042","2042-11-15-912834LX4"
"2026-10-05T0505","912803EA7","Bond","","2043-02-15","39.77300","39.86200","","UNITED STATES TREAS BD STRIPP ZERO CPN, 0.000%, 15-FEB-2043","2043-02-15-912803EA7"
"2026-10-05T0505","912810QZ4","Bond","3.12500","2043-02-15","73.30000","73.35200","semi-annually","UNITED STATES TREAS BDS, 3.125%, 15-FEB-2043","2043-02-15-912810QZ4"
"2026-10-05T0505","912810RA8","TIPS","0.62500","2043-02-15","66.59200","66.69600","semi-annually","UNITED STATES TREAS BDS, 0.625%, 15-FEB-2043","2043-02-15-912810RA8"
"2026-10-05T0505","912810TQ1","Bond","3.87500","2043-02-15","81.41600","81.47300","semi-annually","UNITED STATES TREAS SER BONDS OF FEBRUARY 2043, 3.875%, 15-FEB-2043","2043-02-15-912810TQ1"
"2026-10-05T0505","912834MD7","STRIP","","2043-02-15","38.89900","39.07800","","U S TREAS SEC STRIPPED INT PMT, 0.000%, 15-FEB-2043","2043-02-15-912834MD7"
"2026-10-05T0505","912803EC3","Bond","","2043-05-15","39.13600","39.23900","","UNITED STATES TREAS BD STRIPP ZERO CPN, 0.000%, 15-MAY-2043","2043-05-15-912803EC3"
"2026-10-05T0505","912810RB6","Bond","2.87500","2043-05-15","70.30000","70.35500","semi-annually","UNITED STATES TREAS BDS, 2.875%, 15-MAY-2043","2043-05-15-912810RB6"
"2026-10-05T0505","912810TS7","Bond","3.87500","2043-05-15","81.14800","81.19800","semi-annually","UNITED STATES TREAS SER BONDS OF MAY 2043, 3.875%, 15-MAY-2043","2043-05-15-912810TS7"
"2026-10-05T0505","912834MM7","STRIP","","2043-05-15","38.33000","38.51800","","U S TREAS SEC STRIPPED INT PMT, 0.000%, 15-MAY-2043","2043-05-15-912834MM7"
"2026-10-05T0505","912803ED1","Bond","","2043-08-15","38.50400","38.59900","","UNITED STATES TREAS BD STRIPP ZERO CPN, 0.000%, 15-AUG-2043","2043-08-15-912803ED1"
"2026-10-05T0505","912810RC4","Bond","3.62500","2043-08-15","78.12800","78.16400","semi-annually","UNITED STATES TREAS BDS, 3.625%, 15-AUG-2043","2043-08-15-912810RC4"
"2026-10-05T0505","912810TU2","Bond","4.37500","2043-08-15","86.35900","86.39300","semi-annually","UNITED STATES TREAS SER BONDS OF AUGUST 2043, 4.375%, 15-AUG-2043","2043-08-15-912810TU2"
"2026-10-05T0505","912834MT2","STRIP","","2043-08-15","37.69400","37.83800","","U S TREAS SEC STRIPPED INT PMT, 0.000%, 15-AUG-2043","2043-08-15-912834MT2"
"2026-10-05T0505","912803EE9","Bond","","2043-11-15","37.88700","37.97600","","UNITED STATES TREAS BD STRIPP ZERO CPN, 0.000%, 15-NOV-2043","2043-11-15-912803EE9"
"2026-10-05T0505","912810RD2","Bond","3.75000","2043-11-15","79.21300","79.26200","semi-annually","UNITED STATES TREAS BDS, 3.750%, 15-NOV-2043","2043-11-15-912810RD2"
"2026-10-05T0505","912810TW8","Bond","4.75000","2043-11-15","90.31200","90.34800","semi-annually","UNITED STATES TREAS SER BONDS OF NOVEMBER 2043, 4.750%, 15-NOV-2043","2043-11-15-912810TW8"
"2026-10-05T0505","912834MZ8","STRIP","","2043-11-15","37.10200","37.27300","","U S TREAS SEC STRIPPED INT PMT, 0.000%, 15-NOV-2043","2043-11-15-912834MZ8"
"2026-10-05T0505","912803EF6","Bond","","2044-02-15","37.28700","37.38500","","UNITED STATES TREAS BD STRIPP ZERO CPN, 0.000%, 15-FEB-2044","2044-02-15-912803EF6"
"2026-10-05T0505","912810RE0","Bond","3.62500","2044-02-15","77.57400","77.61200","semi-annually","UNITED STATES TREAS SER BONDS OF FEB 2044, 3.625%, 15-FEB-2044","2044-02-15-912810RE0"
"2026-10-05T0505","912810RF7","TIPS","1.37500","2044-02-15","74.61700","74.71800","semi-annually","UNITED STATES TREAS BDS, 1.375%, 15-FEB-2044","2044-02-15-912810RF7"
"2026-10-05T0505","912810TZ1","Bond","4.50000","2044-02-15","87.34300","87.37900","semi-annually","UNITED STATES TREAS SER BONDS OF FEBRUARY 2044, 4.500%, 15-FEB-2044","2044-02-15-912810TZ1"
"2026-10-05T0505","912834NF1","STRIP","","2044-02-15","36.51000","36.63000","","U S TREAS SEC STRIPPED INT PMT, 0.000%, 15-FEB-2044","2044-02-15-912834NF1"
"2026-10-05T0505","912803EH2","Bond","","2044-05-15","36.74300","36.85000","","UNITED STATES TREAS BD STRIPP ZERO CPN, 0.000%, 15-MAY-2044","2044-05-15-912803EH2"
"2026-10-05T0505","912810RG5","Bond","3.37500","2044-05-15","74.58000","74.61600","semi-annually","UNITED STATES TREAS BDS, 3.375%, 15-MAY-2044","2044-05-15-912810RG5"
"2026-10-05T0505","912810UB2","Bond","4.62500","2044-05-15","88.58900","88.63300","semi-annually","UNITED STATES TREAS SER BONDS OF MAY 2044, 4.625%, 15-MAY-2044","2044-05-15-912810UB2"
"2026-10-05T0505","912834NP9","STRIP","","2044-05-15","35.91000","36.07300","","U S TREAS SEC STRIPPED INT PMT, 0.000%, 15-MAY-2044","2044-05-15-912834NP9"
"2026-10-05T0505","912803EJ8","Bond","","2044-08-15","36.17800","36.27100","","UNITED STATES TREAS BD STRIPP ZERO CPN, 0.000%, 15-AUG-2044","2044-08-15-912803EJ8"
"2026-10-05T0505","912810RH3","Bond","3.12500","2044-08-15","71.48600","71.51800","semi-annually","UNITED STATES TREAS BDS, 3.125%, 15-AUG-2044","2044-08-15-912810RH3"
"2026-10-05T0505","912810UD8","Bond","4.12500","2044-08-15","82.73800","82.78600","semi-annually","UNITED STATES TREAS SER BONDS OF AUGUST 2044, 4.125%, 15-AUG-2044","2044-08-15-912810UD8"
"2026-10-05T0505","912834NV6","STRIP","","2044-08-15","35.36600","35.54300","","U S TREAS SEC STRIPPED INT PMT, 0.000%, 15-AUG-2044","2044-08-15-912834NV6"
"2026-10-05T0505","912803EK5","Bond","","2044-11-15","35.62900","35.75300","","UNITED STATES TREAS BD STRIPP ZERO CPN, 0.000%, 15-NOV-2044","2044-11-15-912803EK5"
"2026-10-05T0505","912810RJ9","Bond","3.00000","2044-11-15","69.76700","69.78700","semi-annually","UNITED STATES TREAS BDS, 3.000%, 15-NOV-2044","2044-11-15-912810RJ9"
"2026-10-05T0505","912810UF3","Bond","4.62500","2044-11-15","88.22100","88.25400","semi-annually","UNITED STATES TREAS SER BONDS OF NOVEMBER 2044, 4.625%, 15-NOV-2044","2044-11-15-912810UF3"
"2026-10-05T0505","912834PB8","STRIP","","2044-11-15","34.90600","35.05000","","U S TREAS SEC STRIPPED INT PMT, 0.000%, 15-NOV-2044","2044-11-15-912834PB8"
"2026-10-05T0505","912803EL3","Bond","","2045-02-15","35.11900","35.23100","","UNITED STATES TREAS BD STRIPP ZERO CPN, 0.000%, 15-FEB-2045","2045-02-15-912803EL3"
"2026-10-05T0505","912810RK6","Bond","2.50000","2045-02-15","63.76500","63.80100","semi-annually","UNITED STATES TREAS BDS, 2.500%, 15-FEB-2045","2045-02-15-912810RK6"
"2026-10-05T0505","912810RL4","TIPS","0.75000","2045-02-15","64.57700","64.68000","semi-annually","UNITED STATES TREAS BDS, 0.750%, 15-FEB-2045","2045-02-15-912810RL4"
"2026-10-05T0505","912810UJ5","Bond","4.75000","2045-02-15","89.50400","89.53500","semi-annually","UNITED STATES TREAS SER BONDS OF FEBRUARY 2045, 4.750%, 15-FEB-2045","2045-02-15-912810UJ5"
"2026-10-05T0505","912834PH5","STRIP","","2045-02-15","34.27700","34.43500","","U S TREAS SEC STRIPPED INT PMT, 0.000%, 15-FEB-2045","2045-02-15-912834PH5"
"2026-10-05T0505","912803EN9","Bond","","2045-05-15","34.60800","34.69600","","UNITED STATES TREAS BD STRIPP ZERO CPN, 0.000%, 15-MAY-2045","2045-05-15-912803EN9"
"2026-10-05T0505","912810RM2","Bond","3.00000","2045-05-15","69.25000","69.28800","semi-annually","UNITED STATES TREAS BDS, 3.000%, 15-MAY-2045","2045-05-15-912810RM2"
"2026-10-05T0505","912810UL0","Bond","5.00000","2045-05-15","92.28500","92.32500","semi-annually","UNITED STATES TREAS SER BONDS OF MAY 2045, 5.000%, 15-MAY-2045","2045-05-15-912810UL0"
"2026-10-05T0505","912834KB3","STRIP","","2045-05-15","33.76800","33.92700","","U S TREAS SEC STRIPPED INT PMT, 0.000%, 15-MAY-2045","2045-05-15-912834KB3"
"2026-10-05T0505","912803EP4","Bond","","2045-08-15","34.09500","34.17900","","UNITED STATES TREAS BD STRIPP ZERO CPN, 0.000%, 15-AUG-2045","2045-08-15-912803EP4"
"2026-10-05T0505","912810RN0","Bond","2.87500","2045-08-15","67.52100","67.55200","semi-annually","UNITED STATES TREAS BDS, 2.875%, 15-AUG-2045","2045-08-15-912810RN0"
"2026-10-05T0505","912810UN6","Bond","4.87500","2045-08-15","90.72200","90.75400","semi-annually","UNITED STATES TREAS SER BONDS OF AUGUST 2045, 4.875%, 15-AUG-2045","2045-08-15-912810UN6"
"2026-10-05T0505","912834PM4","STRIP","","2045-08-15","33.27900","33.43100","","U S TREAS SEC STRIPPED INT PMT, 0.000%, 15-AUG-2045","2045-08-15-912834PM4"
"2026-10-05T0505","912803EQ2","Bond","","2045-11-15","33.61400","33.69800","","UNITED STATES TREAS BD STRIPP ZERO CPN, 0.000%, 15-NOV-2045","2045-11-15-912803EQ2"
"2026-10-05T0505","912803HR7","Bond","","2045-11-15","33.53800","33.64600","","UNITED STATES TREAS BD STRIPP ZERO CPN, 0.000%, 15-NOV-2045","2045-11-15-912803HR7"
"2026-10-05T0505","912810RP5","Bond","3.00000","2045-11-15","68.73400","68.77600","semi-annually","UNITED STATES TREAS SER BONDS OF NOVEMBER 2045, 3.000%, 15-NOV-2045","2045-11-15-912810RP5"
"2026-10-05T0505","912810UQ9","Bond","4.62500","2045-11-15","87.72300","87.73500","semi-annually","UNITED STATES TREAS SER BONDS OF NOVEMBER 20, 4.625%, 15-NOV-2045","2045-11-15-912810UQ9"
"2026-10-05T0505","912834PT9","STRIP","","2045-11-15","32.84200","32.94900","","U S TREAS SEC STRIPPED INT PMT, 0.000%, 15-NOV-2045","2045-11-15-912834PT9"
"2026-10-05T0505","912803ER0","Bond","","2046-02-15","33.15100","33.22800","","UNITED STATES TREAS BD STRIPP ZERO CPN, 0.000%, 15-FEB-2046","2046-02-15-912803ER0"
"2026-10-05T0505","912810RQ3","Bond","2.50000","2046-02-15","62.61300","62.64900","semi-annually","UNITED STATES TREAS SER BONDS OF FEBRUARY 2046, 2.500%, 15-FEB-2046","2046-02-15-912810RQ3"
"2026-10-05T0505","912810RR1","TIPS","1.00000","2046-02-15","66.69500","66.78600","semi-annually","UNITED STATES TREAS BDS, 1.000%, 15-FEB-2046","2046-02-15-912810RR1"
"2026-10-05T0505","912810UT3","Bond","4.62500","2046-02-15","87.62100","87.63900","semi-annually","UNITED STATES TREAS SER BONDS OF FEBRUARY 2046, 4.625%, 15-FEB-2046","2046-02-15-912810UT3"
"2026-10-05T0505","912834PZ5","STRIP","","2046-02-15","32.43100","32.50500","","U S TREAS SEC STRIPPED INT PMT, 0.000%, 15-FEB-2046","2046-02-15-912834PZ5"
"2026-10-05T0505","912803ET6","Bond","","2046-05-15","32.66400","32.74600","","UNITED STATES TREAS BD STRIPP ZERO CPN, 0.000%, 15-MAY-2046","2046-05-15-912803ET6"
"2026-10-05T0505","912810RS9","Bond","2.50000","2046-05-15","62.32700","62.36900","semi-annually","UNITED STATES TREAS SER BONDS OF MAY 2046, 2.500%, 15-MAY-2046","2046-05-15-912810RS9"
"2026-10-05T0505","912810UV8","Bond","5.00000","2046-05-15","91.98400","92.00400","semi-annually","UNITED STATES TREAS SER BONDS, 5.000%, 15-MAY-2046","2046-05-15-912810UV8"
"2026-10-05T0505","912834QH4","STRIP","","2046-05-15","31.90600","32.03700","","U S TREAS SEC STRIPPED INT PMT, 0.000%, 15-MAY-2046","2046-05-15-912834QH4"
"2026-10-05T0505","912803EU3","Bond","","2046-08-15","32.22500","32.30900","","UNITED STATES TREAS BD STRIPP ZERO CPN, 0.000%, 15-AUG-2046","2046-08-15-912803EU3"
"2026-10-05T0505","912810RT7","Bond","2.25000","2046-08-15","59.10000","59.12700","semi-annually","UNITED STATES TREAS BOND, 2.250%, 15-AUG-2046","2046-08-15-912810RT7"
"2026-10-05T0505","912810UX4","Bond","5.12500","2046-08-15","93.50700","93.51600","semi-annually","UNITED STATES TREAS SER BONDS, 5.125%, 15-AUG-2046","2046-08-15-912810UX4"
"2026-10-05T0505","912834QP6","STRIP","","2046-08-15","31.47000","31.58700","","U S TREAS SEC STRIPPED INT PMT, 0.000%, 15-AUG-2046","2046-08-15-912834QP6"
"2026-10-05T0505","912803EV1","Bond","","2046-11-15","31.74100","31.82100","","UNITED STATES TREAS BD STRIPP ZERO CPN, 0.000%, 15-NOV-2046","2046-11-15-912803EV1"
"2026-10-05T0505","912810RU4","Bond","2.87500","2046-11-15","66.31300","66.32900","semi-annually","UNITED STATES TREAS SER BONDS OF NOVEMBER 2046, 2.875%, 15-NOV-2046","2046-11-15-912810RU4"
"2026-10-05T0505","912834QV3","STRIP","","2046-11-15","31.03000","31.16300","","U S TREAS SEC STRIPPED INT PMT, 0.000%, 15-NOV-2046","2046-11-15-912834QV3"
"2026-10-05T0505","912803EW9","Bond","","2047-02-15","31.26200","31.35900","","UNITED STATES TREAS BD STRIPP ZERO CPN, 0.000%, 15-FEB-2047","2047-02-15-912803EW9"
"2026-10-05T0505","912810RV2","Bond","3.00000","2047-02-15","67.56200","67.58800","semi-annually","UNITED STATES TREAS SER BONDS OF FEBRUARY 2047, 3.000%, 15-FEB-2047","2047-02-15-912810RV2"
"2026-10-05T0505","912810RW0","TIPS","0.87500","2047-02-15","63.50000","63.60100","semi-annually","UNITED STATES TREAS BDS TIPS, 0.875%, 15-FEB-2047","2047-02-15-912810RW0"
"2026-10-05T0505","912834RB6","STRIP","","2047-02-15","30.52900","30.69300","","U S TREAS SEC STRIPPED INT PMT, 0.000%, 15-FEB-2047","2047-02-15-912834RB6"
"2026-10-05T0505","912803EY5","Bond","","2047-05-15","30.81900","30.89700","","UNITED STATES TREAS BD STRIPP ZERO CPN, 0.000%, 15-MAY-2047","2047-05-15-912803EY5"
"2026-10-05T0505","912810RX8","Bond","3.00000","2047-05-15","67.35500","67.37900","semi-annually","UNITED STATES TREAS SER BONDS OF MAY 2047, 3.000%, 15-MAY-2047","2047-05-15-912810RX8"
"2026-10-05T0505","912834RK6","STRIP","","2047-05-15","30.21000","30.32700","","U S TREAS SEC STRIPPED INT PMT, 0.000%, 15-MAY-2047","2047-05-15-912834RK6"
"2026-10-05T0505","912803EZ2","Bond","","2047-08-15","30.37600","30.46500","","UNITED STATES TREAS BD STRIPP ZERO CPN, 0.000%, 15-AUG-2047","2047-08-15-912803EZ2"
"2026-10-05T0505","912810RY6","Bond","2.75000","2047-08-15","64.07000","64.09400","semi-annually","UNITED STATES TREAS SER BONDS OF AUGUST 2047, 2.750%, 15-AUG-2047","2047-08-15-912810RY6"
"2026-10-05T0505","912834RR1","STRIP","","2047-08-15","29.80800","29.90300","","U S TREAS SEC STRIPPED INT PMT, 0.000%, 15-AUG-2047","2047-08-15-912834RR1"
"2026-10-05T0505","912803FA6","Bond","","2047-11-15","29.94500","30.03100","","UNITED STATES TREAS BD STRIPP ZERO CPN, 0.000%, 15-NOV-2047","2047-11-15-912803FA6"
"2026-10-05T0505","912810RZ3","Bond","2.75000","2047-11-15","63.84300","63.86600","semi-annually","UNITED STATES TREAS SER BONDS OF NOVEMBER 2047, 2.750%, 15-NOV-2047","2047-11-15-912810RZ3"
"2026-10-05T0505","912834SZ2","STRIP","","2047-11-15","29.38300","29.52300","","U S TREAS SEC STRIPPED INT PMT, 0.000%, 15-NOV-2047","2047-11-15-912834SZ2"
"2026-10-05T0505","912803FB4","Bond","","2048-02-15","29.51800","29.60400","","UNITED STATES TREAS BD STRIPP ZERO CPN, 0.000%, 15-FEB-2048","2048-02-15-912803FB4"
"2026-10-05T0505","912810SA7","Bond","3.00000","2048-02-15","66.71000","66.73100","semi-annually","UNITED STATES TREAS SER BONDS OF FEBRUARY 2048, 3.000%, 15-FEB-2048","2048-02-15-912810SA7"
"2026-10-05T0505","912810SB5","TIPS","1.00000","2048-02-15","64.05500","64.15500","semi-annually","UNITED STATES TREAS BONDS, 1.000%, 15-FEB-2048","2048-02-15-912810SB5"
"2026-10-05T0505","912834TF5","STRIP","","2048-02-15","28.96200","29.08000","","U S TREAS SEC STRIPPED INT PMT, 0.000%, 15-FEB-2048","2048-02-15-912834TF5"
"2026-10-05T0505","912803FD0","Bond","","2048-05-15","29.07700","29.17900","","UNITED STATES TREAS BD STRIPP ZERO CPN, 0.000%, 15-MAY-2048","2048-05-15-912803FD0"
"2026-10-05T0505","912810SC3","Bond","3.12500","2048-05-15","68.05100","68.07600","semi-annually","UNITED STATES TREAS SER BONDS OF MAY 2048, 3.125%, 15-MAY-2048","2048-05-15-912810SC3"
"2026-10-05T0505","912834TP3","STRIP","","2048-05-15","28.43600","28.60700","","U S TREAS SEC STRIPPED INT PMT, 0.000%, 15-MAY-2048","2048-05-15-912834TP3"
"2026-10-05T0505","912803FE8","Bond","","2048-08-15","28.67700","28.76600","","UNITED STATES TREAS BD STRIPP ZERO CPN, 0.000%, 15-AUG-2048","2048-08-15-912803FE8"
"2026-10-05T0505","912810SD1","Bond","3.00000","2048-08-15","66.27900","66.30100","semi-annually","UNITED STATES TREAS SER BONDS OF AUGUST 2048, 3.000%, 15-AUG-2048","2048-08-15-912810SD1"
"2026-10-05T0505","912834TV0","STRIP","","2048-08-15","28.11500","28.26400","","U S TREAS SEC STRIPPED INT PMT, 0.000%, 15-AUG-2048","2048-08-15-912834TV0"
"2026-10-05T0505","912803FF5","Bond","","2048-11-15","28.26300","28.34800","","UNITED STATES TREAS BD STRIPP ZERO CPN, 0.000%, 15-NOV-2048","2048-11-15-912803FF5"
"2026-10-05T0505","912810SE9","Bond","3.37500","2048-11-15","70.82200","70.84100","semi-annually","UNITED STATES TREAS SER BONDS OF NOVEMBER 2048, 3.375%, 15-NOV-2048","2048-11-15-912810SE9"
"2026-10-05T0505","912834UB2","STRIP","","2048-11-15","27.73000","27.85200","","U S TREAS SEC STRIPPED INT PMT, 0.000%, 15-NOV-2048","2048-11-15-912834UB2"
"2026-10-05T0505","912803FG3","Bond","","2049-02-15","27.85600","27.95300","","UNITED STATES TREAS BD STRIPP ZERO CPN, 0.000%, 15-FEB-2049","2049-02-15-912803FG3"
"2026-10-05T0505","912810SF6","Bond","3.00000","2049-02-15","65.88400","65.91100","semi-annually","UNITED STATES TREAS SER BONDS OF FEBRUARY 2049, 3.000%, 15-FEB-2049","2049-02-15-912810SF6"
"2026-10-05T0505","912810SG4","TIPS","1.00000","2049-02-15","63.00100","63.09200","semi-annually","UNITED STATES TREAS BDS, 1.000%, 15-FEB-2049","2049-02-15-912810SG4"
"2026-10-05T0505","912834UH9","STRIP","","2049-02-15","27.32400","27.45200","","U S TREAS SEC STRIPPED INT PMT, 0.000%, 15-FEB-2049","2049-02-15-912834UH9"
"2026-10-05T0505","912803FJ7","Bond","","2049-05-15","27.49500","27.58600","","UNITED STATES TREAS BD STRIPP ZERO CPN, 0.000%, 15-MAY-2049","2049-05-15-912803FJ7"
"2026-10-05T0505","912810SH2","Bond","2.87500","2049-05-15","64.12500","64.16100","semi-annually","UNITED STATES TREAS SER BONDS OF MAY 2049, 2.875%, 15-MAY-2049","2049-05-15-912810SH2"
"2026-10-05T0505","912834UR7","STRIP","","2049-05-15","26.95700","27.11200","","U S TREAS SEC STRIPPED INT PMT, 0.000%, 15-MAY-2049","2049-05-15-912834UR7"
"2026-10-05T0505","912803FK4","Bond","","2049-08-15","27.09300","27.19100","","UNITED STATES TREAS BD STRIPP ZERO CPN, 0.000%, 15-AUG-2049","2049-08-15-912803FK4"
"2026-10-05T0505","912810SJ8","Bond","2.25000","2049-08-15","55.89800","55.94500","semi-annually","UNITED STATES TREAS SER BONDS OF AUGUST 2049, 2.250%, 15-AUG-2049","2049-08-15-912810SJ8"
"2026-10-05T0505","912834UY2","STRIP","","2049-08-15","26.52600","26.70500","","U S TREAS SEC STRIPPED INT PMT, 0.000%, 15-AUG-2049","2049-08-15-912834UY2"
"2026-10-05T0505","912803FL2","Bond","","2049-11-15","26.75700","26.84800","","UNITED STATES TREAS BD STRIPP ZERO CPN, 0.000%, 15-NOV-2049","2049-11-15-912803FL2"
"2026-10-05T0505","912810SK5","Bond","2.37500","2049-11-15","57.31700","57.36800","semi-annually","UNITED STATES TREAS SER BONDS OF NOVEMBER 2049, 2.375%, 15-NOV-2049","2049-11-15-912810SK5"
"2026-10-05T0505","912834VE5","STRIP","","2049-11-15","26.19700","26.36800","","U S TREAS SEC STRIPPED INT PMT, 0.000%, 15-NOV-2049","2049-11-15-912834VE5"
"2026-10-05T0505","912803FM0","Bond","","2050-02-15","26.39200","26.47500","","UNITED STATES TREAS BD STRIPP ZERO CPN, 0.000%, 15-FEB-2050","2050-02-15-912803FM0"
"2026-10-05T0505","912810SL3","Bond","2.00000","2050-02-15","52.27700","52.32200","semi-annually","UNITED STATES TREAS SER BONDS OF FEBRUARY 2050, 2.000%, 15-FEB-2050","2050-02-15-912810SL3"
"2026-10-05T0505","912810SM1","TIPS","0.25000","2050-02-15","49.76500","49.86700","semi-annually","UNITED STATES TREAS BDS, 0.250%, 15-FEB-2050","2050-02-15-912810SM1"
"2026-10-05T0505","912834VM7","STRIP","","2050-02-15","25.92500","26.06800","","U S TREAS SEC STRIPPED INT PMT, 0.000%, 15-FEB-2050","2050-02-15-912834VM7"
"2026-10-05T0505","912803FP3","Bond","","2050-05-15","26.36900","26.46900","","UNITED STATES TREAS BD STRIPP ZERO CPN, 0.000%, 15-MAY-2050","2050-05-15-912803FP3"
"2026-10-05T0505","912810SN9","Bond","1.25000","2050-05-15","42.61100","42.65400","semi-annually","UNITED STATES TREAS SER BONDS OF MAY 2050, 1.250%, 15-MAY-2050","2050-05-15-912810SN9"
"2026-10-05T0505","912834VV7","STRIP","","2050-05-15","25.58000","25.73000","","U S TREAS SEC STRIPPED INT PMT, 0.000%, 15-MAY-2050","2050-05-15-912834VV7"
"2026-10-05T0505","912803FR9","Bond","","2050-08-15","25.82700","25.91800","","UNITED STATES TREAS BD STRIPP ZERO CPN, 0.000%, 15-AUG-2050","2050-08-15-912803FR9"
"2026-10-05T0505","912810SP4","Bond","1.37500","2050-08-15","43.77300","43.81300","semi-annually","UNITED STATES TREAS SER BONDS OF AUGUST 2050, 1.375%, 15-AUG-2050","2050-08-15-912810SP4"
"2026-10-05T0505","912834WC8","STRIP","","2050-08-15","25.17900","25.32300","","U S TREAS SEC STRIPPED INT PMT, 0.000%, 15-AUG-2050","2050-08-15-912834WC8"
"2026-10-05T0505","912803FT5","Bond","","2050-11-15","25.34900","25.44900","","UNITED STATES TREAS BD STRIPP ZERO CPN, 0.000%, 15-NOV-2050","2050-11-15-912803FT5"
"2026-10-05T0505","912810SS8","Bond","1.62500","2050-11-15","46.68000","46.71900","semi-annually","UNITED STATES TREAS SER BONDS OF NOVEMBER 2050, 1.625%, 15-NOV-2050","2050-11-15-912810SS8"
"2026-10-05T0505","912834WJ3","STRIP","","2050-11-15","24.89000","24.99100","","U S TREAS SEC STRIPPED INT PMT, 0.000%, 15-NOV-2050","2050-11-15-912834WJ3"
"2026-10-05T0505","912803FV0","Bond","","2051-02-15","24.96600","25.07000","","UNITED STATES TREAS BD STRIPP ZERO CPN, 0.000%, 15-FEB-2051","2051-02-15-912803FV0"
"2026-10-05T0505","912810SU3","Bond","1.87500","2051-02-15","49.68500","49.71400","semi-annually","UNITED STATES TREAS SER BONDS OF FEBRUARY 2051, 1.875%, 15-FEB-2051","2051-02-15-912810SU3"
"2026-10-05T0505","912810SV1","TIPS","0.12500","2051-02-15","46.40500","46.49200","semi-annually","UNITED STATES TREAS BDS, 0.125%, 15-FEB-2051","2051-02-15-912810SV1"
"2026-10-05T0505","912834WR5","STRIP","","2051-02-15","24.51500","24.66400","","U S TREAS SEC STRIPPED INT PMT, 0.000%, 15-FEB-2051","2051-02-15-912834WR5"
"2026-10-05T0505","912803FY4","Bond","","2051-05-15","24.61100","24.68400","","UNITED STATES TREAS BD STRIPP ZERO CPN, 0.000%, 15-MAY-2051","2051-05-15-912803FY4"
"2026-10-05T0505","912810SX7","Bond","2.37500","2051-05-15","56.07800","56.11800","semi-annually","UNITED STATES TREAS SER BONDS OF MAY 2051, 2.375%, 15-MAY-2051","2051-05-15-912810SX7"
"2026-10-05T0505","912834WZ7","STRIP","","2051-05-15","24.17300","24.29500","","U S TREAS SEC STRIPPED INT PMT, 0.000%, 15-MAY-2051","2051-05-15-912834WZ7"
"2026-10-05T0505","912803GA5","Bond","","2051-08-15","24.28600","24.37500","","UNITED STATES TREAS BD STRIPP ZERO CPN, 0.000%, 15-AUG-2051","2051-08-15-912803GA5"
"2026-10-05T0505","912810SZ2","Bond","2.00000","2051-08-15","50.88600","50.91700","semi-annually","UNITED STATES TREAS SER BONDS OF AUGUST 2051, 2.000%, 15-AUG-2051","2051-08-15-912810SZ2"
"2026-10-05T0505","912834XG8","STRIP","","2051-08-15","23.88600","23.99400","","U S TREAS SEC STRIPPED INT PMT, 0.000%, 15-AUG-2051","2051-08-15-912834XG8"
"2026-10-05T0505","912803GC1","Bond","","2051-11-15","23.97600","24.07200","","UNITED STATES TREAS BD STRIPP ZERO CPN, 0.000%, 15-NOV-2051","2051-11-15-912803GC1"
"2026-10-05T0505","912810TB4","Bond","1.87500","2051-11-15","49.02700","49.05500","semi-annually","UNITED STATES TREAS SER BONDS OF NOVEMBER 2051, 1.875%, 15-NOV-2051","2051-11-15-912810TB4"
"2026-10-05T0505","912834A65","STRIP","","2051-11-15","23.51100","23.65400","","U S TREAS SEC STRIPPED INT PMT, 0.000%, 15-NOV-2051","2051-11-15-912834A65"
"2026-10-05T0505","912803GE7","Bond","","2052-02-15","23.68100","23.74600","","UNITED STATES TREAS BD STRIPP ZERO CPN, 0.000%, 15-FEB-2052","2052-02-15-912803GE7"
"2026-10-05T0505","912810TD0","Bond","2.25000","2052-02-15","53.87800","53.91800","semi-annually","UNITED STATES TREAS SER BONDS OF FEBRUARY 2052, 2.250%, 15-FEB-2052","2052-02-15-912810TD0"
"2026-10-05T0505","912810TE8","TIPS","0.12500","2052-02-15","45.02300","45.12500","semi-annually","UNITED STATES TREAS BDS, 0.125%, 15-FEB-2052","2052-02-15-912810TE8"
"2026-10-05T0505","912834B56","STRIP","","2052-02-15","23.15000","23.31400","","U S TREAS SEC STRIPPED INT PMT, 0.000%, 15-FEB-2052","2052-02-15-912834B56"
"2026-10-05T0505","912803GH0","Bond","","2052-05-15","23.35300","23.44500","","UNITED STATES TREAS BD STRIPP ZERO CPN, 0.000%, 15-MAY-2052","2052-05-15-912803GH0"
"2026-10-05T0505","912810TG3","Bond","2.87500","2052-05-15","62.11700","62.15300","semi-annually","UNITED STATES TREAS SER BONDS OF MAY 2052, 2.875%, 15-MAY-2052","2052-05-15-912810TG3"
"2026-10-05T0505","912834C55","STRIP","","2052-05-15","22.83000","23.05200","","U S TREAS SEC STRIPPED INT PMT, 0.000%, 15-MAY-2052","2052-05-15-912834C55"
"2026-10-05T0505","912803GK3","Bond","","2052-08-15","23.06400","23.14500","","UNITED STATES TREAS BD STRIPP ZERO CPN, 0.000%, 15-AUG-2052","2052-08-15-912803GK3"
"2026-10-05T0505","912810TJ7","Bond","3.00000","2052-08-15","63.65700","63.68700","semi-annually","UNITED STATES TREASURY, 3.000%, 15-AUG-2052","2052-08-15-912810TJ7"
"2026-10-05T0505","912834D47","STRIP","","2052-08-15","22.64100","22.74300","","U S TREAS SEC STRIPPED INT PMT, 0.000%, 15-AUG-2052","2052-08-15-912834D47"
"2026-10-05T0505","912803GM9","Bond","","2052-11-15","22.73100","22.79800","","UNITED STATES TREAS BD STRIPP ZERO CPN, 0.000%, 15-NOV-2052","2052-11-15-912803GM9"
"2026-10-05T0505","912810TL2","Bond","4.00000","2052-11-15","77.11300","77.13800","semi-annually","UNITED STATES TREAS SER BONDS OF NOVEMBER 2052, 4.000%, 15-NOV-2052","2052-11-15-912810TL2"
"2026-10-05T0505","912834F29","STRIP","","2052-11-15","22.35500","22.50500","","U S TREAS SEC STRIPPED INT PMT, 0.000%, 15-NOV-2052","2052-11-15-912834F29"
"2026-10-05T0505","912803GP2","Bond","","2053-02-15","22.51400","22.58600","","UNITED STATES TREAS BD STRIPP ZERO CPN, 0.000%, 15-FEB-2053","2053-02-15-912803GP2"
"2026-10-05T0505","912810TN8","Bond","3.62500","2053-02-15","71.97200","72.00800","semi-annually","UNITED STATES TREAS SER BONDS OF FEBRUARY 2053, 3.625%, 15-FEB-2053","2053-02-15-912810TN8"
"2026-10-05T0505","912810TP3","TIPS","1.50000","2053-02-15","67.50300","67.62000","semi-annually","UNITED STATES TREAS BDS, 1.500%, 15-FEB-2053","2053-02-15-912810TP3"
"2026-10-05T0505","912834F94","STRIP","","2053-02-15","21.94200","22.11900","","U S TREAS SEC STRIPPED INT PMT, 0.000%, 15-FEB-2053","2053-02-15-912834F94"
"2026-10-05T0505","912803GS6","Bond","","2053-05-15","22.19500","22.28400","","UNITED STATES TREAS BD STRIPP ZERO CPN, 0.000%, 15-MAY-2053","2053-05-15-912803GS6"
"2026-10-05T0505","912810TR9","Bond","3.62500","2053-05-15","71.86700","71.91000","semi-annually","UNITED STATES TREAS SER BONDS OF MAY 2053, 3.625%, 15-MAY-2053","2053-05-15-912810TR9"
"2026-10-05T0505","912834G93","STRIP","","2053-05-15","21.79900","21.92000","","U S TREAS SEC STRIPPED INT PMT, 0.000%, 15-MAY-2053","2053-05-15-912834G93"
"2026-10-05T0505","912803GU1","Bond","","2053-08-15","21.93600","22.01800","","UNITED STATES TREAS BD STRIPP ZERO CPN, 0.000%, 15-AUG-2053","2053-08-15-912803GU1"
"2026-10-05T0505","912810TT5","Bond","4.12500","2053-08-15","78.67900","78.71300","semi-annually","UNITED STATES TREAS SER BONDS OF AUGUST 2053, 4.125%, 15-AUG-2053","2053-08-15-912810TT5"
"2026-10-05T0505","912834H84","STRIP","","2053-08-15","21.51500","21.63800","","U S TREAS SEC STRIPPED INT PMT, 0.000%, 15-AUG-2053","2053-08-15-912834H84"
"2026-10-05T0505","912803GW7","Bond","","2053-11-15","21.69600","21.75600","","UNITED STATES TREAS BD STRIPP ZERO CPN, 0.000%, 15-NOV-2053","2053-11-15-912803GW7"
"2026-10-05T0505","912810TV0","Bond","4.75000","2053-11-15","87.29400","87.31600","semi-annually","UNITED STATES TREAS SER BONDS OF NOVEMBER 2053, 4.750%, 15-NOV-2053","2053-11-15-912810TV0"
"2026-10-05T0505","912834J66","STRIP","","2053-11-15","21.17000","21.37100","","U S TREAS SEC STRIPPED INT PMT, 0.000%, 15-NOV-2053","2053-11-15-912834J66"
"2026-10-05T0505","912803GY3","Bond","","2054-02-15","21.43800","21.51700","","UNITED STATES TREAS BD STRIPP ZERO CPN, 0.000%, 15-FEB-2054","2054-02-15-912803GY3"
"2026-10-05T0505","912810TX6","Bond","4.25000","2054-02-15","80.34300","80.37700","semi-annually","UNITED STATES TREAS SER BONDS OF FEBRUARY 2054, 4.250%, 15-FEB-2054","2054-02-15-912810TX6"
"2026-10-05T0505","912810TY4","TIPS","2.12500","2054-02-15","77.78600","77.87200","semi-annually","UNITED STATES TREAS BDS, 2.125%, 15-FEB-2054","2054-02-15-912810TY4"
"2026-10-05T0505","912834K56","STRIP","","2054-02-15","20.84200","21.03100","","U S TREAS SEC STRIPPED INT PMT, 0.000%, 15-FEB-2054","2054-02-15-912834K56"
"2026-10-05T0505","912803HB2","Bond","","2054-05-15","21.22500","21.31300","","UNITED STATES TREAS BD STRIPP ZERO CPN, 0.000%, 15-MAY-2054","2054-05-15-912803HB2"
"2026-10-05T0505","912810UA4","Bond","4.62500","2054-05-15","85.57000","85.60200","semi-annually","UNITED STATES TREAS SER BONDS OF MAY 2054, 4.625%, 15-MAY-2054","2054-05-15-912810UA4"
"2026-10-05T0505","912834XP8","STRIP","","2054-05-15","20.61000","20.77500","","U S TREAS SEC STRIPPED INT PMT, 0.000%, 15-MAY-2054","2054-05-15-912834XP8"
"2026-10-05T0505","912803HD8","Bond","","2054-08-15","20.93400","21.03900","","UNITED STATES TREAS BD STRIPP ZERO CPN, 0.000%, 15-AUG-2054","2054-08-15-912803HD8"
"2026-10-05T0505","912810UC0","Bond","4.25000","2054-08-15","80.28900","80.31900","semi-annually","UNITED STATES TREAS SER BONDS OF AUGUST 2054, 4.250%, 15-AUG-2054","2054-08-15-912810UC0"
"2026-10-05T0505","912834XW3","STRIP","","2054-08-15","20.48500","20.58900","","U S TREAS SEC STRIPPED INT PMT, 0.000%, 15-AUG-2054","2054-08-15-912834XW3"
"2026-10-05T0505","912803HF3","Bond","","2054-11-15","20.67600","20.75600","","UNITED STATES TREAS BD STRIPP ZERO CPN, 0.000%, 15-NOV-2054","2054-11-15-912803HF3"
"2026-10-05T0505","912810UE6","Bond","4.50000","2054-11-15","83.76200","83.79000","semi-annually","UNITED STATES TREAS SER BONDS OF NOVEMBER 2054, 4.500%, 15-NOV-2054","2054-11-15-912810UE6"
"2026-10-05T0505","912834YC6","STRIP","","2054-11-15","20.29700","20.42100","","U S TREAS SEC STRIPPED INT PMT, 0.000%, 15-NOV-2054","2054-11-15-912834YC6"
"2026-10-05T0505","912803HH9","Bond","","2055-02-15","20.49500","20.57300","","UNITED STATES TREAS BD STRIPP ZERO CPN, 0.000%, 15-FEB-2055","2055-02-15-912803HH9"
"2026-10-05T0505","912810UG1","Bond","4.62500","2055-02-15","85.51800","85.54300","semi-annually","UNITED STATES TREAS SER BONDS OF FEBRUARY 2055, 4.625%, 15-FEB-2055","2055-02-15-912810UG1"
"2026-10-05T0505","912810UH9","TIPS","2.37500","2055-02-15","81.88900","81.98000","semi-annually","UNITED STATES TREAS BDS, 2.375%, 15-FEB-2055","2055-02-15-912810UH9"
"2026-10-05T0505","912834YK8","STRIP","","2055-02-15","20.05900","20.26800","","U S TREAS SEC STRIPPED INT PMT, 0.000%, 15-FEB-2055","2055-02-15-912834YK8"
"2026-10-05T0505","912803HL0","Bond","","2055-05-15","20.28500","20.36600","","UNITED STATES TREAS BD STRIPP ZERO CPN, 0.000%, 15-MAY-2055","2055-05-15-912803HL0"
"2026-10-05T0505","912810UK2","Bond","4.75000","2055-05-15","87.30900","87.33200","semi-annually","UNITED STATES TREAS SER BONDS OF MAY 2055, 4.750%, 15-MAY-2055","2055-05-15-912810UK2"
"2026-10-05T0505","912834YT9","STRIP","","2055-05-15","20.04900","20.12500","","U S TREAS SEC STRIPPED INT PMT, 0.000%, 15-MAY-2055","2055-05-15-912834YT9"
"2026-10-05T0505","912803HN6","Bond","","2055-08-15","20.04200","20.12400","","UNITED STATES TREAS BD STRIPP ZERO CPN, 0.000%, 15-AUG-2055","2055-08-15-912803HN6"
"2026-10-05T0505","912810UM8","Bond","4.75000","2055-08-15","87.28600","87.31600","semi-annually","UNITED STATES TREAS SER BONDS OF AUGUST 2055, 4.750%, 15-AUG-2055","2055-08-15-912810UM8"
"2026-10-05T0505","912834ZA9","STRIP","","2055-08-15","19.87100","19.99600","","U S TREAS SEC STRIPPED INT PMT, 0.000%, 15-AUG-2055","2055-08-15-912834ZA9"
"2026-10-05T0505","912803HQ9","Bond","","2055-11-15","19.78900","19.87100","","UNITED STATES TREAS BD STRIPP ZERO CPN, 0.000%, 15-NOV-2055","2055-11-15-912803HQ9"
"2026-10-05T0505","912810UP1","Bond","4.62500","2055-11-15","85.51000","85.53000","semi-annually","UNITED STATES TREAS SER BONDS OF NOVEMBER 2055, 4.625%, 15-NOV-2055","2055-11-15-912810UP1"
"2026-10-05T0505","912834ZG6","STRIP","","2055-11-15","19.92300","20.08000","","U S TREAS SEC STRIPPED INT PMT, 0.000%, 15-NOV-2055","2055-11-15-912834ZG6"
"2026-10-05T0505","912803HS5","Bond","","2056-02-15","19.65200","19.73200","","UNITED STATES TREAS BD STRIPP ZERO CPN, 0.000%, 15-FEB-2056","2056-02-15-912803HS5"
"2026-10-05T0505","912810UR7","Bond","4.75000","2056-02-15","87.36100","87.37800","semi-annually","UNITED STATES TREAS SER BONDS OF FEBRUARY 2056, 4.750%, 15-FEB-2056","2056-02-15-912810UR7"
"2026-10-05T0505","912810US5","TIPS","2.37500","2056-02-15","81.83500","81.90200","semi-annually","UNITED STATES TREAS BDS, 2.375%, 15-FEB-2056","2056-02-15-912810US5"
"2026-10-05T0505","912834ZP6","STRIP","","2056-02-15","19.61500","19.75200","","U S TREAS SEC STRIPPED INT PMT, 0.000%, 15-FEB-2056","2056-02-15-912834ZP6"
"2026-10-05T0505","912803HV8","Bond","","2056-05-15","19.46900","19.55600","","UNITED STATES TREAS BD STRIPP ZERO CPN, 0.000%, 15-MAY-2056","2056-05-15-912803HV8"
"2026-10-05T0505","912810UU0","Bond","5.00000","2056-05-15","91.00100","91.02500","semi-annually","UNITED STATES TREAS SER BONDS, 5.000%, 15-MAY-2056","2056-05-15-912810UU0"
"2026-10-05T0505","912834ZX9","STRIP","","2056-05-15","19.36100","19.62400","","U S TREAS SEC STRIPPED INT PMT, 0.000%, 15-MAY-2056","2056-05-15-912834ZX9"
"2026-10-05T0505","912803HX4","Bond","","2056-08-15","19.23900","19.32200","","UNITED STATES TREAS BD STRIPP ZERO CPN, 0.000%, 15-AUG-2056","2056-08-15-912803HX4"
"2026-10-05T0505","912810UW6","Bond","5.12500","2056-08-15","92.79200","92.81200","semi-annually","UNITED STATES TREAS BDS, 5.125%, 15-AUG-2056","2056-08-15-912810UW6"
"2026-10-05T0505","912834L48","STRIP","","2056-08-15","19.52400","19.77700","","U S TREAS SEC STRIPPED INT PMT, 0.000%, 15-AUG-2056","2056-08-15-912834L48"
